ProductKey,StockCode,Description
1,10002,INFLATABLE POLITICAL GLOBE 
2,10080,GROOVY CACTUS INFLATABLE
3,10120,DOGGY RUBBER
4,10123C,HEARTS WRAPPING TAPE 
5,10124A,SPOTS ON RED BOOKCOVER TAPE
6,10124G,ARMY CAMO BOOKCOVER TAPE
7,10125,MINI FUNKY DESIGN TAPES
8,10133,COLOURING PENCILS BROWN TUBE
9,10135,COLOURING PENCILS BROWN TUBE
10,11001,ASSTD DESIGN RACING CAR PEN
11,15030,FAN BLACK FRAME 
12,15034,PAPER POCKET TRAVELING FAN 
13,15036,ASSORTED COLOURS SILK FAN
14,15039,SANDALWOOD FAN
15,15044A,PINK PAPER PARASOL 
16,15044B,BLUE PAPER PARASOL 
17,15044C,PURPLE PAPER PARASOL
18,15044D,RED PAPER PARASOL
19,15056BL,EDWARDIAN PARASOL BLACK
20,15056N,EDWARDIAN PARASOL NATURAL
21,15056P,EDWARDIAN PARASOL PINK
22,15058A,BLUE POLKADOT GARDEN PARASOL
23,15058B,PINK POLKADOT GARDEN PARASOL
24,15058C,ICE CREAM DESIGN GARDEN PARASOL
25,15060B,FAIRY CAKE DESIGN UMBRELLA
26,16008,SMALL FOLDING SCISSOR(POINTED EDGE)
27,16010,FOLDING CAMPING SCISSOR W/KNIF & S
28,16011,ANIMAL STICKERS
29,16012,FOOD/DRINK SPONGE STICKERS
30,16014,SMALL CHINESE STYLE SCISSOR
31,16015,MEDIUM CHINESE STYLE SCISSOR
32,16016,LARGE CHINESE STYLE SCISSOR
33,16020C,CLEAR STATIONERY BOX SET 
34,16033,MINI HIGHLIGHTER PENS
35,16045,POPART WOODEN PENCILS ASST
36,16046,TEATIME PEN CASE & PENS
37,16048,TEATIME ROUND PENCIL SHARPENER 
38,16052,TEATIME PUSH DOWN RUBBER
39,16054,POPART RECT PENCIL SHARPENER ASST
40,16156L,"WRAP, CAROUSEL"
41,16156S,WRAP PINK FAIRY CAKES 
42,16161G,WRAP BAD HAIR DAY
43,16161M,WRAP  PINK FLOCK
44,16161P,WRAP ENGLISH ROSE 
45,16161U,WRAP SUKI AND FRIENDS
46,16168M,FUNKY MONKEY GIFT BAG MEDIUM
47,16169K,WRAP FOLK ART
48,16169M,WRAP DAISY CARPET 
49,16169N,WRAP BLUE RUSSIAN FOLKART
50,16169P,WRAP GREEN RUSSIAN FOLKART 
51,16202A,PASTEL PINK PHOTO ALBUM 
52,16206B,RED PURSE WITH PINK HEART
53,16207A,PINK STRAWBERRY HANDBAG 
54,16207B,PINK HEART RED HANDBAG
55,16216,LETTER SHAPE PENCIL SHARPENER
56,16218,CARTOON  PENCIL SHARPENERS
57,16219,HOUSE SHAPE PENCIL SHARPENER
58,16225,RATTLE SNAKE EGGS
59,16235,RECYCLED PENCIL WITH RABBIT ERASER
60,16236,KITTY PENCIL ERASERS
61,16237,SLEEPING CAT ERASERS
62,16238,PARTY TIME PENCIL ERASERS
63,16248B,BLUE HOLE PUNCH
64,16258A,SWIRLY CIRCULAR RUBBERS IN BAG
65,16259,PIECE OF CAMO STATIONERY SET
66,17001,HEAVENS SCENT FRAGRANCE OILS ASSTD
67,17003,BROCADE RING PURSE 
68,17007B,S/3 POT POURI CUSHIONS BLUE COLOURS
69,17011F,ORIGAMI SANDLEWOOD INCENSE+FLOWER
70,17012A,ORIGAMI VANILLA INCENSE/CANDLE SET 
71,17012B,ORIGAMI JASMINE INCENSE/CANDLE SET
72,17012C,ORIGAMI LAVENDER INCENSE/CANDL SET 
73,17012D,ORIGAMI ROSE INCENSE/CANDLE SET 
74,17012E,ORIGAMI OPIUM INCENSE/CANDLE SET 
75,17012F,ORIGAMI SANDLEWOOD INCENSE/CAND SET
76,17013D,ORIGAMI ROSE INCENSE IN TUBE
77,17014A,ORIGAMI VANILLA INCENSE CONES
78,17021,NAMASTE SWAGAT INCENSE
79,17028J,INCENSE BAZAAR PEACH
80,17038,PORCELAIN BUDAH INCENSE HOLDER
81,17084A,TRANQUILITY MASALA INCENSE
82,17084J,LOVE POTION MASALA INCENSE
83,17084N,FAIRY DREAMS INCENSE 
84,17084P,DRAGONS BLOOD INCENSE
85,17084R,ASSORTED INCENSE PACK
86,17090A,LAVENDER INCENSE 40 CONES IN TIN
87,17090D,VANILLA INCENSE 40 CONES IN TIN
88,17091A,LAVENDER INCENSE IN TIN
89,17091J,VANILLA INCENSE IN TIN
90,17096,ASSORTED LAQUERED INCENSE HOLDERS
91,17107D,"FLOWER FAIRY,5 SUMMER B'DRAW LINERS"
92,17109D,FLOWER FAIRY INCENSE BOUQUET
93,17129F,BLUE GLASS GEMS IN BAG
94,17136A,BLUE STONES ON WIRE FOR CANDLE
95,17164B,ASS COL SMALL SAND GECKO P'WEIGHT
96,17165D,ASS COL LARGE SAND FROG P'WEIGHT
97,17174,ASSTD RASTA KEY-CHAINS
98,18007,ESSENTIAL BALM 3.5g TIN IN ENVELOPE
99,18094C,WHITE AND BLUE CERAMIC OIL BURNER
100,18097A,PINK TALL PORCELAIN T-LIGHT HOLDER 
101,18097C,WHITE TALL PORCELAIN T-LIGHT HOLDER
102,18098C,PORCELAIN BUTTERFLY OIL BURNER
103,20615,BLUE POLKADOT PASSPORT COVER
104,20616,CHERRY BLOSSOM PASSPORT COVER
105,20617,FIRST CLASS PASSPORT COVER 
106,20618,QUEEN OF THE SKIES PASSPORT COVER 
107,20619,TROPICAL PASSPORT COVER 
108,20622,VIPPASSPORT COVER 
109,20652,BLUE POLKADOT LUGGAGE TAG 
110,20653,CHERRY BLOSSOM LUGGAGE TAG
111,20654,FIRST CLASS LUGGAGE TAG 
112,20655,QUEEN OF SKIES LUGGAGE TAG
113,20657,TROPICAL LUGGAGE TAG
114,20658,RED RETROSPOT LUGGAGE TAG
115,20659,ECONOMY LUGGAGE TAG
116,20661,BLUE POLKADOT PURSE 
117,20662,FIRST CLASS HOLIDAY PURSE 
118,20663,QUEEN OF THE SKIES HOLIDAY PURSE 
119,20664,TROPICAL HOLIDAY PURSE 
120,20665,RED RETROSPOT PURSE 
121,20666,ECONOMY HOLIDAY PURSE
122,20668,DISCO BALL CHRISTMAS DECORATION
123,20669,RED HEART LUGGAGE TAG
124,20670,VIP HOLIDAY PURSE
125,20671,BLUE TEATIME PRINT BOWL 
126,20674,GREEN POLKADOT BOWL
127,20675,BLUE POLKADOT BOWL
128,20676,RED RETROSPOT BOWL
129,20677,PINK POLKADOT BOWL
130,20679,EDWARDIAN PARASOL RED
131,20681,PINK POLKADOT CHILDRENS UMBRELLA
132,20682,RED RETROSPOT CHILDRENS UMBRELLA
133,20684,STRAWBERRY DREAM CHILDS UMBRELLA
134,20685,DOORMAT RED RETROSPOT
135,20686,DOLLY MIXTURE CHILDREN'S UMBRELLA
136,20694,FLORAL PINK MONSTER
137,20695,FLORAL BLUE MONSTER
138,20696,FLORAL SOFT CAR TOY
139,20697,LITTLE GREEN MONSTER SOFT TOY
140,20698,LITTLE PINK MONSTER SOFT TOY
141,20699,MOUSEY LONG LEGS SOFT TOY
142,20700,GREEN CAT FLORAL CUSHION COVER 
143,20701,PINK CAT FLORAL CUSHION COVER 
144,20702,PINK PADDED MOBILE
145,20704,MR ROBOT SOFT TOY
146,20705,MRS ROBOT SOFT TOY
147,20707,CRAZY DAISY HEART DECORATION
148,20711,JUMBO BAG TOYS 
149,20712,JUMBO BAG WOODLAND ANIMALS
150,20713,JUMBO BAG OWLS
151,20716,PARTY FOOD SHOPPER BAG
152,20717,STRAWBERRY SHOPPER BAG
153,20718,RED RETROSPOT SHOPPER BAG
154,20719,WOODLAND CHARLOTTE BAG
155,20723,STRAWBERRY CHARLOTTE BAG
156,20724,RED RETROSPOT CHARLOTTE BAG
157,20725,LUNCH BAG RED RETROSPOT
158,20726,LUNCH BAG WOODLAND
159,20727,LUNCH BAG  BLACK SKULL.
160,20728,LUNCH BAG CARS BLUE
161,20731,POSY CANDY BAG
162,20733,GOLD MINI TAPE MEASURE 
163,20735,BLACK MINI TAPE MEASURE 
164,20748,KENSINGTON COFFEE SET
165,20749,ASSORTED COLOUR MINI CASES
166,20750,RED RETROSPOT MINI CASES
167,20751,FUNKY WASHING UP GLOVES ASSORTED
168,20752,BLUE POLKADOT WASHING UP GLOVES
169,20754,RETROSPOT RED WASHING UP GLOVES
170,20755,BLUE PAISLEY POCKET BOOK
171,20756,GREEN FERN POCKET BOOK
172,20757,RED DAISY POCKET BOOK 
173,20758,ABSTRACT CIRCLES POCKET BOOK
174,20759,CHRYSANTHEMUM POCKET BOOK 
175,20760,GARDEN PATH POCKET BOOK
176,20761,BLUE PAISLEY SKETCHBOOK
177,20762,GREEN FERN SKETCHBOOK 
178,20763,DAISY SKETCHBOOK 
179,20764,ABSTRACT CIRCLES SKETCHBOOK 
180,20765,CHRYSANTHEMUM SKETCHBOOK 
181,20766,GARDEN PATH SKETCHBOOK
182,20767,BLUE PAISLEY JOURNAL 
183,20768,GREEN FERN JOURNAL 
184,20769,DAISY JOURNAL 
185,20770,ABSTRACT CIRCLE JOURNAL 
186,20771,CHRYSANTHEMUM  JOURNAL
187,20772,GARDEN PATH JOURNAL
188,20773,BLUE PAISLEY NOTEBOOK
189,20774,GREEN FERN NOTEBOOK
190,20775,DAISY NOTEBOOK 
191,20777,CHRYSANTHEMUM NOTEBOOK
192,20778,GARDEN PATH NOTEBOOK 
193,20780,BLACK EAR MUFF HEADPHONES
194,20781,GOLD EAR MUFF HEADPHONES
195,20782,CAMOUFLAGE EAR MUFF HEADPHONES
196,20785,FUSCHIA RETRO BAR STOOL
197,20793,BLUE TILED TRAY
198,20794,BLUE  TILE HOOK
199,20795,LARGE BLUE PROVENCAL CERAMIC BALL
200,20796,SMALL BLUE PROVENCAL CERAMIC BALL
201,20798,CLEAR MILKSHAKE GLASS
202,20801,LARGE PINK GLASS SUNDAE DISH
203,20802,SMALL GLASS SUNDAE DISH CLEAR
204,20803,SMALL PINK GLASS SUNDAE DISH
205,20818,GOLD TEDDY BEAR
206,20819,SILVER TEDDY BEAR
207,20820,SILVER LOOKING MIRROR
208,20826,SILVER APERITIF GLASS
209,20828,GLITTER BUTTERFLY CLIPS
210,20829,GLITTER HANGING BUTTERFLY STRING
211,20830,SILVER PHOTO FRAME
212,20831,GOLD PHOTO FRAME
213,20832,RED FLOCK LOVE HEART PHOTO FRAME
214,20837,FRENCH FLORAL CUSHION COVER 
215,20839,FRENCH PAISLEY CUSHION COVER 
216,20845,ZINC HEART LATTICE 2 WALL PLANTER
217,20846,ZINC HEART LATTICE T-LIGHT HOLDER
218,20847,ZINC HEART LATTICE CHARGER LARGE
219,20848,ZINC HEART LATTICE CHARGER SMALL
220,20851,ZINC HEART LATTICE TRAY OVAL 
221,20854,BLUE PATCH PURSE PINK HEART
222,20856,DENIM PATCH PURSE PINK BUTTERFLY
223,20857,BLUE ROSE PATCH PURSE PINK BUTTERFL
224,20861,GOLD COSMETIC BAG PINK STAR
225,20866,BLUE ROSE FABRIC MIRROR
226,20867,PINK ROSE FABRIC MIRROR
227,20868,SILVER FABRIC MIRROR
228,20878,SET/9 CHRISTMAS T-LIGHTS SCENTED 
229,20886,BOX OF 9 PEBBLE CANDLES
230,20892,SET/3 TALL GLASS CANDLE HOLDER PINK
231,20893,HANGING BAUBLE T-LIGHT HOLDER SMALL
232,20894,HANGING BAUBLE T-LIGHT HOLDER LARGE
233,20897,VINTAGE NOTEBOOK PARIS DAYS
234,20898,VINTAGE NOTEBOOK TRAVELOGUE
235,20902,VINTAGE KEEPSAKE BOX PARIS DAYS
236,20903,VINTAGE KEEPSAKE BOX TRAVELOGUE
237,20906,VINTAGE NOTEBOOK BEAUTY GIRL
238,20910,VINTAGE PHOTO ALBUM PARIS DAYS
239,20914,SET/5 RED RETROSPOT LID GLASS BOWLS
240,20931,BLUE POT PLANT CANDLE 
241,20932,PINK POT PLANT CANDLE
242,20933,YELLOW POT PLANT CANDLE
243,20934,SET/3 POT PLANT CANDLES
244,20936,FORKED CACTUS CANDLE
245,20941,FROG CANDLE
246,20956,PORCELAIN T-LIGHT HOLDERS ASSORTED
247,20961,STRAWBERRY BATH SPONGE 
248,20963,APPLE BATH SPONGE
249,20966,SANDWICH BATH SPONGE
250,20967,GREY FLORAL FELTCRAFT SHOULDER BAG
251,20969,RED FLORAL FELTCRAFT SHOULDER BAG
252,20970,PINK FLORAL FELTCRAFT SHOULDER BAG
253,20971,PINK BLUE FELT CRAFT TRINKET BOX
254,20972,PINK CREAM FELT CRAFT TRINKET BOX 
255,20973,12 PENCIL SMALL TUBE WOODLAND
256,20974,12 PENCILS SMALL TUBE SKULL
257,20975,12 PENCILS SMALL TUBE RED RETROSPOT
258,20977,36 PENCILS TUBE WOODLAND
259,20978,36 PENCILS TUBE SKULLS
260,20979,36 PENCILS TUBE RED RETROSPOT
261,20980,36 PENCILS TUBE POSY
262,20981,12 PENCILS TALL TUBE WOODLAND
263,20982,12 PENCILS TALL TUBE SKULLS
264,20983,12 PENCILS TALL TUBE RED RETROSPOT
265,20984,12 PENCILS TALL TUBE POSY
266,20985,HEART CALCULATOR
267,20986,BLUE CALCULATOR RULER
268,20992,JAZZ HEARTS PURSE NOTEBOOK
269,20996,JAZZ HEARTS ADDRESS BOOK
270,20998,ROSE DU SUD OVEN GLOVE
271,21000,ROSE DU SUD COSMETICS BAG
272,21001,ROSE DU SUD WASHBAG 
273,21002,ROSE DU SUD DRAWSTRING BAG
274,21003,ROSE DU SUD CUSHION COVER
275,21011,GLITTER SNOW PEAR TREE DECORATION
276,21012,ANTIQUE ALL GLASS CANDLESTICK
277,21014,SWISS CHALET TREE DECORATION 
278,21018,BIRD BOX CHRISTMAS TREE DECORATION
279,21025,SPACE FROG
280,21026,SPACE OWL
281,21027,NINJA RABBIT PINK
282,21028,NINJA RABBIT BLACK
283,21030,SPACE CADET RED
284,21031,SPACE CADET BLACK
285,21032,SPACE CADET WHITE
286,21033,JUMBO BAG CHARLIE AND LOLA TOYS
287,21034,REX CASH+CARRY JUMBO SHOPPER
288,21035,SET/2 RED RETROSPOT TEA TOWELS 
289,21038,SET/4 MODERN VINTAGE COTTON NAPKINS
290,21039,RED RETROSPOT SHOPPING BAG
291,21040,MODERN VINTAGE COTTON SHOPPING BAG
292,21041,RED RETROSPOT OVEN GLOVE DOUBLE
293,21042,RED RETROSPOT APRON 
294,21043,APRON MODERN VINTAGE COTTON
295,21051,RIBBONS PURSE 
296,21054,NURSE'S BAG SOFT TOY
297,21055,TOOL BOX SOFT TOY 
298,21056,DOCTOR'S BAG SOFT TOY
299,21058,PARTY INVITES WOODLAND
300,21059,PARTY INVITES DINOSAURS
301,21060,PARTY INVITES BALLOON GIRL
302,21061,PARTY INVITES FOOTBALL
303,21062,PARTY INVITES SPACEMAN
304,21063,PARTY INVITES JAZZ HEARTS
305,21064,BOOM BOX SPEAKER BOYS
306,21065,BOOM BOX SPEAKER GIRLS
307,21066,VINTAGE RED MUG
308,21067,VINTAGE RED TEATIME MUG
309,21068,VINTAGE BILLBOARD LOVE/HATE MUG
310,21069,VINTAGE BILLBOARD TEA MUG
311,21070,VINTAGE BILLBOARD MUG 
312,21071,VINTAGE BILLBOARD DRINK ME MUG
313,21078,SET/20 STRAWBERRY PAPER NAPKINS 
314,21080,SET/20 RED RETROSPOT PAPER NAPKINS 
315,21084,SET/6 COLLAGE PAPER CUPS
316,21086,SET/6 RED SPOTTY PAPER CUPS
317,21087,SET/6 POSIES PAPER CUPS
318,21088,SET/6 FRUIT SALAD PAPER CUPS
319,21089,SET/6 GREEN SPRING PAPER CUPS
320,21090,SET/6 COLLAGE PAPER PLATES
321,21094,SET/6 RED SPOTTY PAPER PLATES
322,21095,SET/6 POSIES PAPER PLATES
323,21096,SET/6 FRUIT SALAD  PAPER PLATES
324,21098,CHRISTMAS TOILET ROLL
325,21100,CHARLIE AND LOLA CHARLOTTE BAG
326,21106,CREAM SLICE FLANNEL CHOCOLATE SPOT 
327,21107,CREAM SLICE FLANNEL PINK SPOT 
328,21108,FAIRY CAKE FLANNEL ASSORTED COLOUR
329,21109,"LARGE CAKE TOWEL, CHOCOLATE SPOTS"
330,21110,LARGE CAKE TOWEL PINK SPOTS
331,21111,"SWISS ROLL TOWEL, CHOCOLATE  SPOTS"
332,21112,"SWISS ROLL TOWEL, PINK  SPOTS"
333,21114,LAVENDER SCENTED FABRIC HEART
334,21115,ROSE CARAVAN DOORSTOP
335,21116,OWL DOORSTOP
336,21117,BLOND DOLL DOORSTOP
337,21121,SET/10 RED POLKADOT PARTY CANDLES
338,21122,SET/10 PINK POLKADOT PARTY CANDLES
339,21123,SET/10 IVORY POLKADOT PARTY CANDLES
340,21124,SET/10 BLUE POLKADOT PARTY CANDLES
341,21125,SET 6 FOOTBALL CELEBRATION CANDLES
342,21126,SET OF 6 GIRLS CELEBRATION CANDLES
343,21128,GOLD FISHING GNOME
344,21129,SILVER FISHING GNOME 
345,21131,GOLD STANDING GNOME
346,21132,SILVER STANDING GNOME   
347,21135,VICTORIAN  METAL POSTCARD SPRING
348,21136,PAINTED METAL PEARS ASSORTED
349,21137,BLACK RECORD COVER FRAME
350,21143,ANTIQUE GLASS HEART DECORATION 
351,21145,ANTIQUE GLASS PLACE SETTING
352,21147,JINGLE BELLS TREE DECORATION
353,21154,RED RETROSPOT OVEN GLOVE 
354,21155,RED RETROSPOT PEG BAG
355,21156,RETROSPOT CHILDRENS APRON
356,21157,RED RETROSPOT WASHBAG
357,21158,MOODY GIRL DOOR HANGER 
358,21159,MOODY BOY  DOOR HANGER 
359,21161,KEEP OUT BOYS DOOR HANGER 
360,21162,TOXIC AREA  DOOR HANGER 
361,21163,DO NOT TOUCH MY STUFF DOOR HANGER 
362,21164,HOME SWEET HOME METAL SIGN 
363,21165,BEWARE OF THE CAT METAL SIGN 
364,21166,COOK WITH WINE METAL SIGN 
365,21167,WHITE SAGE INCENSE
366,21169,YOU'RE CONFUSING ME METAL SIGN 
367,21171,BATHROOM METAL SIGN 
368,21172,PARTY METAL SIGN 
369,21174,POTTERING IN THE SHED METAL SIGN
370,21175,GIN + TONIC DIET METAL SIGN
371,21179,NO JUNK MAIL METAL SIGN
372,21181,PLEASE ONE PERSON METAL SIGN
373,21187,WHITE BELL HONEYCOMB PAPER GARLAND 
374,21188,3D HEARTS  HONEYCOMB PAPER GARLAND
375,21189,WHITE HONEYCOMB PAPER GARLAND 
376,21190,PINK HEARTS PAPER GARLAND
377,21191,LARGE WHITE HONEYCOMB PAPER BELL  
378,21192,WHITE BELL HONEYCOMB PAPER 
379,21194,PINK  HONEYCOMB PAPER FAN
380,21195,PINK  HONEYCOMB PAPER BALL 
381,21196,ROUND WHITE CONFETTI IN TUBE
382,21197,MULTICOLOUR  CONFETTI IN TUBE
383,21198,WHITE HEART CONFETTI IN TUBE
384,21199,PINK  HEART CONFETTI IN TUBE
385,21200,MULTICOLOUR HONEYCOMB PAPER GARLAND
386,21201,TROPICAL  HONEYCOMB PAPER GARLAND 
387,21202,DOLLY HONEYCOMB GARLAND
388,21204,DAISIES  HONEYCOMB GARLAND 
389,21205,MULTICOLOUR 3D BALLS GARLAND
390,21206,STRAWBERRY HONEYCOMB  GARLAND 
391,21207,SKULL AND CROSSBONES  GARLAND 
392,21208,PASTEL COLOUR HONEYCOMB FAN
393,21209,MULTICOLOUR HONEYCOMB FAN
394,21210,SET OF 72 RETROSPOT PAPER  DOILIES
395,21211,SET OF 72 SKULL PAPER  DOILIES
396,21212,PACK OF 72 RETROSPOT CAKE CASES
397,21213,PACK OF 72 SKULL CAKE CASES
398,21215,IVORY PAPER CUP CAKE CASES 
399,21216,"SET 3 RETROSPOT TEA,COFFEE,SUGAR"
400,21217,RED RETROSPOT ROUND CAKE TINS
401,21218,RED SPOTTY BISCUIT TIN
402,21219,SET/4 BADGES BALLOON GIRL
403,21220,SET/4 BADGES DOGS
404,21221,SET/4 BADGES CUTE CREATURES
405,21222,SET/4 BADGES BEETLES
406,21224,SET/4 SKULL BADGES
407,21226,POCKET MIRROR WOODLAND
408,21228,"POCKET MIRROR ""GLAMOROUS"""
409,21231,SWEETHEART CERAMIC TRINKET BOX
410,21232,STRAWBERRY CERAMIC TRINKET BOX
411,21238,RED RETROSPOT CUP
412,21239,PINK  POLKADOT CUP
413,21240,BLUE POLKADOT CUP
414,21242,RED RETROSPOT PLATE 
415,21243,PINK  POLKADOT PLATE 
416,21244,BLUE POLKADOT PLATE 
417,21245,GREEN POLKADOT PLATE 
418,21246,RED RETROSPOT BIG BOWL
419,21248,DOOR HANGER  MUM + DADS ROOM
420,21249,WOODLAND  HEIGHT CHART STICKERS 
421,21250,SET OF SKULL WALL STICKERS
422,21251,DINOSAUR HEIGHT CHART STICKER SET
423,21253,SET OF PICTURE FRAME  STICKERS
424,21257,VICTORIAN SEWING BOX MEDIUM
425,21258,VICTORIAN SEWING BOX LARGE
426,21259,VICTORIAN SEWING BOX SMALL 
427,21260,FIRST AID TIN
428,21261,GREEN GOOSE FEATHER CHRISTMAS TREE 
429,21262,WHITE GOOSE FEATHER CHRISTMAS TREE 
430,21268,VINTAGE BLUE TINSEL REEL
431,21269,ANTIQUE CREAM CUTLERY SHELF 
432,21270,ANTIQUE CREAM CUTLERY CUPBOARD
433,21272,SALLE DE BAIN HOOK
434,21275,ZINC TOP  2 DOOR WOODEN SHELF 
435,21277,FRENCH STYLE EMBOSSED HEART CABINET
436,21278,VINTAGE KITCHEN PRINT PUDDINGS
437,21279,VINTAGE KITCHEN PRINT FRUITS
438,21280,VINTAGE KITCHEN PRINT VEGETABLES
439,21281,VINTAGE KITCHEN PRINT SEAFOOD
440,21284,RETROSPOT CANDLE  SMALL
441,21285,RETROSPOT CANDLE  MEDIUM
442,21286,RETROSPOT CANDLE  LARGE
443,21287,SCENTED VELVET LOUNGE CANDLE 
444,21288,STRIPEY CHOCOLATE NESTING BOXES
445,21289,LARGE STRIPES CHOCOLATE GIFT BAG
446,21291,SMALL POLKADOT CHOCOLATE GIFT BAG 
447,21292,SMALL STRIPES CHOCOLATE GIFT BAG 
448,21293,MIRRORED DOVE WALL DECORATION
449,21294,ETCHED GLASS COASTER
450,21306,SET/4 DAISY MIRROR MAGNETS
451,21307,SET/4 BUTTERFLY MIRROR MAGNETS
452,21311,SET/4 BIRD MIRROR MAGNETS 
453,21313,GLASS HEART T-LIGHT HOLDER 
454,21314,SMALL GLASS HEART TRINKET POT
455,21316,SMALL CHUNKY GLASS ROMAN  BOWL
456,21317,GLASS SPHERE CANDLE STAND MEDIUM
457,21318,GLASS CHALICE BLUE SMALL 
458,21319,GLASS CHALICE GREEN  SMALL 
459,21320,GLASS CHALICE GREEN  LARGE 
460,21324,HANGING MEDINA LANTERN SMALL
461,21326,AGED GLASS SILVER T-LIGHT HOLDER
462,21327,SKULLS WRITING SET 
463,21328,BALLOONS  WRITING SET 
464,21329,DINOSAURS  WRITING SET 
465,21331,MOROCCAN BEATEN METAL DISH LARGE
466,21332,MOROCCAN BEATEN METAL MIRROR
467,21333,CLASSIC WHITE FRAME
468,21336,GOLD WASHBAG
469,21340,CLASSIC METAL BIRDCAGE PLANT HOLDER
470,21348,PINK SPOTS CHOCOLATE NESTING BOXES 
471,21349,IVY HEART WREATH
472,21351,CINAMMON & ORANGE WREATH
473,21352,EUCALYPTUS & PINECONE  WREATH
474,21354,TOAST ITS - BEST MUM
475,21355,TOAST ITS - I LOVE YOU 
476,21356,TOAST ITS - FAIRY FLOWER
477,21357,TOAST ITS - DINOSAUR
478,21358,TOAST ITS - HAPPY BIRTHDAY
479,21359,RELAX LARGE WOOD LETTERS
480,21360,JOY LARGE WOOD LETTERS
481,21361,LOVE LARGE WOOD LETTERS 
482,21363,HOME SMALL WOOD LETTERS
483,21364,PEACE SMALL WOOD LETTERS
484,21365,MIRRORED WALL ART STARS
485,21366,MIRRORED WALL ART PHOTO FRAMES
486,21367,MIRRORED WALL ART GENTS
487,21368,MIRRORED WALL ART LADIES
488,21369,MIRRORED WALL ART SPLODGES
489,21370,MIRRORED WALL ART FOXY
490,21371,MIRRORED WALL ART POPPIES
491,21372,MIRRORED WALL ART TABLE LAMP
492,21374,MIRRORED WALL ART SKULLS
493,21375,LARGE CAMPHOR WOOD FIELD MUSHROOM 
494,21376,LARGE  TALL CAMPHOR WOOD TOADSTOOL 
495,21377,SMALL CAMPHOR WOOD FIELD  MUSHROOM
496,21378,SMALL TALL CAMPHOR WOOD TOADSTOOL
497,21379,CAMPHOR WOOD PORTOBELLO MUSHROOM
498,21380,WOODEN HAPPY BIRTHDAY GARLAND
499,21381,MINI WOODEN HAPPY BIRTHDAY GARLAND
500,21382,SET/4 SPRING FLOWER DECORATION
501,21383,PACK OF 12 STICKY BUNNIES
502,21385,IVORY HANGING DECORATION  HEART
503,21386,IVORY HANGING DECORATION  EGG
504,21389,IVORY HANGING DECORATION  BIRD
505,21390,FILIGRIS HEART WITH BUTTERFLY
506,21391,FRENCH LAVENDER SCENT HEART
507,21392,RED POLKADOT PUDDING BOWL
508,21393,BLUE POLKADOT PUDDING BOWL
509,21394,RED POLKADOT BEAKER 
510,21395,BLUE POLKADOT BEAKER 
511,21397,BLUE POLKADOT EGG CUP 
512,21398,RED POLKADOT COFFEE  MUG
513,21399,BLUE POLKADOT COFFEE MUG
514,21400,RED PUDDING SPOON
515,21401,BLUE PUDDING SPOON
516,21402,RED  EGG  SPOON
517,21403,BLUE EGG  SPOON
518,21407,BROWN CHECK CAT DOORSTOP 
519,21408,SPOTTY PINK DUCK DOORSTOP
520,21411,GINGHAM HEART  DOORSTOP RED
521,21413,PERIWINKLE T-LIGHT HOLDER
522,21414,SCALLOP SHELL SOAP DISH
523,21415,CLAM SHELL SMALL 
524,21416,CLAM SHELL LARGE
525,21417,COCKLE SHELL DISH
526,21418,STARFISH SOAP DISH
527,21420,OYSTER TRINKET BOX
528,21421,PORCELAIN ROSE LARGE 
529,21422,PORCELAIN ROSE SMALL
530,21424,WOODLAND STORAGE BOX LARGE 
531,21425,SKULLS STORAGE BOX LARGE
532,21426,WOODLAND STORAGE BOX SMALL
533,21427,SKULLS STORAGE BOX SMALL
534,21428,SET3 BOOK BOX GREEN GINGHAM FLOWER 
535,21429,RED GINGHAM ROSE JEWELLERY BOX
536,21430,SET/3 RED GINGHAM ROSE STORAGE BOX
537,21439,BASKET OF TOADSTOOLS
538,21441,BLUE BIRDHOUSE DECORATION
539,21442,GREEN BIRDHOUSE DECORATION
540,21445,12 PINK ROSE PEG PLACE SETTINGS
541,21446,12 RED ROSE PEG PLACE SETTINGS
542,21447,12 IVORY ROSE PEG PLACE SETTINGS
543,21448,12 DAISY PEGS IN WOOD BOX
544,21452,TOADSTOOL MONEY BOX
545,21454,PAINTED PINK RABBIT 
546,21455,PAINTED YELLOW WOODEN DAISY
547,21456,2 PICTURE BOOK EGGS EASTER CHICKS
548,21457,2 PICTURE BOOK EGGS EASTER DUCKS
549,21458,2 PICTURE BOOK EGGS EASTER BUNNY
550,21459,YELLOW EASTER EGG HUNT START POST
551,21460,GREEN EASTER EGG HUNT START POST
552,21461,BLUE EASTER EGG HUNT START POST
553,21462,"NURSERY A,B,C PAINTED LETTERS"
554,21463,MIRRORED DISCO BALL 
555,21464,DISCO BALL ROTATOR BATTERY OPERATED
556,21465,PINK FLOWER CROCHET FOOD COVER
557,21466,RED FLOWER CROCHET FOOD COVER
558,21467,CHERRY CROCHET FOOD COVER
559,21468,BUTTERFLY CROCHET FOOD COVER
560,21469,POLKA DOT RAFFIA FOOD COVER
561,21470,FLOWER VINE RAFFIA FOOD COVER
562,21471,STRAWBERRY RAFFIA FOOD COVER
563,21472,LADYBIRD + BEE RAFFIA FOOD COVER
564,21473,SWEETHEART CREAM STEEL TABLE RECT
565,21476,STEEL SWEETHEART ROUND TABLE CREAM
566,21479,WHITE SKULL HOT WATER BOTTLE 
567,21481,FAWN BLUE HOT WATER BOTTLE
568,21484,CHICK GREY HOT WATER BOTTLE
569,21485,RETROSPOT HEART HOT WATER BOTTLE
570,21486,PINK HEART DOTS HOT WATER BOTTLE
571,21488,RED WHITE SCARF  HOT WATER BOTTLE
572,21494,ROTATING LEAVES T-LIGHT HOLDER
573,21495,SKULLS AND CROSSBONES WRAP
574,21497,FANCY FONTS BIRTHDAY WRAP
575,21498,RED RETROSPOT WRAP 
576,21499,BLUE POLKADOT WRAP
577,21500,PINK POLKADOT WRAP 
578,21503,TOYBOX  WRAP 
579,21504,SKULLS GREETING CARD
580,21506,"FANCY FONT BIRTHDAY CARD, "
581,21507,"ELEPHANT, BIRTHDAY CARD, "
582,21508,VINTAGE KID DOLLY CARD 
583,21509,COWBOYS AND INDIANS BIRTHDAY CARD 
584,21518,BANK ACCOUNT  GREETING  CARD 
585,21519,GIN & TONIC DIET GREETING CARD 
586,21520,BOOZE & WOMEN GREETING CARD 
587,21523,DOORMAT FANCY FONT HOME SWEET HOME
588,21524,DOORMAT SPOTTY HOME SWEET HOME
589,21527,RED RETROSPOT TRADITIONAL TEAPOT 
590,21528,DAIRY MAID TRADITIONAL TEAPOT 
591,21530,DAIRY MAID TOASTRACK
592,21531,RED RETROSPOT SUGAR JAM BOWL
593,21533,RETROSPOT LARGE MILK JUG
594,21534,DAIRY MAID LARGE MILK JUG
595,21535,RED RETROSPOT SMALL MILK JUG
596,21537,RED RETROSPOT PUDDING BOWL
597,21538,DAIRY MAID  PUDDING BOWL
598,21539,RED RETROSPOT BUTTER DISH
599,21544,SKULLS  WATER TRANSFER TATTOOS 
600,21547,CERAMIC BIRDHOUSE CRESTED TIT SMALL
601,21555,CERAMIC STRAWBERRY TRINKET TRAY
602,21556,CERAMIC STRAWBERRY MONEY BOX
603,21557,SET OF 6 FUNKY BEAKERS
604,21558,SKULL LUNCH BOX WITH CUTLERY 
605,21559,STRAWBERRY LUNCH BOX WITH CUTLERY
606,21561,DINOSAUR LUNCH BOX WITH CUTLERY
607,21562,HAWAIIAN GRASS SKIRT 
608,21563,RED HEART SHAPE LOVE BUCKET 
609,21564,PINK  HEART SHAPE LOVE BUCKET 
610,21576,LETS GO SHOPPING COTTON TOTE BAG
611,21577,SAVE THE PLANET COTTON TOTE BAG
612,21578,WOODLAND DESIGN  COTTON TOTE BAG
613,21579,LOLITA  DESIGN  COTTON TOTE BAG
614,21580,RABBIT  DESIGN  COTTON TOTE BAG
615,21581,SKULLS  DESIGN  COTTON TOTE BAG
616,21584,RETROSPOT SMALL TUBE MATCHES
617,21586,KINGS CHOICE GIANT TUBE MATCHES
618,21587,COSY HOUR GIANT TUBE MATCHES
619,21588,RETROSPOT GIANT TUBE MATCHES
620,21591,COSY HOUR CIGAR BOX MATCHES 
621,21592,RETROSPOT CIGAR BOX MATCHES 
622,21609,SET 12 LAVENDER  BOTANICAL T-LIGHTS
623,21613,S/12 VANILLA  BOTANICAL T-LIGHTS
624,21615,4 LAVENDER BOTANICAL DINNER CANDLES
625,21616,4 PEAR BOTANICAL DINNER CANDLES
626,21617,4 LILY  BOTANICAL DINNER CANDLES
627,21618,4 WILDFLOWER BOTANICAL CANDLES
628,21619,4 VANILLA BOTANICAL CANDLES
629,21620,SET OF 4 ROSE BOTANICAL CANDLES
630,21621,VINTAGE UNION JACK BUNTING
631,21622,VINTAGE UNION JACK CUSHION COVER
632,21623,VINTAGE UNION JACK MEMOBOARD
633,21624,VINTAGE UNION JACK DOORSTOP
634,21625,VINTAGE UNION JACK APRON
635,21626,VINTAGE UNION JACK PENNANT
636,21627,ELEPHANT CARNIVAL POUFFE
637,21628,TRIANGULAR POUFFE VINTAGE 
638,21629,SQUARE FLOOR CUSHION VINTAGE RED
639,21630,FLOOR CUSHION ELEPHANT CARNIVAL
640,21631,HIPPY CHIC DECORATIVE PARASOL
641,21632,VINTAGE PINK DECORATIVE PARASOL
642,21633,SUNFLOWER DECORATIVE PARASOL
643,21634,ASSORTED MINI MADRAS NOTEBOOK
644,21635,MADRAS NOTEBOOK LARGE 
645,21636,MADRAS NOTEBOOK MEDIUM
646,21637,ASSORTED SANSKRIT MINI NOTEBOOK
647,21638,ASSORTED TUTTI FRUTTI NOTEBOOK
648,21640,ASSORTED TUTTI FRUTTI  FOB NOTEBOOK
649,21641,ASSORTED TUTTI FRUTTI KEYRING BALL
650,21642,ASSORTED TUTTI FRUTTI PEN
651,21643,ASSORTED TUTTI FRUTTI MIRROR
652,21644,ASSORTED TUTTI FRUTTI HEART BOX
653,21647,ASSORTED TUTTI FRUTTI LARGE PURSE
654,21648,ASSORTED TUTTI FRUTTI SMALL PURSE
655,21650,ASSORTED TUTTI FRUTTI BRACELET
656,21651,HANGING GLASS ETCHED TEALIGHT
657,21654,RIDGED GLASS FINGER BOWL
658,21655,HANGING RIDGE GLASS T-LIGHT HOLDER
659,21656,RIDGED GLASS POSY VASE 
660,21657,MILK BOTTLE WITH GLASS STOPPER 
661,21658,GLASS  BEURRE DISH
662,21661,VINTAGE GLASS TEA CADDY
663,21662,VINTAGE GLASS COFFEE CADDY
664,21664,RIDGED GLASS STORAGE JAR CREAM LID
665,21666,RIDGED GLASS T-LIGHT HOLDER
666,21667,GLASS CAKE COVER AND PLATE
667,21668,RED STRIPE CERAMIC DRAWER KNOB
668,21669,BLUE STRIPE CERAMIC DRAWER KNOB
669,21670,BLUE SPOT CERAMIC DRAWER KNOB
670,21671,RED SPOT CERAMIC DRAWER KNOB
671,21672,WHITE SPOT RED CERAMIC DRAWER KNOB
672,21673,WHITE SPOT BLUE CERAMIC DRAWER KNOB
673,21675,BUTTERFLIES STICKERS
674,21676,FLOWERS  STICKERS
675,21677,HEARTS  STICKERS
676,21678,PAISLEY PATTERN  STICKERS
677,21679,SKULLS  STICKERS
678,21680,WOODLAND  STICKERS
679,21681,GIANT MEDINA STAMPED METAL BOWL 
680,21682,LARGE MEDINA STAMPED METAL BOWL 
681,21683,MEDIUM MEDINA STAMPED METAL BOWL 
682,21684,SMALL MEDINA STAMPED METAL BOWL 
683,21686,MEDINA STAMPED METAL STOOL
684,21688,SILVER PLATE CANDLE BOWL SMALL
685,21689,SILVER VANILLA  FLOWER CANDLE POT
686,21690,SILVER  CANDLEPOT JARDIN 
687,21692,SILVER LATTICE VANILLA CANDLE POT
688,21693,SMALL HAMMERED SILVER CANDLEPOT 
689,21694,SMALL REGAL  SILVER CANDLEPOT 
690,21695,SMALL SILVER FLOWER CANDLE POT
691,21696,SMALL SILVER TRELLIS CANDLEPOT
692,21698,MOCK LOBSTER FRIDGE MAGNET
693,21700,BIG DOUGHNUT FRIDGE MAGNETS
694,21703,BAG 125g SWIRLY MARBLES
695,21704,BAG 250g SWIRLY MARBLES
696,21705,BAG 500g SWIRLY MARBLES
697,21706,FOLDING UMBRELLA RED/WHITE POLKADOT
698,21707,FOLDING UMBRELLA BLACKBLUE POLKADOT
699,21708,FOLDING UMBRELLA CREAM POLKADOT
700,21709,FOLDING UMBRELLA CHOCOLATE POLKADOT
701,21710,FOLDING UMBRELLA PINKWHITE POLKADOT
702,21711,FOLDING UMBRELLA WHITE/RED POLKADOT
703,21713,CITRONELLA CANDLE FLOWERPOT
704,21714,CITRONELLA CANDLE GARDEN POT
705,21715,GIRLS VINTAGE TIN SEASIDE BUCKET
706,21716,BOYS VINTAGE TIN SEASIDE BUCKET
707,21717,EASTER TIN BUCKET
708,21718,RED METAL BEACH SPADE 
709,21719,LOVELY BONBON STICKER SHEET
710,21720,CAKE SHOP  STICKER SHEET
711,21721,CANDY SHOP  STICKER SHEET
712,21722,SWEET PUDDING STICKER SHEET
713,21723,ALPHABET HEARTS STICKER SHEET
714,21724,PANDA AND BUNNIES STICKER SHEET
715,21725,SWEETIES  STICKERS
716,21726,MULTI HEARTS  STICKERS
717,21730,GLASS STAR FROSTED T-LIGHT HOLDER
718,21731,RED TOADSTOOL LED NIGHT LIGHT
719,21733,RED HANGING HEART T-LIGHT HOLDER
720,21735,TWO DOOR CURIO CABINET
721,21736,GOLD SCROLL GLASS T-LIGHT HOLDER
722,21738,COSY SLIPPER SHOES SMALL  RED 
723,21739,COSY SLIPPER SHOES SMALL GREEN
724,21741,COSY SLIPPER SHOES LARGE GREEN
725,21742,LARGE ROUND WICKER PLATTER 
726,21743,STAR PORTABLE TABLE LIGHT 
727,21744,SNOWFLAKE PORTABLE TABLE LIGHT 
728,21745,GAOLERS KEYS DECORATIVE GARDEN 
729,21746,SMALL RED RETROSPOT WINDMILL
730,21747,SMALL SKULL WINDMILL
731,21749,LARGE RED RETROSPOT WINDMILL
732,21750,LARGE SKULL WINDMILL
733,21754,HOME BUILDING BLOCK WORD
734,21755,LOVE BUILDING BLOCK WORD
735,21756,BATH BUILDING BLOCK WORD
736,21757,LIGHTHOUSE PRINTED METAL SIGN
737,21758,VINTAGE SHELLS PRINT
738,21761,WOOD AND GLASS MEDICINE CABINET
739,21763,VINTAGE WOODEN BAR STOOL
740,21769,VINTAGE POST OFFICE CABINET
741,21770,OPEN CLOSED METAL SIGN
742,21773,DECORATIVE ROSE BATHROOM BOTTLE
743,21774,DECORATIVE CATS BATHROOM BOTTLE
744,21775,DECORATIVE FLORE BATHROOM BOTTLE
745,21777,RECIPE BOX WITH METAL HEART
746,21781,MA CAMPAGNE CUTLERY BOX
747,21784,SHOE SHINE BOX 
748,21785,RAIN PONCHO 
749,21786,POLKADOT RAIN HAT 
750,21787,RAIN PONCHO RETROSPOT
751,21788,KIDS RAIN MAC BLUE
752,21789,KIDS RAIN MAC PINK
753,21790,VINTAGE SNAP CARDS
754,21791,VINTAGE HEADS AND TAILS CARD GAME 
755,21792,CLASSIC FRENCH STYLE BASKET GREEN 
756,21793,CLASSIC FRENCH STYLE BASKET BROWN
757,21794,CLASSIC FRENCH STYLE BASKET NATURAL
758,21801,CHRISTMAS TREE DECORATION WITH BELL
759,21802,CHRISTMAS TREE HEART DECORATION
760,21803,CHRISTMAS TREE STAR DECORATION
761,21804,WHITE CHRISTMAS GARLAND STARS TREES
762,21807,WHITE CHRISTMAS STAR DECORATION
763,21808,"CHRISTMAS GARLAND STARS,TREES"
764,21809,CHRISTMAS HANGING TREE WITH BELL
765,21810,CHRISTMAS HANGING STAR WITH BELL
766,21811,CHRISTMAS HANGING HEART WITH BELL
767,21812,GARLAND WITH HEARTS AND BELLS
768,21813,GARLAND WITH STARS AND BELLS
769,21814,HEART T-LIGHT HOLDER 
770,21815,STAR  T-LIGHT HOLDER 
771,21816,CHRISTMAS TREE T-LIGHT HOLDER
772,21817,GLITTER CHRISTMAS TREE
773,21818,GLITTER CHRISTMAS HEART 
774,21819,GLITTER CHRISTMAS STAR 
775,21820,GLITTER HEART GARLAND WITH BELLS 
776,21821,GLITTER STAR GARLAND WITH BELLS 
777,21822,GLITTER CHRISTMAS TREE WITH BELLS
778,21823,PAINTED METAL HEART WITH HOLLY BELL
779,21824,PAINTED METAL STAR WITH HOLLY BELLS
780,21826,EIGHT PIECE DINOSAUR SET
781,21827,EIGHT PIECE CREEPY CRAWLIE SET
782,21828,EIGHT PIECE SNAKE  SET
783,21829,DINOSAUR KEYRINGS ASSORTED
784,21830,ASSORTED CREEPY CRAWLIES
785,21832,CHOCOLATE CALCULATOR
786,21833,CAMOUFLAGE LED TORCH
787,21836,GINGHAM OVEN GLOVE RED HEART 
788,21839,MUMMY MOUSE RED GINGHAM RIBBON
789,21841,BABY MOUSE RED GINGHAM DRESS
790,21843,RED RETROSPOT CAKE STAND
791,21844,RED RETROSPOT MUG
792,21845,DAIRY MAID STRIPE MUG
793,21846,PINK DIAMANTE PEN IN GIFT BOX
794,21847,GREEN  DIAMANTE PEN IN GIFT BOX
795,21849,SILVER DIAMANTE PEN IN GIFT BOX
796,21850,BLUE  DIAMANTE PEN IN GIFT BOX
797,21851,LILAC DIAMANTE PEN IN GIFT BOX
798,21864,UNION JACK FLAG PASSPORT COVER 
799,21865,PINK UNION JACK  PASSPORT COVER 
800,21866,UNION JACK FLAG LUGGAGE TAG
801,21867,PINK UNION JACK  LUGGAGE TAG
802,21868,POTTING SHED TEA MUG
803,21870,I CAN ONLY PLEASE ONE PERSON MUG
804,21871,SAVE THE PLANET MUG
805,21872,GLAMOROUS  MUG
806,21873,IF YOU CAN'T STAND THE HEAT MUG
807,21874,GIN AND TONIC MUG
808,21875,KINGS CHOICE MUG
809,21876,POTTERING MUG
810,21877,HOME SWEET HOME MUG
811,21878,PACK OF 6 SANDCASTLE FLAGS ASSORTED
812,21879,HEARTS GIFT TAPE
813,21880,RED RETROSPOT TAPE
814,21881,CUTE CATS TAPE
815,21882,SKULLS TAPE
816,21883,STARS GIFT TAPE 
817,21884,CAKES AND BOWS GIFT  TAPE
818,21888,BINGO SET
819,21889,WOODEN BOX OF DOMINOES
820,21890,S/6 WOODEN SKITTLES IN COTTON BAG
821,21891,TRADITIONAL WOODEN SKIPPING ROPE
822,21892,TRADITIONAL WOODEN CATCH CUP GAME 
823,21894,POTTING SHED SEED ENVELOPES
824,21895,POTTING SHED SOW 'N' GROW SET
825,21896,POTTING SHED TWINE
826,21897,POTTING SHED CANDLE CITRONELLA
827,21898,POTTING SHED ROSE CANDLE
828,21899,"KEY FOB , GARAGE DESIGN"
829,21900,"KEY FOB , SHED"
830,21901,"KEY FOB , BACK DOOR "
831,21902,"KEY FOB , FRONT  DOOR "
832,21903,MAN FLU METAL SIGN
833,21904,HOUSE WRECKING METAL SIGN 
834,21905,MORE BUTTER METAL SIGN 
835,21906,PHARMACIE FIRST AID TIN
836,21907,I'M ON HOLIDAY METAL SIGN
837,21908,CHOCOLATE THIS WAY METAL SIGN
838,21910,WAY OUT METAL SIGN 
839,21911,GARDEN METAL SIGN 
840,21912,VINTAGE SNAKES & LADDERS
841,21913,VINTAGE SEASIDE JIGSAW PUZZLES
842,21914,BLUE HARMONICA IN BOX 
843,21915,RED  HARMONICA IN BOX 
844,21916,SET 12 RETRO WHITE CHALK STICKS
845,21917,SET 12 KIDS  WHITE CHALK STICKS
846,21918,SET 12 KIDS COLOUR  CHALK STICKS
847,21922,UNION STRIPE WITH FRINGE  HAMMOCK
848,21925,UNION STRIPE CUSHION COVER 
849,21926,RED/CREAM STRIPE CUSHION COVER 
850,21927,BLUE/CREAM STRIPE CUSHION COVER 
851,21928,JUMBO BAG SCANDINAVIAN PAISLEY
852,21929,JUMBO BAG PINK VINTAGE PAISLEY
853,21930,JUMBO STORAGE BAG SKULLS
854,21931,JUMBO STORAGE BAG SUKI
855,21932,SCANDINAVIAN PAISLEY PICNIC BAG
856,21933,PINK VINTAGE PAISLEY PICNIC BAG
857,21934,SKULL SHOULDER BAG
858,21935,SUKI  SHOULDER BAG
859,21936,RED RETROSPOT PICNIC BAG
860,21937,STRAWBERRY   PICNIC BAG
861,21942,SKULLS DESIGN FLANNEL
862,21943,CAKES AND RABBITS DESIGN FLANNEL 
863,21944,KITTENS DESIGN FLANNEL
864,21945,STRAWBERRIES  DESIGN FLANNEL 
865,21946,PARTY TIME DESIGN FLANNEL
866,21947,SET OF 6 HEART CHOPSTICKS
867,21948,SET OF 6 CAKE CHOPSTICKS
868,21949,SET OF 6 STRAWBERRY CHOPSTICKS
869,21955,DOORMAT UNION JACK GUNS AND ROSES
870,21967,PACK OF 12 SKULL TISSUES
871,21972,SET OF 36 DINOSAUR PAPER DOILIES
872,21973,SET OF 36 MUSHROOM PAPER DOILIES
873,21974,SET OF 36 PAISLEY FLOWER DOILIES
874,21975,PACK OF 60 DINOSAUR CAKE CASES
875,21976,PACK OF 60 MUSHROOM CAKE CASES
876,21977,PACK OF 60 PINK PAISLEY CAKE CASES
877,21980,PACK OF 12 RED RETROSPOT TISSUES 
878,21981,PACK OF 12 WOODLAND TISSUES 
879,21982,PACK OF 12 SUKI TISSUES 
880,21983,PACK OF 12 BLUE PAISLEY TISSUES 
881,21984,PACK OF 12 PINK PAISLEY TISSUES 
882,21985,PACK OF 12 HEARTS DESIGN TISSUES 
883,21986,PACK OF 12 PINK POLKADOT TISSUES
884,21987,PACK OF 6 SKULL PAPER CUPS
885,21988,PACK OF 6 SKULL PAPER PLATES
886,21989,PACK OF 20 SKULL PAPER NAPKINS
887,21990,MODERN FLORAL STATIONERY SET
888,21991,BOHEMIAN COLLAGE STATIONERY SET
889,21992,VINTAGE PAISLEY STATIONERY SET
890,21993,FLORAL FOLK STATIONERY SET
891,22021,BLUE FELT EASTER EGG BASKET
892,22023,EMPIRE BIRTHDAY CARD
893,22024,RAINY LADIES BIRTHDAY CARD
894,22025,RING OF ROSES BIRTHDAY CARD
895,22026,BANQUET BIRTHDAY  CARD  
896,22027,TEA PARTY BIRTHDAY CARD
897,22028,PENNY FARTHING BIRTHDAY CARD
898,22029,SPACEBOY BIRTHDAY CARD
899,22030,SWALLOWS GREETING CARD
900,22031,BOTANICAL LAVENDER BIRTHDAY CARD
901,22032,BOTANICAL LILY GREETING CARD
902,22033,BOTANICAL ROSE GREETING CARD
903,22034,ROBIN CHRISTMAS CARD
904,22035,VINTAGE CARAVAN GREETING CARD 
905,22037,ROBOT BIRTHDAY CARD
906,22038,BOTANICAL LAVENDER GIFT WRAP 
907,22040,BOTANICAL ROSE GIFT WRAP
908,22041,"RECORD FRAME 7"" SINGLE SIZE "
909,22042,CHRISTMAS CARD SINGING ANGEL
910,22043,CHRISTMAS CARD SCREEN PRINT 
911,22044,CHRISTMAS CARD STACK OF PRESENTS
912,22045,SPACEBOY GIFT WRAP
913,22046,TEA PARTY  WRAPPING PAPER 
914,22047,EMPIRE GIFT WRAP
915,22048,BIRTHDAY BANQUET GIFT WRAP
916,22049,WRAP CHRISTMAS SCREEN PRINT
917,22050,PINK PAISLEY ROSE GIFT WRAP
918,22051,BLUE SCANDINAVIAN PAISLEY WRAP
919,22052,VINTAGE CARAVAN GIFT WRAP
920,22053,EMPIRE DESIGN ROSETTE
921,22055,MINI CAKE STAND  HANGING STRAWBERY
922,22057,CERAMIC PLATE STRAWBERRY DESIGN
923,22059,CERAMIC STRAWBERRY DESIGN MUG
924,22060,LARGE CAKE STAND HANGING HEARTS
925,22061,LARGE CAKE STAND  HANGING STRAWBERY
926,22062,CERAMIC BOWL WITH LOVE HEART DESIGN
927,22063,CERAMIC BOWL WITH STRAWBERRY DESIGN
928,22064,PINK DOUGHNUT TRINKET POT 
929,22065,CHRISTMAS PUDDING TRINKET POT 
930,22066,LOVE HEART TRINKET POT
931,22067,CHOC TRUFFLE GOLD TRINKET POT 
932,22068,BLACK PIRATE TREASURE CHEST
933,22069,BROWN  PIRATE TREASURE CHEST 
934,22070,SMALL RED RETROSPOT MUG IN BOX 
935,22071,SMALL WHITE RETROSPOT MUG IN BOX 
936,22072,RED RETROSPOT TEA CUP AND SAUCER 
937,22073,RED RETROSPOT STORAGE JAR
938,22074,6 RIBBONS SHIMMERING PINKS 
939,22075,6 RIBBONS ELEGANT CHRISTMAS 
940,22076,6 RIBBONS EMPIRE  
941,22077,6 RIBBONS RUSTIC CHARM
942,22078,RIBBON REEL LACE DESIGN 
943,22079,RIBBON REEL HEARTS DESIGN 
944,22080,RIBBON REEL POLKADOTS 
945,22081,RIBBON REEL FLORA + FAUNA 
946,22082,RIBBON REEL STRIPES DESIGN 
947,22083,PAPER CHAIN KIT RETROSPOT
948,22084,PAPER CHAIN KIT EMPIRE
949,22085,PAPER CHAIN KIT SKULLS 
950,22086,PAPER CHAIN KIT 50'S CHRISTMAS 
951,22087,PAPER BUNTING WHITE LACE
952,22088,PAPER BUNTING COLOURED LACE
953,22089,PAPER BUNTING VINTAGE PAISLEY
954,22090,PAPER BUNTING RETROSPOT
955,22091,EMPIRE TISSUE BOX
956,22092,BLUE PAISLEY TISSUE BOX
957,22093,MOTORING TISSUE BOX
958,22094,RED RETROSPOT TISSUE BOX
959,22095,LADS ONLY TISSUE BOX
960,22096,PINK PAISLEY SQUARE TISSUE BOX 
961,22097,SWALLOW SQUARE TISSUE BOX
962,22098,BOUDOIR SQUARE TISSUE BOX
963,22099,CARAVAN SQUARE TISSUE BOX
964,22100,SKULLS SQUARE TISSUE BOX
965,22101,MIRROR MOSAIC VOTIVE HOLDER
966,22102,MIRROR MOSAIC T-LIGHT HOLDER 
967,22103,MIRROR MOSAIC T-LIGHT HOLDER ROUND
968,22105,MIRROR MOSAIC GOBLET CANDLE HOLDER
969,22107,PIZZA PLATE IN BOX
970,22108,PING! MICROWAVE PLATE
971,22109,FULL ENGLISH BREAKFAST PLATE
972,22110,BIRD HOUSE HOT WATER BOTTLE
973,22111,SCOTTIE DOG HOT WATER BOTTLE
974,22112,CHOCOLATE HOT WATER BOTTLE
975,22113,GREY HEART HOT WATER BOTTLE
976,22114,HOT WATER BOTTLE TEA AND SYMPATHY
977,22115,METAL SIGN EMPIRE TEA
978,22116,METAL SIGN HIS DINNER IS SERVED
979,22117,METAL SIGN HER DINNER IS SERVED 
980,22118,JOY WOODEN BLOCK LETTERS
981,22119,PEACE WOODEN BLOCK LETTERS
982,22120,WELCOME  WOODEN BLOCK LETTERS
983,22121,NOEL WOODEN BLOCK LETTERS 
984,22123,PING MICROWAVE APRON
985,22127,PARTY CONES CARNIVAL ASSORTED
986,22128,PARTY CONES CANDY ASSORTED
987,22129,PARTY CONES CANDY TREE DECORATION
988,22130,PARTY CONE CHRISTMAS DECORATION 
989,22131,FOOD CONTAINER SET 3 LOVE HEART 
990,22132,RED LOVE HEART SHAPE CUP
991,22133,PINK LOVE HEART SHAPE CUP
992,22134,LADLE LOVE HEART RED 
993,22135,LADLE LOVE HEART PINK
994,22136,LOVE HEART SOCK HANGER
995,22137,BATHROOM SET LOVE HEART DESIGN
996,22138,BAKING SET 9 PIECE RETROSPOT 
997,22139,RETROSPOT TEA SET CERAMIC 11 PC 
998,22141,CHRISTMAS CRAFT TREE TOP ANGEL
999,22142,CHRISTMAS CRAFT WHITE FAIRY 
1000,22144,CHRISTMAS CRAFT LITTLE FRIENDS
1001,22145,CHRISTMAS CRAFT HEART STOCKING 
1002,22146,EASTER CRAFT IVY WREATH WITH CHICK
1003,22147,FELTCRAFT BUTTERFLY HEARTS
1004,22148,EASTER CRAFT 4 CHICKS 
1005,22149,FELTCRAFT 6 FLOWER FRIENDS
1006,22150,3 STRIPEY MICE FELTCRAFT
1007,22151,PLACE SETTING WHITE HEART
1008,22152,PLACE SETTING WHITE STAR
1009,22153,ANGEL DECORATION STARS ON DRESS
1010,22154,ANGEL DECORATION 3 BUTTONS 
1011,22155,STAR DECORATION RUSTIC
1012,22156,HEART DECORATION WITH PEARLS 
1013,22157,ANGEL DECORATION WITH LACE PADDED
1014,22158,3 HEARTS HANGING DECORATION RUSTIC
1015,22161,HEART DECORATION RUSTIC HANGING 
1016,22162,HEART GARLAND RUSTIC PADDED
1017,22163,HEART STRING MEMO HOLDER HANGING
1018,22164,STRING OF STARS CARD HOLDER
1019,22165,"DIAMANTE HEART SHAPED WALL MIRROR, "
1020,22166,WALL MIRROR RECTANGLE DIAMANTE PINK
1021,22167, OVAL WALL MIRROR DIAMANTE 
1022,22168,ORGANISER WOOD ANTIQUE WHITE 
1023,22169,FAMILY ALBUM WHITE PICTURE FRAME
1024,22170,PICTURE FRAME WOOD TRIPLE PORTRAIT
1025,22171,3 HOOK PHOTO SHELF ANTIQUE WHITE
1026,22173,METAL 4 HOOK HANGER FRENCH CHATEAU
1027,22174,PHOTO CUBE
1028,22175,PINK OWL SOFT TOY
1029,22176,BLUE OWL SOFT TOY
1030,22178,VICTORIAN GLASS HANGING T-LIGHT
1031,22179,SET 10 LIGHTS NIGHT OWL
1032,22180,RETROSPOT LAMP
1033,22181,SNOWSTORM PHOTO FRAME FRIDGE MAGNET
1034,22182,CAKE STAND VICTORIAN FILIGREE SMALL
1035,22183,CAKE STAND VICTORIAN FILIGREE MED
1036,22184,CAKE STAND VICTORIAN FILIGREE LARGE
1037,22185,SLATE TILE NATURAL HANGING
1038,22186,RED STAR CARD HOLDER
1039,22187,GREEN CHRISTMAS TREE CARD HOLDER
1040,22188,BLACK HEART CARD HOLDER
1041,22189,CREAM HEART CARD HOLDER
1042,22190,LOCAL CAFE MUG
1043,22191,IVORY DINER WALL CLOCK
1044,22192,BLUE DINER WALL CLOCK
1045,22193,RED DINER WALL CLOCK
1046,22194,BLACK DINER WALL CLOCK
1047,22195,LARGE HEART MEASURING SPOONS
1048,22196,SMALL HEART MEASURING SPOONS
1049,22197,SMALL POPCORN HOLDER
1050,22198,LARGE POPCORN HOLDER 
1051,22199,FRYING PAN RED RETROSPOT
1052,22200,FRYING PAN PINK POLKADOT
1053,22201,FRYING PAN BLUE POLKADOT
1054,22202,MILK PAN PINK POLKADOT
1055,22203,MILK PAN RED RETROSPOT
1056,22204,MILK PAN BLUE POLKADOT
1057,22207,FRYING PAN UNION FLAG
1058,22208,WOOD STAMP SET THANK YOU
1059,22209,WOOD STAMP SET HAPPY BIRTHDAY
1060,22210,WOOD STAMP SET BEST WISHES
1061,22211,WOOD STAMP SET FLOWERS
1062,22212,FOUR HOOK  WHITE LOVEBIRDS
1063,22214,CANDLE PLATE LACE WHITE
1064,22215,CAKE STAND WHITE TWO TIER LACE
1065,22216,T-LIGHT HOLDER WHITE LACE
1066,22217,T-LIGHT HOLDER HANGING LACE
1067,22218,CAKE STAND LACE WHITE
1068,22219,LOVEBIRD HANGING DECORATION WHITE 
1069,22220,CAKE STAND LOVEBIRD 2 TIER WHITE
1070,22221,CAKE STAND LOVEBIRD 2 TIER PINK
1071,22222,CAKE PLATE LOVEBIRD WHITE
1072,22223,CAKE PLATE LOVEBIRD PINK
1073,22224,WHITE LOVEBIRD LANTERN
1074,22227,HANGING HEART MIRROR DECORATION 
1075,22228,BUNNY WOODEN PAINTED WITH BIRD 
1076,22229,BUNNY WOODEN PAINTED WITH FLOWER 
1077,22230,JIGSAW TREE WITH WATERING CAN
1078,22231,JIGSAW TREE WITH BIRDHOUSE
1079,22232,JIGSAW TOADSTOOLS 3 PIECE
1080,22233,JIGSAW RABBIT AND BIRDHOUSE
1081,22236,CAKE STAND 3 TIER MAGIC GARDEN
1082,22241,GARLAND WOODEN HAPPY EASTER
1083,22242,5 HOOK HANGER MAGIC TOADSTOOL
1084,22243,5 HOOK HANGER RED MAGIC TOADSTOOL
1085,22244,3 HOOK HANGER MAGIC GARDEN
1086,22245,"HOOK, 1 HANGER ,MAGIC GARDEN"
1087,22246,"GARLAND, MAGIC GARDEN 1.8M"
1088,22247,BUNNY DECORATION MAGIC GARDEN
1089,22248,DECORATION  PINK CHICK MAGIC GARDEN
1090,22249,DECORATION WHITE CHICK MAGIC GARDEN
1091,22250,DECORATION  BUTTERFLY  MAGIC GARDEN
1092,22251,BIRDHOUSE DECORATION MAGIC GARDEN
1093,22252,BIRDCAGE DECORATION TEALIGHT HOLDER
1094,22254,FELT TOADSTOOL LARGE
1095,22255,FELT TOADSTOOL  SMALL
1096,22256,FELT FARM ANIMAL CHICKEN
1097,22257,FELT FARM ANIMAL SHEEP
1098,22258,FELT FARM ANIMAL RABBIT
1099,22259,FELT FARM ANIMAL HEN
1100,22260,FELT EGG COSY BLUE RABBIT 
1101,22261,FELT EGG COSY WHITE RABBIT 
1102,22262,FELT EGG COSY CHICKEN
1103,22263,FELT EGG COSY LADYBIRD 
1104,22264,FELT FARM ANIMAL WHITE BUNNY 
1105,22265,EASTER DECORATION NATURAL CHICK
1106,22266,EASTER DECORATION HANGING BUNNY
1107,22267,EASTER DECORATION EGG BUNNY 
1108,22268,EASTER DECORATION SITTING BUNNY
1109,22269,EGG CUP NATURAL CHICKEN
1110,22270,HAPPY EASTER HANGING DECORATION
1111,22271,FELTCRAFT DOLL ROSIE
1112,22272,FELTCRAFT DOLL MARIA
1113,22273,FELTCRAFT DOLL MOLLY
1114,22274,FELTCRAFT DOLL EMILY
1115,22275,WEEKEND BAG VINTAGE ROSE PAISLEY
1116,22276,WASH BAG VINTAGE ROSE PAISLEY
1117,22277,COSMETIC BAG VINTAGE ROSE PAISLEY
1118,22278,OVERNIGHT BAG VINTAGE ROSE PAISLEY
1119,22279,POCKET BAG BLUE PAISLEY RED SPOT
1120,22280,POCKET BAG PINK PAISELY BROWN SPOT
1121,22281,EASTER TREE YELLOW BIRDS
1122,22282,12 EGG HOUSE PAINTED WOOD
1123,22283,6 EGG HOUSE PAINTED WOOD
1124,22284,HEN HOUSE DECORATION
1125,22285,"DECORATION HEN ON NEST, HANGING"
1126,22286,"DECORATION , WOBBLY RABBIT , METAL "
1127,22287,"DECORATION , WOBBLY CHICKEN, METAL "
1128,22288,HANGING METAL RABBIT DECORATION
1129,22289,HANGING METAL CHICKEN DECORATION
1130,22291,HANGING CHICK CREAM DECORATION
1131,22292,HANGING CHICK  YELLOW DECORATION
1132,22293,HANGING CHICK GREEN DECORATION
1133,22294,HEART FILIGREE DOVE  SMALL
1134,22295,HEART FILIGREE DOVE LARGE
1135,22296,HEART IVORY TRELLIS LARGE
1136,22297,HEART IVORY TRELLIS SMALL
1137,22299,PIG KEYRING WITH LIGHT & SOUND 
1138,22300,COFFEE MUG DOG + BALL DESIGN
1139,22301,COFFEE MUG CAT + BIRD DESIGN
1140,22302,COFFEE MUG PEARS  DESIGN
1141,22303,COFFEE MUG APPLES DESIGN
1142,22304,COFFEE MUG BLUE PAISLEY DESIGN
1143,22305,COFFEE MUG PINK PAISLEY DESIGN
1144,22306,SILVER MUG BONE CHINA TREE OF LIFE
1145,22307,GOLD MUG BONE CHINA TREE OF LIFE
1146,22308,TEA COSY BLUE STRIPE
1147,22309,TEA COSY RED  STRIPE
1148,22310,IVORY KNITTED MUG COSY 
1149,22311,OFFICE MUG WARMER BLACK+SILVER 
1150,22312,OFFICE MUG WARMER POLKADOT
1151,22313,OFFICE MUG WARMER PINK
1152,22314,OFFICE MUG WARMER CHOC+BLUE
1153,22315,200 RED + WHITE BENDY STRAWS
1154,22316,200 BENDY SKULL STRAWS
1155,22317,FIVE CATS HANGING DECORATION
1156,22318,FIVE HEART HANGING DECORATION
1157,22319,HAIRCLIPS FORTIES FABRIC ASSORTED
1158,22320,BIRDS MOBILE VINTAGE DESIGN
1159,22321,BIRD DECORATION RED RETROSPOT
1160,22322,BIRD DECORATION GREEN POLKADOT
1161,22323,PINK POLKADOT KIDS BAG
1162,22324,BLUE POLKADOT KIDS BAG
1163,22325,MOBILE VINTAGE HEARTS 
1164,22326,ROUND SNACK BOXES SET OF4 WOODLAND 
1165,22327,ROUND SNACK BOXES SET OF 4 SKULLS
1166,22328,ROUND SNACK BOXES SET OF 4 FRUITS 
1167,22329,ROUND CONTAINER SET OF 5 RETROSPOT
1168,22331,WOODLAND PARTY BAG + STICKER SET
1169,22332,SKULLS PARTY BAG + STICKER SET
1170,22333,RETROSPOT PARTY BAG + STICKER SET
1171,22334,DINOSAUR PARTY BAG + STICKER SET
1172,22335,HEART DECORATION PAINTED ZINC 
1173,22336,DOVE DECORATION PAINTED ZINC 
1174,22337,ANGEL DECORATION PAINTED ZINC 
1175,22338,STAR DECORATION PAINTED ZINC 
1176,22339,CHRISTMAS TREE PAINTED ZINC 
1177,22341,LOVE GARLAND PAINTED ZINC 
1178,22342,HOME GARLAND PAINTED ZINC 
1179,22343,PARTY PIZZA DISH RED RETROSPOT
1180,22344,PARTY PIZZA DISH PINK POLKADOT
1181,22345,PARTY PIZZA DISH BLUE POLKADOT
1182,22346,PARTY PIZZA DISH GREEN POLKADOT
1183,22348,TEA BAG PLATE RED RETROSPOT
1184,22349,DOG BOWL CHASING BALL DESIGN
1185,22350,ILLUSTRATED CAT BOWL 
1186,22351,DOTCOMGIFTSHOP TEA TOWEL
1187,22352,LUNCH BOX WITH CUTLERY RETROSPOT 
1188,22353,LUNCH BOX WITH CUTLERY FAIRY CAKES 
1189,22354,RETROSPOT PADDED SEAT CUSHION
1190,22355,CHARLOTTE BAG SUKI DESIGN
1191,22356,CHARLOTTE BAG PINK POLKADOT
1192,22357,KINGS CHOICE BISCUIT TIN
1193,22358,KINGS CHOICE TEA CADDY 
1194,22359,GLASS JAR KINGS CHOICE
1195,22360,GLASS JAR ENGLISH CONFECTIONERY
1196,22361,GLASS JAR DAISY FRESH COTTON WOOL
1197,22362,GLASS JAR PEACOCK BATH SALTS
1198,22363,GLASS JAR MARMALADE 
1199,22364,GLASS JAR DIGESTIVE BISCUITS
1200,22365,DOORMAT RESPECTABLE HOUSE
1201,22366,DOORMAT AIRMAIL 
1202,22367,CHILDRENS APRON SPACEBOY DESIGN
1203,22371,AIRLINE BAG VINTAGE TOKYO 78
1204,22372,AIRLINE BAG VINTAGE WORLD CHAMPION 
1205,22374,AIRLINE BAG VINTAGE JET SET RED
1206,22375,AIRLINE BAG VINTAGE JET SET BROWN
1207,22376,AIRLINE BAG VINTAGE JET SET WHITE
1208,22377,BOTTLE BAG RETROSPOT 
1209,22378,WALL TIDY RETROSPOT 
1210,22379,RECYCLING BAG RETROSPOT 
1211,22380,TOY TIDY SPACEBOY  
1212,22381,TOY TIDY PINK POLKADOT
1213,22382,LUNCH BAG SPACEBOY DESIGN 
1214,22383,LUNCH BAG SUKI  DESIGN 
1215,22384,LUNCH BAG PINK POLKADOT
1216,22385,JUMBO BAG SPACEBOY DESIGN
1217,22386,JUMBO BAG PINK POLKADOT
1218,22389,PAPERWEIGHT SAVE THE PLANET
1219,22390,PAPERWEIGHT CHILDHOOD MEMORIES
1220,22391,PAPERWEIGHT HOME SWEET HOME
1221,22393,PAPERWEIGHT VINTAGE COLLAGE
1222,22394,PAPERWEIGHT KINGS CHOICE 
1223,22395,PAPERWEIGHT VINTAGE PAISLEY
1224,22396,MAGNETS PACK OF 4 RETRO PHOTO
1225,22398,MAGNETS PACK OF 4 SWALLOWS
1226,22399,MAGNETS PACK OF 4 CHILDHOOD MEMORY
1227,22400,MAGNETS PACK OF 4 HOME SWEET HOME
1228,22402,MAGNETS PACK OF 4 VINTAGE COLLAGE
1229,22403,MAGNETS PACK OF 4 VINTAGE LABELS 
1230,22405,MONEY BOX POCKET MONEY DESIGN
1231,22406,MONEY BOX KINGS CHOICE DESIGN
1232,22407,MONEY BOX FIRST ADE DESIGN
1233,22408,MONEY BOX CONFECTIONERY DESIGN
1234,22409,MONEY BOX BISCUITS DESIGN
1235,22410,MONEY BOX HOUSEKEEPING DESIGN
1236,22411,JUMBO SHOPPER VINTAGE RED PAISLEY
1237,22412,METAL SIGN NEIGHBOURHOOD WITCH 
1238,22413,METAL SIGN TAKE IT OR LEAVE IT 
1239,22414,DOORMAT NEIGHBOURHOOD WITCH 
1240,22415,WHITE TISSUE REAM
1241,22416,SET OF 36 DOILIES SPACEBOY DESIGN 
1242,22417,PACK OF 60 SPACEBOY CAKE CASES
1243,22418,10 COLOUR SPACEBOY PEN
1244,22419,LIPSTICK PEN RED
1245,22420,LIPSTICK PEN BABY PINK
1246,22421,LIPSTICK PEN FUSCHIA
1247,22422,TOOTHPASTE TUBE PEN
1248,22423,REGENCY CAKESTAND 3 TIER
1249,22424,ENAMEL BREAD BIN CREAM
1250,22425,ENAMEL COLANDER CREAM
1251,22426,ENAMEL WASH BOWL CREAM
1252,22427,ENAMEL FLOWER JUG CREAM
1253,22428,ENAMEL FIRE BUCKET CREAM
1254,22429,ENAMEL MEASURING JUG CREAM
1255,22430,ENAMEL WATERING CAN CREAM
1256,22431,WATERING CAN BLUE ELEPHANT
1257,22432,WATERING CAN PINK BUNNY
1258,22433,WATERING CAN GREEN DINOSAUR
1259,22434,BALLOON PUMP WITH 10 BALLOONS
1260,22435,SET OF 9 HEART SHAPED BALLOONS
1261,22436,12 COLOURED PARTY BALLOONS
1262,22437,SET OF 9 BLACK SKULL BALLOONS
1263,22438,BALLOON ART MAKE YOUR OWN FLOWERS
1264,22439,6 ROCKET BALLOONS 
1265,22440,BALLOON WATER BOMB PACK OF 35
1266,22441,GROW YOUR OWN BASIL IN ENAMEL MUG
1267,22442,GROW YOUR OWN FLOWERS SET OF 3
1268,22443,GROW YOUR OWN HERBS SET OF 3
1269,22444,GROW YOUR OWN PLANT IN A CAN 
1270,22445,PENCIL CASE LIFE IS BEAUTIFUL
1271,22446,PIN CUSHION BABUSHKA PINK
1272,22447,PIN CUSHION BABUSHKA BLUE
1273,22448,PIN CUSHION BABUSHKA RED
1274,22449,SILK PURSE BABUSHKA PINK
1275,22450,SILK PURSE BABUSHKA BLUE
1276,22451,SILK PURSE BABUSHKA RED
1277,22452,MEASURING TAPE BABUSHKA PINK
1278,22453,MEASURING TAPE BABUSHKA BLUE
1279,22454,MEASURING TAPE BABUSHKA RED
1280,22456,NATURAL SLATE CHALKBOARD LARGE 
1281,22457,NATURAL SLATE HEART CHALKBOARD 
1282,22458,CAST IRON HOOK GARDEN FORK
1283,22459,CAST IRON HOOK GARDEN TROWEL
1284,22460,EMBOSSED GLASS TEALIGHT HOLDER
1285,22461,SAVOY ART DECO CLOCK
1286,22464,HANGING METAL HEART LANTERN
1287,22465,HANGING METAL STAR LANTERN
1288,22466,FAIRY TALE COTTAGE NIGHTLIGHT
1289,22467,GUMBALL COAT RACK
1290,22468,BABUSHKA LIGHTS STRING OF 10
1291,22469,HEART OF WICKER SMALL
1292,22470,HEART OF WICKER LARGE
1293,22471,TV DINNER TRAY AIR HOSTESS 
1294,22472,TV DINNER TRAY DOLLY GIRL
1295,22473,TV DINNER TRAY VINTAGE PAISLEY
1296,22474,SPACEBOY TV DINNER TRAY
1297,22475,SKULL DESIGN TV DINNER TRAY
1298,22476,EMPIRE UNION JACK TV DINNER TRAY
1299,22477,WATERING CAN GARDEN MARKER
1300,22478,BIRDHOUSE GARDEN MARKER 
1301,22479,DAISY GARDEN MARKER
1302,22480,RED TEA TOWEL CLASSIC DESIGN
1303,22481,BLACK TEA TOWEL CLASSIC DESIGN
1304,22482,BLUE TEA TOWEL CLASSIC DESIGN
1305,22483,RED GINGHAM TEDDY BEAR 
1306,22485,SET OF 2 WOODEN MARKET CRATES
1307,22486,PLASMATRONIC LAMP
1308,22487,WHITE WOOD GARDEN PLANT LADDER
1309,22488,NATURAL SLATE RECTANGLE CHALKBOARD
1310,22489,PACK OF 12 TRADITIONAL CRAYONS
1311,22491,PACK OF 12 COLOURED PENCILS
1312,22492,MINI PAINT SET VINTAGE 
1313,22493,PAINT YOUR OWN CANVAS SET
1314,22494,EMERGENCY FIRST AID TIN 
1315,22495,SET OF 2 ROUND TINS CAMEMBERT 
1316,22496,SET OF 2 ROUND TINS DUTCH CHEESE
1317,22497,SET OF 2 TINS VINTAGE BATHROOM 
1318,22498,WOODEN REGATTA BUNTING
1319,22499,WOODEN UNION JACK BUNTING
1320,22500,SET OF 2 TINS JARDIN DE PROVENCE
1321,22501,PICNIC BASKET WICKER LARGE
1322,22502,PICNIC BASKET WICKER SMALL
1323,22503,CABIN BAG VINTAGE PAISLEY
1324,22504,CABIN BAG VINTAGE RETROSPOT
1325,22505,MEMO BOARD COTTAGE DESIGN
1326,22507,MEMO BOARD RETROSPOT  DESIGN
1327,22508,DOORSTOP RETROSPOT HEART
1328,22509,SEWING BOX RETROSPOT DESIGN 
1329,22510,GINGHAM BABUSHKA DOORSTOP
1330,22511,RETROSPOT BABUSHKA DOORSTOP
1331,22512,DOORSTOP RACING CAR DESIGN
1332,22513,DOORSTOP FOOTBALL DESIGN
1333,22514,CHILDS GARDEN SPADE BLUE
1334,22515,CHILDS GARDEN SPADE PINK
1335,22516,CHILDS GARDEN RAKE BLUE
1336,22517,CHILDS GARDEN RAKE PINK
1337,22518,CHILDS GARDEN BRUSH BLUE
1338,22519,CHILDS GARDEN BRUSH PINK
1339,22520,CHILDS GARDEN TROWEL BLUE 
1340,22521,CHILDS GARDEN TROWEL PINK
1341,22522,CHILDS GARDEN FORK BLUE 
1342,22523,CHILDS GARDEN FORK PINK
1343,22524,CHILDRENS GARDEN GLOVES BLUE
1344,22525,CHILDRENS GARDEN GLOVES PINK
1345,22526,WHEELBARROW FOR CHILDREN 
1346,22529,MAGIC DRAWING SLATE GO TO THE FAIR 
1347,22530,MAGIC DRAWING SLATE DOLLY GIRL 
1348,22531,MAGIC DRAWING SLATE CIRCUS PARADE  
1349,22532,MAGIC DRAWING SLATE LEAP FROG 
1350,22533,MAGIC DRAWING SLATE BAKE A CAKE 
1351,22534,MAGIC DRAWING SLATE SPACEBOY 
1352,22535,MAGIC DRAWING SLATE BUNNIES 
1353,22536,MAGIC DRAWING SLATE PURDEY
1354,22537,MAGIC DRAWING SLATE DINOSAUR
1355,22538,MINI JIGSAW GO TO THE FAIR
1356,22539,MINI JIGSAW DOLLY GIRL
1357,22540,MINI JIGSAW CIRCUS PARADE 
1358,22541,MINI JIGSAW LEAP FROG
1359,22543,MINI JIGSAW BAKE A CAKE 
1360,22544,MINI JIGSAW SPACEBOY
1361,22545,MINI JIGSAW BUNNIES
1362,22546,MINI JIGSAW PURDEY
1363,22547,MINI JIGSAW DINOSAUR 
1364,22548,HEADS AND TAILS SPORTING FUN
1365,22549,PICTURE DOMINOES
1366,22550,HOLIDAY FUN LUDO
1367,22551,PLASTERS IN TIN SPACEBOY
1368,22553,PLASTERS IN TIN SKULLS
1369,22554,PLASTERS IN TIN WOODLAND ANIMALS
1370,22555,PLASTERS IN TIN STRONGMAN
1371,22556,PLASTERS IN TIN CIRCUS PARADE 
1372,22557,PLASTERS IN TIN VINTAGE PAISLEY 
1373,22558,CLOTHES PEGS RETROSPOT PACK 24 
1374,22559,SEASIDE FLYING DISC
1375,22560,TRADITIONAL MODELLING CLAY
1376,22561,WOODEN SCHOOL COLOURING SET
1377,22562,MONSTERS STENCIL CRAFT
1378,22563,HAPPY STENCIL CRAFT
1379,22564,ALPHABET STENCIL CRAFT
1380,22565,FELTCRAFT HAIRBANDS PINK AND WHITE 
1381,22566,FELTCRAFT HAIRBAND PINK AND PURPLE
1382,22567,20 DOLLY PEGS RETROSPOT
1383,22568,FELTCRAFT CUSHION OWL
1384,22569,FELTCRAFT CUSHION BUTTERFLY
1385,22570,FELTCRAFT CUSHION RABBIT
1386,22571,ROCKING HORSE RED CHRISTMAS 
1387,22572,ROCKING HORSE GREEN CHRISTMAS 
1388,22573,STAR WOODEN CHRISTMAS DECORATION
1389,22574,HEART WOODEN CHRISTMAS DECORATION
1390,22575,METAL MERRY CHRISTMAS WREATH
1391,22576,SWALLOW WOODEN CHRISTMAS DECORATION
1392,22577,WOODEN HEART CHRISTMAS SCANDINAVIAN
1393,22578,WOODEN STAR CHRISTMAS SCANDINAVIAN
1394,22579,WOODEN TREE CHRISTMAS SCANDINAVIAN
1395,22580,ADVENT CALENDAR GINGHAM SACK
1396,22581,WOOD STOCKING CHRISTMAS SCANDISPOT
1397,22582,PACK OF 6 SWEETIE GIFT BOXES
1398,22583,PACK OF 6 HANDBAG GIFT BOXES
1399,22584,PACK OF 6 PANNETONE GIFT BOXES
1400,22585,PACK OF 6 BIRDY GIFT TAGS
1401,22586,FELTCRAFT HAIRBAND PINK AND BLUE
1402,22587,FELTCRAFT HAIRBAND RED AND BLUE
1403,22588,CARD HOLDER GINGHAM HEART
1404,22589,CARDHOLDER GINGHAM STAR
1405,22591,CARDHOLDER GINGHAM CHRISTMAS TREE
1406,22592,CARDHOLDER HOLLY WREATH METAL
1407,22593,CHRISTMAS GINGHAM STAR
1408,22594,CHRISTMAS GINGHAM TREE
1409,22595,CHRISTMAS GINGHAM HEART
1410,22597,CHRISTMAS MUSICAL ZINC HEART 
1411,22598,CHRISTMAS MUSICAL ZINC TREE
1412,22599,CHRISTMAS MUSICAL ZINC STAR
1413,22600,CHRISTMAS RETROSPOT STAR WOOD
1414,22601,CHRISTMAS RETROSPOT ANGEL WOOD
1415,22602,CHRISTMAS RETROSPOT HEART WOOD
1416,22603,CHRISTMAS RETROSPOT TREE WOOD
1417,22604,SET OF 4 NAPKIN CHARMS CUTLERY
1418,22605,WOODEN CROQUET GARDEN SET
1419,22606,WOODEN SKITTLES GARDEN SET
1420,22607,WOODEN ROUNDERS GARDEN SET 
1421,22608,PENS ASSORTED FUNKY JEWELED 
1422,22609,PENS ASSORTED SPACEBALL
1423,22610,PENS ASSORTED FUNNY FACE
1424,22611,VINTAGE UNION JACK SHOPPING BAG
1425,22613,PACK OF 20 SPACEBOY NAPKINS
1426,22614,PACK OF 12 SPACEBOY TISSUES
1427,22615,PACK OF 12 CIRCUS PARADE TISSUES 
1428,22616,PACK OF 12 LONDON TISSUES 
1429,22617,BAKING SET SPACEBOY DESIGN
1430,22618,COOKING SET RETROSPOT
1431,22619,SET OF 6 SOLDIER SKITTLES
1432,22620,4 TRADITIONAL SPINNING TOPS
1433,22621,TRADITIONAL KNITTING NANCY
1434,22622,BOX OF VINTAGE ALPHABET BLOCKS
1435,22623,BOX OF VINTAGE JIGSAW BLOCKS 
1436,22624,IVORY KITCHEN SCALES
1437,22625,RED KITCHEN SCALES
1438,22626,BLACK KITCHEN SCALES
1439,22627,MINT KITCHEN SCALES
1440,22628,PICNIC BOXES SET OF 3 RETROSPOT 
1441,22629,SPACEBOY LUNCH BOX 
1442,22630,DOLLY GIRL LUNCH BOX
1443,22631,CIRCUS PARADE LUNCH BOX 
1444,22632,HAND WARMER RED POLKA DOT
1445,22633,HAND WARMER UNION JACK
1446,22634,CHILDS BREAKFAST SET SPACEBOY 
1447,22635,CHILDS BREAKFAST SET DOLLY GIRL 
1448,22636,CHILDS BREAKFAST SET CIRCUS PARADE
1449,22637,PIGGY BANK RETROSPOT 
1450,22638,SET OF 4 NAPKIN CHARMS CROWNS 
1451,22639,SET OF 4 NAPKIN CHARMS HEARTS
1452,22640,SET OF 4 NAPKIN CHARMS 3 KEYS 
1453,22641,SET OF 4 NAPKIN CHARMS INSTRUMENT
1454,22642,SET OF 4 NAPKIN CHARMS STARS   
1455,22643,SET OF 4 NAPKIN CHARMS LEAVES   
1456,22644,CERAMIC CHERRY CAKE MONEY BANK
1457,22645,CERAMIC HEART FAIRY CAKE MONEY BANK
1458,22646,CERAMIC STRAWBERRY CAKE MONEY BANK
1459,22647,CERAMIC LOVE HEART MONEY BANK
1460,22649,STRAWBERRY FAIRY CAKE TEAPOT
1461,22650,CERAMIC PIRATE CHEST MONEY BANK
1462,22651,GENTLEMAN SHIRT REPAIR KIT 
1463,22652,TRAVEL SEWING KIT
1464,22653,BUTTON BOX 
1465,22654,DELUXE SEWING KIT 
1466,22655,VINTAGE RED KITCHEN CABINET
1467,22656,VINTAGE BLUE KITCHEN CABINET
1468,22659,LUNCH BOX I LOVE LONDON
1469,22660,DOORMAT I LOVE LONDON
1470,22661,CHARLOTTE BAG DOLLY GIRL DESIGN
1471,22662,LUNCH BAG DOLLY GIRL DESIGN
1472,22663,JUMBO BAG DOLLY GIRL DESIGN
1473,22664,TOY TIDY DOLLY GIRL DESIGN
1474,22665,RECIPE BOX BLUE SKETCHBOOK DESIGN
1475,22666,RECIPE BOX PANTRY YELLOW DESIGN
1476,22667,RECIPE BOX RETROSPOT 
1477,22668,PINK BABY BUNTING
1478,22669,RED BABY BUNTING 
1479,22670,FRENCH WC SIGN BLUE METAL
1480,22671,FRENCH LAUNDRY SIGN BLUE METAL
1481,22672,FRENCH BATHROOM SIGN BLUE METAL
1482,22673,FRENCH GARDEN SIGN BLUE METAL
1483,22674,FRENCH TOILET SIGN BLUE METAL
1484,22675,FRENCH KITCHEN SIGN BLUE METAL
1485,22676,FRENCH BLUE METAL DOOR SIGN 1
1486,22677,FRENCH BLUE METAL DOOR SIGN 2
1487,22678,FRENCH BLUE METAL DOOR SIGN 3
1488,22679,FRENCH BLUE METAL DOOR SIGN 4
1489,22680,FRENCH BLUE METAL DOOR SIGN 5
1490,22681,FRENCH BLUE METAL DOOR SIGN 6
1491,22682,FRENCH BLUE METAL DOOR SIGN 7
1492,22683,FRENCH BLUE METAL DOOR SIGN 8
1493,22684,FRENCH BLUE METAL DOOR SIGN 9
1494,22685,FRENCH BLUE METAL DOOR SIGN 0
1495,22686,FRENCH BLUE METAL DOOR SIGN No
1496,22688,DOORMAT PEACE ON EARTH BLUE
1497,22689,DOORMAT MERRY CHRISTMAS RED 
1498,22690,DOORMAT HOME SWEET HOME BLUE 
1499,22691,DOORMAT WELCOME SUNRISE
1500,22692,DOORMAT WELCOME TO OUR HOME
1501,22693,GROW A FLYTRAP OR SUNFLOWER IN TIN
1502,22694,WICKER STAR 
1503,22695,WICKER WREATH SMALL
1504,22696,WICKER WREATH LARGE
1505,22697,GREEN REGENCY TEACUP AND SAUCER
1506,22698,PINK REGENCY TEACUP AND SAUCER
1507,22699,ROSES REGENCY TEACUP AND SAUCER 
1508,22700,BLACK AND WHITE DOG BOWL
1509,22701,PINK DOG BOWL
1510,22702,BLACK AND WHITE CAT BOWL
1511,22703,PINK CAT BOWL
1512,22704,WRAP RED APPLES 
1513,22705,WRAP GREEN PEARS 
1514,22706,WRAP COWBOYS  
1515,22707,WRAP MONSTER FUN 
1516,22708,WRAP DOLLY GIRL
1517,22709,WRAP WEDDING DAY
1518,22710,WRAP I LOVE LONDON 
1519,22711,WRAP CIRCUS PARADE
1520,22712,CARD DOLLY GIRL 
1521,22713,CARD I LOVE LONDON 
1522,22714,CARD BIRTHDAY COWBOY
1523,22715,CARD WEDDING DAY
1524,22716,CARD CIRCUS PARADE
1525,22717,CARD DOG AND BALL 
1526,22718,CARD CAT AND TREE 
1527,22719,GUMBALL MONOCHROME COAT RACK
1528,22720,SET OF 3 CAKE TINS PANTRY DESIGN 
1529,22721,SET OF 3 CAKE TINS SKETCHBOOK
1530,22722,SET OF 6 SPICE TINS PANTRY DESIGN
1531,22723,SET OF 6 HERB TINS SKETCHBOOK
1532,22725,ALARM CLOCK BAKELIKE CHOCOLATE
1533,22726,ALARM CLOCK BAKELIKE GREEN
1534,22727,ALARM CLOCK BAKELIKE RED 
1535,22728,ALARM CLOCK BAKELIKE PINK
1536,22729,ALARM CLOCK BAKELIKE ORANGE
1537,22730,ALARM CLOCK BAKELIKE IVORY
1538,22731,3D CHRISTMAS STAMPS STICKERS 
1539,22732,3D VINTAGE CHRISTMAS STICKERS 
1540,22733,3D TRADITIONAL CHRISTMAS STICKERS
1541,22734,SET OF 6 RIBBONS VINTAGE CHRISTMAS
1542,22735,RIBBON REEL SOCKS AND MITTENS
1543,22736,RIBBON REEL MAKING SNOWMEN 
1544,22737,RIBBON REEL CHRISTMAS PRESENT 
1545,22738,RIBBON REEL SNOWY VILLAGE
1546,22739,RIBBON REEL CHRISTMAS SOCK BAUBLE
1547,22740,POLKADOT PEN
1548,22741,FUNKY DIVA PEN
1549,22742,MAKE YOUR OWN PLAYTIME CARD KIT
1550,22743,MAKE YOUR OWN FLOWERPOWER CARD KIT
1551,22744,MAKE YOUR OWN MONSOON CARD KIT
1552,22745,POPPY'S PLAYHOUSE BEDROOM 
1553,22746,POPPY'S PLAYHOUSE LIVINGROOM 
1554,22747,POPPY'S PLAYHOUSE BATHROOM
1555,22748,POPPY'S PLAYHOUSE KITCHEN
1556,22749,FELTCRAFT PRINCESS CHARLOTTE DOLL
1557,22750,FELTCRAFT PRINCESS LOLA DOLL
1558,22751,FELTCRAFT PRINCESS OLIVIA DOLL
1559,22752,SET 7 BABUSHKA NESTING BOXES
1560,22753,SMALL YELLOW BABUSHKA NOTEBOOK 
1561,22754,SMALL RED BABUSHKA NOTEBOOK 
1562,22755,SMALL PURPLE BABUSHKA NOTEBOOK 
1563,22756,LARGE YELLOW BABUSHKA NOTEBOOK 
1564,22757,LARGE RED BABUSHKA NOTEBOOK 
1565,22758,LARGE PURPLE BABUSHKA NOTEBOOK  
1566,22759,SET OF 3 NOTEBOOKS IN PARCEL
1567,22760,"TRAY, BREAKFAST IN BED"
1568,22761,CHEST 7 DRAWER MA CAMPAGNE
1569,22762,CUPBOARD 3 DRAWER MA CAMPAGNE
1570,22763,KEY CABINET MA CAMPAGNE
1571,22764,"RUSTIC WOODEN CABINET, GLASS DOORS"
1572,22765,NEWSPAPER STAND
1573,22766,PHOTO FRAME CORNICE
1574,22767,TRIPLE PHOTO FRAME CORNICE 
1575,22768,FAMILY PHOTO FRAME CORNICE
1576,22769,CHALKBOARD KITCHEN ORGANISER
1577,22770,MIRROR CORNICE
1578,22771,CLEAR DRAWER KNOB ACRYLIC EDWARDIAN
1579,22772,PINK DRAWER KNOB ACRYLIC EDWARDIAN
1580,22773,GREEN DRAWER KNOB ACRYLIC EDWARDIAN
1581,22774,RED DRAWER KNOB ACRYLIC EDWARDIAN
1582,22775,PURPLE DRAWERKNOB ACRYLIC EDWARDIAN
1583,22776,SWEETHEART CAKESTAND 3 TIER
1584,22777,GLASS BELL JAR LARGE
1585,22778,GLASS CLOCHE SMALL
1586,22779,WOODEN OWLS LIGHT GARLAND 
1587,22780,LIGHT GARLAND BUTTERFILES PINK
1588,22781,GUMBALL MAGAZINE RACK
1589,22782,SET 3 WICKER STORAGE BASKETS 
1590,22783,SET 3 WICKER OVAL BASKETS W LIDS
1591,22784,LANTERN CREAM GAZEBO 
1592,22785,SQUARECUSHION COVER PINK UNION FLAG
1593,22786,CUSHION COVER PINK UNION JACK
1594,22788,BROCANTE COAT RACK
1595,22789,T-LIGHT HOLDER SWEETHEART HANGING
1596,22791,T-LIGHT GLASS FLUTED ANTIQUE
1597,22792,FLUTED ANTIQUE CANDLE HOLDER
1598,22794,SWEETHEART WIRE MAGAZINE RACK
1599,22795,SWEETHEART RECIPE BOOK STAND
1600,22796,PHOTO FRAME 3 CLASSIC HANGING
1601,22797,CHEST OF DRAWERS GINGHAM HEART 
1602,22798,ANTIQUE GLASS DRESSING TABLE POT
1603,22799,SWEETHEART WIRE FRUIT BOWL
1604,22800,ANTIQUE TALL SWIRLGLASS TRINKET POT
1605,22801,ANTIQUE GLASS PEDESTAL BOWL
1606,22802,FAUX FUR CHOCOLATE THROW
1607,22803,IVORY EMBROIDERED QUILT 
1608,22804,CANDLEHOLDER PINK HANGING HEART
1609,22805,BLUE DRAWER KNOB ACRYLIC EDWARDIAN
1610,22806,SET OF 6 T-LIGHTS WEDDING CAKE 
1611,22807,SET OF 6 T-LIGHTS TOADSTOOLS
1612,22808,SET OF 6 T-LIGHTS EASTER CHICKS
1613,22809,SET OF 6 T-LIGHTS SANTA
1614,22810,SET OF 6 T-LIGHTS SNOWMEN
1615,22811,SET OF 6 T-LIGHTS CACTI 
1616,22812,PACK 3 BOXES CHRISTMAS PANNETONE
1617,22813,PACK 3 BOXES BIRD PANNETONE 
1618,22814,CARD PARTY GAMES 
1619,22815,CARD PSYCHEDELIC APPLES
1620,22816,CARD MOTORBIKE SANTA
1621,22817,CARD SUKI BIRTHDAY
1622,22818,CARD CHRISTMAS VILLAGE
1623,22819,"BIRTHDAY CARD, RETRO SPOT"
1624,22820,GIFT BAG BIRTHDAY
1625,22821,GIFT BAG PSYCHEDELIC APPLES
1626,22822,CREAM WALL PLANTER HEART SHAPED
1627,22823,CHEST NATURAL WOOD 20 DRAWERS
1628,22824,3 TIER SWEETHEART GARDEN SHELF
1629,22825,DECORATIVE PLANT POT WITH FRIEZE
1630,22826,LOVE SEAT ANTIQUE WHITE METAL
1631,22827,RUSTIC  SEVENTEEN DRAWER SIDEBOARD
1632,22828,REGENCY MIRROR WITH SHUTTERS
1633,22829,SWEETHEART WIRE WALL TIDY
1634,22830,UTILTY CABINET WITH HOOKS
1635,22831,WHITE BROCANTE SOAP DISH
1636,22832,BROCANTE SHELF WITH HOOKS
1637,22833,HALL CABINET WITH 3 DRAWERS
1638,22834,HAND WARMER BABUSHKA DESIGN
1639,22835,HOT WATER BOTTLE I AM SO POORLY
1640,22837,HOT WATER BOTTLE BABUSHKA 
1641,22838,3 TIER CAKE TIN RED AND CREAM
1642,22839,3 TIER CAKE TIN GREEN AND CREAM
1643,22840,ROUND CAKE TIN VINTAGE RED
1644,22841,ROUND CAKE TIN VINTAGE GREEN
1645,22842,BISCUIT TIN VINTAGE RED
1646,22843,BISCUIT TIN VINTAGE GREEN
1647,22844,VINTAGE CREAM DOG FOOD CONTAINER
1648,22845,VINTAGE CREAM CAT FOOD CONTAINER
1649,22846,BREAD BIN DINER STYLE RED 
1650,22847,BREAD BIN DINER STYLE IVORY
1651,22848,BREAD BIN DINER STYLE PINK
1652,22849,BREAD BIN DINER STYLE MINT
1653,22851,SET 20 NAPKINS FAIRY CAKES DESIGN 
1654,22852,DOG BOWL VINTAGE CREAM
1655,22853,CAT BOWL VINTAGE CREAM
1656,22854,CREAM SWEETHEART EGG HOLDER
1657,22855,FINE WICKER HEART 
1658,22856,ASSORTED EASTER DECORATIONS  BELLS
1659,22857,ASSORTED EASTER GIFT TAGS
1660,22858,EASTER TIN KEEPSAKE
1661,22859,EASTER TIN BUNNY BOUQUET
1662,22860,EASTER TIN CHICKS PINK DAISY
1663,22861,EASTER TIN CHICKS IN GARDEN
1664,22862,LOVE HEART NAPKIN BOX 
1665,22863,SOAP DISH BROCANTE
1666,22865,HAND WARMER OWL DESIGN
1667,22866,HAND WARMER SCOTTY DOG DESIGN
1668,22867,HAND WARMER BIRD DESIGN
1669,22868,NUMBER TILE COTTAGE GARDEN 0 
1670,22869,NUMBER TILE COTTAGE GARDEN 1
1671,22870,NUMBER TILE COTTAGE GARDEN 2
1672,22871,NUMBER TILE COTTAGE GARDEN 3 
1673,22872,NUMBER TILE COTTAGE GARDEN 4
1674,22873,NUMBER TILE COTTAGE GARDEN 5
1675,22874,NUMBER TILE COTTAGE GARDEN 6
1676,22875,NUMBER TILE COTTAGE GARDEN 7
1677,22876,NUMBER TILE COTTAGE GARDEN 8
1678,22877,NUMBER TILE COTTAGE GARDEN 9
1679,22878,NUMBER TILE COTTAGE GARDEN No
1680,22879,NUMBER TILE VINTAGE FONT 0
1681,22880,NUMBER TILE VINTAGE FONT 1
1682,22881,NUMBER TILE VINTAGE FONT 2
1683,22882,NUMBER TILE VINTAGE FONT 3
1684,22883,NUMBER TILE VINTAGE FONT 4
1685,22884,NUMBER TILE VINTAGE FONT 5
1686,22885,NUMBER TILE VINTAGE FONT 6 
1687,22886,NUMBER TILE VINTAGE FONT 7
1688,22887,NUMBER TILE VINTAGE FONT 8
1689,22888,NUMBER TILE VINTAGE FONT 9 
1690,22889,NUMBER TILE VINTAGE FONT No 
1691,22890,NOVELTY BISCUITS CAKE STAND 3 TIER
1692,22891,TEA FOR ONE POLKADOT
1693,22892,SET OF SALT AND PEPPER TOADSTOOLS
1694,22893,MINI CAKE STAND T-LIGHT HOLDER
1695,22894,TABLECLOTH RED APPLES DESIGN 
1696,22895,SET OF 2 TEA TOWELS APPLE AND PEARS
1697,22896,PEG BAG APPLES DESIGN
1698,22897,OVEN MITT APPLES DESIGN
1699,22898,CHILDRENS APRON APPLES DESIGN
1700,22899,CHILDREN'S APRON DOLLY GIRL 
1701,22900, SET 2 TEA TOWELS I LOVE LONDON 
1702,22902,TOTE BAG I LOVE LONDON
1703,22903,CALENDAR FAMILY FAVOURITES
1704,22904,CALENDAR PAPER CUT DESIGN
1705,22905,CALENDAR IN SEASON DESIGN
1706,22906,12 MESSAGE CARDS WITH ENVELOPES
1707,22907,PACK OF 20 NAPKINS PANTRY DESIGN
1708,22908,PACK OF 20 NAPKINS RED APPLES
1709,22909,SET OF 20 VINTAGE CHRISTMAS NAPKINS
1710,22910,PAPER CHAIN KIT VINTAGE CHRISTMAS
1711,22911,PAPER CHAIN KIT LONDON
1712,22912,YELLOW COAT RACK PARIS FASHION
1713,22913,RED COAT RACK PARIS FASHION
1714,22914,BLUE COAT RACK PARIS FASHION
1715,22915,ASSORTED BOTTLE TOP  MAGNETS 
1716,22916,HERB MARKER THYME
1717,22917,HERB MARKER ROSEMARY
1718,22918,HERB MARKER PARSLEY
1719,22919,HERB MARKER MINT
1720,22920,HERB MARKER BASIL
1721,22921,HERB MARKER CHIVES 
1722,22922,FRIDGE MAGNETS US DINER ASSORTED
1723,22923,FRIDGE MAGNETS LES ENFANTS ASSORTED
1724,22924,FRIDGE MAGNETS LA VIE EN ROSE
1725,22925,BLUE GIANT GARDEN THERMOMETER
1726,22926,IVORY GIANT GARDEN THERMOMETER
1727,22927,GREEN GIANT GARDEN THERMOMETER
1728,22928,YELLOW GIANT GARDEN THERMOMETER
1729,22929,SCHOOL DESK AND CHAIR 
1730,22930,BAKING MOULD HEART MILK CHOCOLATE
1731,22931,BAKING MOULD HEART WHITE CHOCOLATE
1732,22932,BAKING MOULD TOFFEE CUP CHOCOLATE
1733,22933,BAKING MOULD EASTER EGG MILK CHOC
1734,22934,BAKING MOULD EASTER EGG WHITE CHOC
1735,22935,BAKING MOULD ROSE MILK CHOCOLATE
1736,22936,BAKING MOULD ROSE WHITE CHOCOLATE
1737,22937,BAKING MOULD CHOCOLATE CUPCAKES
1738,22938,CUPCAKE LACE PAPER SET 6
1739,22939,APRON APPLE DELIGHT
1740,22940,FELTCRAFT CHRISTMAS FAIRY
1741,22941,CHRISTMAS LIGHTS 10 REINDEER
1742,22942,CHRISTMAS LIGHTS 10 SANTAS 
1743,22943,CHRISTMAS LIGHTS 10 VINTAGE BAUBLES
1744,22944,CHRISTMAS METAL POSTCARD WITH BELLS
1745,22945,CHRISTMAS METAL TAGS ASSORTED 
1746,22946,WOODEN ADVENT CALENDAR CREAM
1747,22947,WOODEN ADVENT CALENDAR RED
1748,22948,METAL DECORATION NAUGHTY CHILDREN 
1749,22949,36 DOILIES DOLLY GIRL
1750,22951,60 CAKE CASES DOLLY GIRL DESIGN
1751,22952,60 CAKE CASES VINTAGE CHRISTMAS
1752,22953,BIRTHDAY PARTY CORDON BARRIER TAPE
1753,22954,HEN PARTY CORDON BARRIER TAPE
1754,22955,36 FOIL STAR CAKE CASES 
1755,22956,36 FOIL HEART CAKE CASES
1756,22957,SET 3 PAPER VINTAGE CHICK PAPER EGG
1757,22960,JAM MAKING SET WITH JARS
1758,22961,JAM MAKING SET PRINTED
1759,22962,JAM JAR WITH PINK LID
1760,22963,JAM JAR WITH GREEN LID
1761,22964,3 PIECE SPACEBOY COOKIE CUTTER SET
1762,22965,3 TRADITIONAL COOKIE CUTTERS  SET
1763,22966,GINGERBREAD MAN COOKIE CUTTER
1764,22967,SET 3 SONG BIRD PAPER EGGS ASSORTED
1765,22968,ROSE COTTAGE KEEPSAKE BOX 
1766,22969,HOMEMADE JAM SCENTED CANDLES
1767,22970,LONDON BUS COFFEE MUG
1768,22971,QUEENS GUARD COFFEE MUG
1769,22972,CHILDREN'S SPACEBOY MUG
1770,22973,CHILDREN'S CIRCUS PARADE MUG
1771,22974,CHILDRENS DOLLY GIRL MUG
1772,22975,SPACEBOY CHILDRENS EGG CUP
1773,22976,CIRCUS PARADE CHILDRENS EGG CUP 
1774,22977,DOLLY GIRL CHILDRENS EGG CUP
1775,22978,PANTRY ROLLING PIN
1776,22979,PANTRY WASHING UP BRUSH
1777,22980,PANTRY SCRUBBING BRUSH
1778,22981,PANTRY APPLE CORER
1779,22982,PANTRY PASTRY BRUSH
1780,22983,CARD BILLBOARD FONT
1781,22984,CARD GINGHAM ROSE 
1782,22985,"WRAP, BILLBOARD FONTS DESIGN"
1783,22986,GINGHAM ROSE WRAP
1784,22988,SOLDIERS EGG CUP 
1785,22989,SET 2 PANTRY DESIGN TEA TOWELS
1786,22990,COTTON APRON PANTRY DESIGN
1787,22991,GIRAFFE WOODEN RULER
1788,22992,REVOLVER WOODEN RULER 
1789,22993,SET OF 4 PANTRY JELLY MOULDS
1790,22994,TRAVEL CARD WALLET RETROSPOT
1791,22995,TRAVEL CARD WALLET SUKI
1792,22996,TRAVEL CARD WALLET VINTAGE TICKET
1793,22997,TRAVEL CARD WALLET UNION JACK
1794,22998,TRAVEL CARD WALLET KEEP CALM
1795,22999,TRAVEL CARD WALLET RETRO PETALS
1796,23000,TRAVEL CARD WALLET TRANSPORT
1797,23002,TRAVEL CARD WALLET SKULLS
1798,23003,TRAVEL CARD WALLET VINTAGE ROSE 
1799,23004,TRAVEL CARD WALLET PANTRY
1800,23005,TRAVEL CARD WALLET I LOVE LONDON
1801,23006,TRAVEL CARD WALLET FLOWER MEADOW
1802,23007, SPACEBOY BABY GIFT SET
1803,23008,DOLLY GIRL BABY GIFT SET
1804,23009,I LOVE LONDON BABY GIFT SET
1805,23010,CIRCUS PARADE BABY GIFT SET
1806,23049,RECYCLED ACAPULCO MAT RED
1807,23050,RECYCLED ACAPULCO MAT GREEN
1808,23051,RECYCLED ACAPULCO MAT BLUE
1809,23052,RECYCLED ACAPULCO MAT TURQUOISE
1810,23053,RECYCLED ACAPULCO MAT PINK
1811,23054,RECYCLED ACAPULCO MAT LAVENDER
1812,23076,ICE CREAM SUNDAE LIP GLOSS
1813,23077,DOUGHNUT LIP GLOSS 
1814,23078,ICE CREAM PEN LIP GLOSS 
1815,23126,DOLLCRAFT GIRL AMELIE KIT
1816,23127,DOLLCRAFT GIRL NICOLE
1817,23128,FELTCRAFT BOY JEAN-PAUL KIT
1818,23154,SET OF 4 JAM JAR MAGNETS
1819,23155,KNICKERBOCKERGLORY MAGNET ASSORTED 
1820,23156,SET OF 5 MINI GROCERY MAGNETS
1821,23158,SET OF 5 LUCKY CAT MAGNETS 
1822,23159,SET OF 5 PANCAKE DAY MAGNETS
1823,23166,MEDIUM CERAMIC TOP STORAGE JAR
1824,23176,ABC TREASURE BOOK BOX 
1825,23177,TREASURE ISLAND BOOK BOX
1826,23178,JAM CLOCK MAGNET
1827,23179,CLOCK MAGNET MUM'S KITCHEN
1828,23180,MUM'S KITCHEN CLOCK
1829,23181,BULL DOG BOTTLE TOP WALL CLOCK
1830,23182,TOILET SIGN OCCUPIED OR VACANT
1831,23183,MOTHER'S KITCHEN SPOON REST 
1832,23184,BULL DOG BOTTLE OPENER
1833,23185,FRENCH STYLE STORAGE JAR JAM
1834,23186,FRENCH STYLE STORAGE JAR CAFE 
1835,23187,FRENCH STYLE STORAGE JAR BONBONS
1836,23193,BUFFALO BILL TREASURE BOOK BOX
1837,23194,GYMKHANNA TREASURE BOOK BOX
1838,23230,WRAP ALPHABET DESIGN
1839,23231,WRAP DOILEY DESIGN
1840,23232,WRAP VINTAGE PETALS  DESIGN
1841,23233,WRAP POPPIES  DESIGN
1842,35001G,HAND OPEN SHAPE GOLD
1843,35001W,HAND OPEN SHAPE DECO.WHITE
1844,35004B,SET OF 3 BLACK FLYING DUCKS
1845,35004C,SET OF 3 COLOURED  FLYING DUCKS
1846,35004G,SET OF 3 GOLD FLYING DUCKS
1847,35004P,SET OF 3 PINK FLYING DUCKS
1848,35095A,BLUE VICTORIAN FABRIC OVAL BOX
1849,35095B,RED VICTORIAN FABRIC OVAL BOX
1850,35241,ENAMEL BLUE RIM BISCUIT BIN
1851,35265,COLOURFUL FLOWER FRUIT BOWL
1852,35271S,GOLD PRINT PAPER BAG
1853,35400,WOODEN BOX ADVENT CALENDAR 
1854,35471D,SET OF 3 BIRD LIGHT PINK FEATHER 
1855,35591T,TURQUOISE CHRISTMAS TREE 
1856,35597A,DUSTY PINK CHRISTMAS TREE 30CM
1857,35597B,BLACKCHRISTMAS TREE 30CM
1858,35598B,BLACK CHRISTMAS TREE 60CM
1859,35598D,PINK/WHITE CHRISTMAS TREE 60CM
1860,35599B,BLACK CHRISTMAS TREE 120CM
1861,35607A,PINK FLUFFY CHRISTMAS DECORATION
1862,35607B,BLACK FEATHER CHRISTMAS DECORATION
1863,35610A,PINK CHRISTMAS FLOCK DROPLET 
1864,35610B,BLACK CHRISTMAS FLOCK DROPLET 
1865,35610C,WHITE CHRISTMAS FLOCK DROPLET 
1866,35637A,IVORY STRING CURTAIN WITH POLE 
1867,35637C,PINK STRING CURTAIN WITH POLE
1868,35638A,PINK AND BLACK STRING CURTAIN
1869,35646,VINTAGE BEAD PINK EVENING BAG
1870,35647,VINTAGE BEAD PINK SHADE 
1871,35648,VINTAGE BEAD PINK PURSE 
1872,35651,VINTAGE BEAD PINK SCARF 
1873,35653,VINTAGE BEAD NOTEBOOK
1874,35809A,ENAMEL PINK TEA CONTAINER
1875,35810A,ENAMEL PINK COFFEE CONTAINER
1876,35810B,ENAMEL BLUE RIM COFFEE CONTAINER
1877,35815P,"ACRYLIC JEWEL SNOWFLAKE, PINK"
1878,35817P,"ACRYLIC JEWEL SNOWFLAKE,PINK"
1879,35833P,4 PINK FLOCK CHRISTMAS BALLS
1880,35909A,RABBIT EASTER DECORATION
1881,35909B,PINK FLOWERS RABBIT EASTER
1882,35910A,MULTICOLOUR EASTER RABBIT 
1883,35910B,PINK FLOWERS RABBIT EASTER
1884,35911A,MULTICOLOUR RABBIT EGG WARMER
1885,35911B,PINK/FLOWER RABBIT EGG WARMER 
1886,35912B,WHITE/PINK CHICK DECORATION
1887,35913B,WHITE/PINK CHICK EASTER DECORATION
1888,35914,PINK CHICK EGG WARMER + EGG CUP
1889,35915B,BLUE KNITTED HEN 
1890,35915C,PEACH KNITTED HEN 
1891,35916A,YELLOW FELT HANGING HEART W FLOWER
1892,35916C,PINK FELT HANGING HEART W FLOWER
1893,35920,FOUR RABBIT EASTER DECORATIONS
1894,35921,EASTER BUNNY HANGING GARLAND
1895,35922,EASTER BUNNY WREATH
1896,35923,CANDY HEART HANGING DECORATION
1897,35924,HANGING FAIRY CAKE DECORATION
1898,35953,FOLKART STAR CHRISTMAS DECORATIONS
1899,35954,SMALL FOLKART STAR CHRISTMAS DEC
1900,35957,SMALLFOLKART BAUBLE CHRISTMAS DEC
1901,35958,FOLKART ZINC STAR CHRISTMAS DEC
1902,35961,FOLKART ZINC HEART CHRISTMAS DEC
1903,35965,FOLKART HEART NAPKIN RINGS
1904,35967,FOLK ART METAL STAR T-LIGHT HOLDER
1905,35968,FOLK ART METAL HEART T-LIGHT HOLDER
1906,35971,ROSE FOLKART HEART DECORATIONS
1907,35972,DAISY FOLKART HEART DECORATION
1908,37327,ASSTD MULTICOLOUR CIRCLES MUG
1909,37330,BIG POLKADOT MUG
1910,37333,"RETRO ""TEA FOR ONE"" "
1911,37340,MULTICOLOUR SPRING FLOWER MUG
1912,37342,POLKADOT COFFEE CUP & SAUCER PINK
1913,37343,POLKADOT MUG PINK 
1914,37351,ORANGE FLOWER MUG 
1915,37370,RETRO COFFEE MUGS ASSORTED
1916,37379A,PINK CHERRY BLOSSOM CUP & SAUCER
1917,37413,ICON MUG REVOLUTIONARY
1918,37423,WHITE WITH BLACK CATS PLATE
1919,37444A,YELLOW BREAKFAST CUP AND SAUCER
1920,37444B,BLUE BREAKFAST CUP AND SAUCER 
1921,37444C,PINK BREAKFAST CUP AND SAUCER 
1922,37446,MINI CAKE STAND WITH HANGING CAKES
1923,37447,CERAMIC CAKE DESIGN SPOTTED PLATE
1924,37448,CERAMIC CAKE DESIGN SPOTTED MUG
1925,37449,CERAMIC CAKE STAND + HANGING CAKES
1926,37450,CERAMIC CAKE BOWL + HANGING CAKES
1927,37461,FUNKY MONKEY MUG
1928,37462E,"PET MUG, GOLDFISH"
1929,37464,ROBOT MUG IN DISPLAY BOX
1930,37467,PIG MUG IN TWO COLOUR DESIGNS
1931,37475,SET/4 COLOURFUL MIXING BOWLS
1932,37476,CONDIMENT TRAY 4 BOWLS AND 4 SPOONS
1933,37479B,CUBIC MUG FLOCK BLUE ON BROWN
1934,37479P,CUBIC MUG FLOCK PINK ON BROWN
1935,37482P,CUBIC MUG PINK POLKADOT
1936,37488A,YELLOW PINK FLOWER DESIGN BIG BOWL
1937,37489A,YELLOW/PINK FLOWER DESIGN BIG MUG
1938,37489B,BLUE/YELLOW FLOWER DESIGN BIG MUG
1939,37489C,GREEN/BLUE FLOWER DESIGN BIG MUG
1940,37489D,PINK/GREEN FLOWER DESIGN BIG MUG
1941,37495,FAIRY CAKE BIRTHDAY CANDLE SET
1942,37500,TEA TIME TEAPOT IN GIFT BOX
1943,37501,TEA TIME TEA SET IN GIFT BOX
1944,37509,NEW ENGLAND MUG W GIFT BOX
1945,40001,WHITE BAMBOO RIBS LAMPSHADE
1946,40003,WHITE BAMBOO RIBS LAMPSHADE
1947,40005B,BLUE ORGANDY ROUND LAMPSHADE W BEA
1948,40016,CHINESE DRAGON PAPER LANTERNS
1949,40046A,RED DAISY PAPER LAMPSHADE
1950,44089A,PINK GAUZE BUTTERFLY LAMPSHADE
1951,44089C,LILAC GAUZE BUTTERFLY LAMPSHADE
1952,44091A,BLUE CRUSOE CHECK LAMPSHADE
1953,44092B,BLUE WHITE PLASTIC RINGS LAMPSHADE
1954,44092C,PURPLE/COPPER HANGING LAMPSHADE
1955,44228,CANNABIS LEAF BEAD CURTAIN
1956,44234,ASSORTED CIRCULAR MOBILE
1957,44235,ASS COL CIRCLE MOBILE 
1958,44236,PINK/PURPLE CIRCLE CURTAIN
1959,44265,M/COLOUR POM-POM CURTAIN
1960,45013,FOLDING SHOE TIDY
1961,46000M,POLYESTER FILLER PAD 45x45cm
1962,46000P,POLYESTER FILLER PAD 65CMx65CM
1963,46000R,POLYESTER FILLER PAD 45x30cm
1964,46000S,POLYESTER FILLER PAD 40x40cm
1965,46000U,POLYESTER FILLER PAD 30CMx30CM
1966,46115B,GREEN POP ART MAO CUSHION COVER 
1967,46118,FUNKY MONKEY CUSHION COVER
1968,46126A,ELVIS WALLHANGING / CURTAIN
1969,46138B,BLUE CHENILLE SHAGGY CUSHION COVER 
1970,46775D,SUNSET COLOUR CHUNKY KNITTED THROW
1971,46776B,WOVEN BERRIES CUSHION COVER 
1972,46776C,WOVEN FROST CUSHION COVER
1973,46776E,WOVEN CANDY CUSHION COVER 
1974,47013A,WINE BOTTLE DRESSING LT.BLUE
1975,47013C,WINE BOTTLE DRESSING DARK BLUE
1976,47021G,SET/6 BEAD COASTERS GAUZE BAG GOLD
1977,47310M,"SMALL POP BOX,FUNKY MONKEY"
1978,47341A,FUSCHIA TABLE RUN FLOWER 
1979,47343A,FUSCHIA FLOWER PURSE WITH BEADS
1980,47344B,BLUE FLOWER DES PURSE
1981,47348A,FUSCHIA VOILE POINTY SHOE DEC
1982,47351B,BLUE  VOILE LAMPSHADE
1983,47367B,PAIR PADDED HANGERS PINK CHECK
1984,47369A,PINK GREEN EMBROIDERY COSMETIC BAG
1985,47369B,BLUE GREEN EMBROIDERY COSMETIC BAG
1986,47420,ASSORTED COLOUR SUCTION CUP HOOK
1987,47421,ASSORTED COLOUR LIZARD SUCTION HOOK
1988,47422,ASSORTED MONKEY SUCTION CUP HOOK
1989,47469,ASSORTED SHAPES PHOTO CLIP SILVER 
1990,47471,RAINBOW PEGS PHOTO CLIP STRING
1991,47480,HANGING PHOTO CLIP ROPE LADDER
1992,47481,50CM METAL STRING WITH  7 CLIPS
1993,47503A,ASS FLORAL PRINT MULTI SCREWDRIVER
1994,47503H,ASS FLORAL PRINT SPIRIT LEVEL 
1995,47503J,SET/3 FLORAL GARDEN TOOLS IN BAG
1996,47504H,ENGLISH ROSE SPIRIT LEVEL 
1997,47504K,ENGLISH ROSE GARDEN SECATEURS
1998,47518F,ICON PLACEMAT POP ART ELVIS
1999,47556B,TEA TIME TEA TOWELS 
2000,47559B,TEA TIME OVEN GLOVE
2001,47563A,RETRO LONGBOARD IRONING BOARD COVER
2002,47566,PARTY BUNTING
2003,47566B,TEA TIME PARTY BUNTING
2004,47567B,TEA TIME KITCHEN APRON
2005,47570B,TEA TIME TABLE CLOTH
2006,47574A,ENGLISH ROSE SCENTED HANGING FLOWER
2007,47578A,ENGLISH ROSE SMALL SCENTED FLOWER
2008,47579,TEA TIME BREAKFAST BASKET
2009,47580,TEA TIME DES TEA COSY
2010,47585A,PINK FAIRY CAKE CUSHION COVER
2011,47586A,PINK FAIRY CAKE CUSHION COVER
2012,47589,CONGRATULATIONS BUNTING
2013,47590A,BLUE HAPPY BIRTHDAY BUNTING
2014,47590B,PINK HAPPY BIRTHDAY BUNTING
2015,47591B,SCOTTIES CHILDRENS APRON
2016,47591D,PINK FAIRY CAKE CHILDRENS APRON
2017,47593A,CAROUSEL PONIES BABY BIB
2018,47593B,SCOTTIE DOGS BABY BIB
2019,47594A,CAROUSEL DESIGN WASHBAG
2020,47594B,SCOTTIES DESIGN WASHBAG
2021,47599A,PINK PARTY BAGS
2022,47599B,BLUE PARTY BAGS 
2023,48111,DOORMAT 3 SMILEY CATS
2024,48116,DOORMAT MULTICOLOUR STRIPE
2025,48129,DOORMAT TOPIARY
2026,48138,DOORMAT UNION FLAG
2027,48173C,DOORMAT BLACK FLOCK 
2028,48184,DOORMAT ENGLISH ROSE 
2029,48185,DOORMAT FAIRY CAKE
2030,48187,DOORMAT NEW ENGLAND
2031,48188,DOORMAT WELCOME PUPPIES
2032,48194,DOORMAT HEARTS
2033,51008,AFGHAN SLIPPER SOCK PAIR
2034,51014A,"FEATHER PEN,HOT PINK"
2035,51014C,"FEATHER PEN,COAL BLACK"
2036,51014L,"FEATHER PEN,LIGHT PINK"
2037,51020A,SUMMER FUN DESIGN SHOWER CAP
2038,51020B,STRIPY DESIGN SHOWER CAP
2039,62018,SOMBRERO 
2040,62074B,ELEPHANT CLIP W SUCTION CUP
2041,62086A,PINK RETRO BIG FLOWER BAG
2042,62094B,TURQ ICE CREAM BUM BAG 
2043,62096A,PINK/YELLOW FLOWERS HANDBAG
2044,62096B,PURPLE/TURQ FLOWERS HANDBAG
2045,70006,LOVE HEART POCKET WARMER
2046,70007,HI TEC ALPINE HAND WARMER
2047,71038,WHITE HANGING BEADS CANDLE HOLDER
2048,71050,SMALL SINGLE FLAME CANDLE HOLDER
2049,71053,WHITE METAL LANTERN
2050,71101E,STANDING FAIRY POLE SUPPORT 
2051,71215,METAL BASE FOR CANDLES
2052,71270,PHOTO CLIP LINE
2053,71279,PINK GLASS CANDLEHOLDER
2054,71403,"PINK/WHITE ""KEEP CLEAN"" BULLET BIN"
2055,71406C,BLACK ORANGE SQUEEZER
2056,71459,HANGING JAM JAR T-LIGHT HOLDER
2057,71477,COLOUR GLASS. STAR T-LIGHT HOLDER
2058,71495B,CD WALL TIDY RED FLOWERS
2059,71496A,A4 WALL TIDY BLUE OFFICE
2060,71496B,A4 WALL TIDY RED FLOWERS
2061,71510,SQUARE METAL CANDLEHOLDER BASE
2062,72051S,BAG OF SILVER STONES
2063,72122,COFFEE SCENT PILLAR CANDLE
2064,72127,COLUMBIAN CANDLE ROUND 
2065,72128,COLUMBIAN CANDLE ROUND
2066,72130,COLUMBIAN CANDLE ROUND
2067,72131,COLUMBIAN CANDLE RECTANGLE
2068,72132,COLUMBIAN CUBE CANDLE
2069,72133,COLUMBIAN CANDLE RECTANGLE
2070,72134,COLUMBIAN  CUBE CANDLE 
2071,72140E,BEST DAD CANDLE LETTERS
2072,72225C,LAVENDER SCENT CAKE CANDLE
2073,72232,FENG SHUI PILLAR CANDLE
2074,72349B,SET/6 PURPLE BUTTERFLY T-LIGHTS
2075,72351A,SET/6 TURQUOISE BUTTERFLY T-LIGHTS
2076,72351B,SET/6 PINK  BUTTERFLY T-LIGHTS
2077,72598,SET/12 TAPER CANDLES
2078,72709,IVORY SCULPTED RND CANDLE 
2079,72741,GRAND CHOCOLATECANDLE
2080,72760B,VINTAGE CREAM 3 BASKET CAKE STAND
2081,72780,BLACK SILOUETTE CANDLE PLATE
2082,72798C,SET/4 GARDEN ROSE DINNER CANDLE
2083,72799C,PINK PILLAR CANDLE SILVER FLOCK
2084,72799E,IVORY PILLAR CANDLE SILVER FLOCK
2085,72799F,IVORY PILLAR CANDLE GOLD FLOCK
2086,72800B, 4 PURPLE FLOCK DINNER CANDLES
2087,72800C,4 PINK DINNER CANDLE SILVER FLOCK
2088,72800D,4 BLUE DINNER CANDLES SILVER FLOCK
2089,72800E,4 IVORY DINNER CANDLES SILVER FLOCK
2090,72801C,4 ROSE PINK DINNER CANDLES
2091,72801D,4 SKY BLUE DINNER CANDLES
2092,72801G,4 BURGUNDY WINE DINNER CANDLES
2093,72802A,ROSE SCENT CANDLE IN JEWELLED BOX
2094,72802B,OCEAN SCENT CANDLE IN JEWELLED BOX
2095,72802C,VANILLA SCENT CANDLE JEWELLED BOX
2096,72803A,ROSE SCENT CANDLE JEWELLED DRAWER
2097,72807A,SET/3 ROSE CANDLE IN JEWELLED BOX
2098,72807B,SET/3 OCEAN SCENT CANDLE JEWEL BOX
2099,72807C,SET/3 VANILLA SCENTED CANDLE IN BOX
2100,72815,3 WICK CHRISTMAS BRIAR CANDLE 
2101,72816,SET/3 CHRISTMAS DECOUPAGE CANDLES
2102,72817,SET OF 2 CHRISTMAS DECOUPAGE CANDLE
2103,72818,CHRISTMAS DECOUPAGE CANDLE
2104,72819,CUPID DESIGN SCENTED CANDLES
2105,72821,CUPID SCENTED CANDLE IN GLASS
2106,75011,BLUE DAISY MOBILE
2107,75013B,"STRING OF 8 BUTTERFLIES,PINK"
2108,75049L,LARGE CIRCULAR MIRROR MOBILE
2109,75131,METAL TUBE CHIME ON BAMBOO
2110,75172,PAINTED SEA SHELL METAL WINDCHIME
2111,75178,ASSTD COL BUTTERFLY/CRYSTAL W/CHIME
2112,77101A,UNION FLAG WINDSOCK
2113,78033,FLAG OF ST GEORGE CHAIR
2114,78034B,BLUE NETTING STORAGE HANGER
2115,78124,MAGAZINE RACK GEBRA ASSORTED 
2116,79000,MOROCCAN TEA GLASS
2117,79026B,"S/4 ICON COASTER,ELVIS LIVES"
2118,79030D,"TUMBLER, BAROQUE"
2119,79030G,"TUMBLER, NEW ENGLAND"
2120,79051A,SMOKEY GREY COLOUR D.O.F. GLASS
2121,79062D,"RETRO TIN ASHTRAY,REVOLUTIONARY"
2122,79063C,"RETRO PILL BOX KEY CHAIN,THE KING"
2123,79063D,"RETRO PILL BOX , REVOLUTIONARY"
2124,79066K,RETRO MOD TRAY
2125,79067,CORONA MEXICAN TRAY
2126,79071B,ENGLISH ROSE METAL WASTE BIN
2127,79144B,PAINTED LIGHTBULB STAR+ MOON
2128,79149B,SILICON STAR BULB  BLUE
2129,79151B,"SILICON CUBE 25W, BLUE"
2130,79160,HEART SHAPE WIRELESS DOORBELL
2131,79163,BLACK CHAMPAGNE GLASS
2132,79164,BLACK WINE GLASS
2133,79190A,RETRO PLASTIC 70'S TRAY
2134,79190B,RETRO PLASTIC POLKA TRAY
2135,79190D,RETRO PLASTIC DAISY TRAY
2136,79191B,RETRO PLASTIC POLKA TRAY
2137,79191C,RETRO PLASTIC ELEPHANT TRAY
2138,79191D,RETRO PLASTIC DAISY TRAY
2139,79192A,RETRO PLASTIC 70'S TRAY
2140,79302M,"ART LIGHTS,FUNK MONKEY"
2141,79321,CHILLI LIGHTS
2142,79323B,BLACK CHERRY LIGHTS
2143,79323P,PINK CHERRY LIGHTS
2144,79329,PINK FLOCK GLASS CANDLEHOLDER
2145,79331,PINK FLOCK GLASS CANDLEHOLDER
2146,79337,BLUE FLOCK GLASS CANDLEHOLDER
2147,79403,FROSTED WHITE BASE 
2148,79406,FROSTED WHITE BASE 
2149,81950V,FLOWER PURPLE CLOCK W/SUCKER
2150,82001S,VINYL RECORD FRAME SILVER
2151,82011A,"BATHROOM SCALES, TROPICAL BEACH"
2152,82011B,BATHROOM SCALES RUBBER DUCKS
2153,82011C,BATHROOM SCALES FOOTPRINTS IN SAND
2154,82095,HEART BUTTONS JEWELLERY BOX
2155,82482,WOODEN PICTURE FRAME WHITE FINISH
2156,82483,WOOD 2 DRAWER CABINET WHITE FINISH
2157,82484,WOOD BLACK BOARD ANT WHITE FINISH
2158,82486,WOOD S/3 CABINET ANT WHITE FINISH
2159,82494L,WOODEN FRAME ANTIQUE WHITE 
2160,82551,LAUNDRY 15C METAL SIGN
2161,82552,WASHROOM METAL SIGN
2162,82567,"AIRLINE LOUNGE,METAL SIGN"
2163,82578,KITCHEN METAL SIGN
2164,82580,BATHROOM METAL SIGN
2165,82581,TOILET METAL SIGN
2166,82582,AREA PATROLLED METAL SIGN
2167,82583,HOT BATHS METAL SIGN
2168,82599,FANNY'S REST STOPMETAL SIGN
2169,82600,NO SINGING METAL SIGN
2170,82605,OLD DOC RUSSEL METAL SIGN
2171,82613A,"METAL SIGN,CUPCAKE SINGLE HOOK"
2172,82613B,"METAL SIGN,CUPCAKE SINGLE HOOK"
2173,82613C,"METAL SIGN,CUPCAKE SINGLE HOOK"
2174,82613D,METAL SIGN CUPCAKE SINGLE HOOK
2175,82615,PINK MARSHMALLOW SCARF KNITTING KIT
2176,82616B,FRAPPUCINO SCARF KNITTING KIT
2177,82616C,MIDNIGHT GLAMOUR SCARF KNITTING KIT
2178,84006,MAGIC TREE -PAPER FLOWERS
2179,84012,MAGIC SHEEP WOOL GROWING FROM PAPER
2180,84029E,RED WOOLLY HOTTIE WHITE HEART.
2181,84029G,KNITTED UNION FLAG HOT WATER BOTTLE
2182,84030E,ENGLISH ROSE HOT WATER BOTTLE
2183,84031A,CHARLIE+LOLA RED HOT WATER BOTTLE 
2184,84031B,CHARLIE LOLA BLUE HOT WATER BOTTLE 
2185,84032A,CHARLIE+LOLA PINK HOT WATER BOTTLE
2186,84032B,CHARLIE + LOLA RED HOT WATER BOTTLE
2187,84033,FLAG OF ST GEORGE 
2188,84050,PINK HEART SHAPE EGG FRYING PAN
2189,84051,ASS COLOUR GLOWING TIARAS
2190,84077,WORLD WAR 2 GLIDERS ASSTD DESIGNS
2191,84078A,SET/4 WHITE RETRO STORAGE CUBES 
2192,84086B,YELLOW/BLUE RETRO RADIO
2193,84086C,PINK/PURPLE RETRO RADIO
2194,84192,ASSORTED COLOUR METAL CAT 
2195,84199,GLOW IN DARK DOLPHINS
2196,84212,"ASSORTED FLOWER COLOUR ""LEIS"""
2197,84218,BOX/12 CHICK & EGG IN BASKET
2198,84226,HEN HOUSE W FAMILY IN BARN & NEST
2199,84227,HEN HOUSE W CHICK IN NEST
2200,84228,HEN HOUSE W CHICK STANDING
2201,84231,EASTER BUNNY WITH BASKET ON BACK
2202,84247E,PACK/12 XMAS FUN CARD
2203,84247G,"DECOUPAGE,GREETING CARD,"
2204,84247K,"FOLK ART GREETING CARD,pack/12"
2205,84247L,FAWN AND MUSHROOM GREETING CARD
2206,84247N,PACK/12 BLUE FOLKART CARDS
2207,84249A,"GREETING CARD,SQUARE, DOUGHNUTS"
2208,84251B,"GREETING CARD, STICKY GORDON"
2209,84251C,"GREETING CARD, TWO SISTERS."
2210,84251G,"GREETING CARD, OVERCROWDED POOL."
2211,84279B,CHERRY BLOSSOM DECORATIVE FLASK
2212,84279P,CHERRY BLOSSOM  DECORATIVE FLASK
2213,84306,S/3 PINK SQUARE PLANTERS ROSES
2214,84313B,BLUE TV TRAY TABLE 
2215,84313C,ORANGE TV TRAY TABLE 
2216,84341B,SMALL PINK MAGIC CHRISTMAS TREE
2217,84347,ROTATING SILVER ANGELS T-LIGHT HLDR
2218,84352,SILVER CHRISTMAS TREE BAUBLE STAND 
2219,84356,POMPOM CURTAIN
2220,84358,FLOOR LAMP SHADE WOOD BASE
2221,84360,TABLE LAMP WHITE SHADE WOOD BASE
2222,84375,SET OF 20 KIDS COOKIE CUTTERS
2223,84378,SET OF 3 HEART COOKIE CUTTERS
2224,84380,SET OF 3 BUTTERFLY COOKIE CUTTERS
2225,84388,WISE MAN STAR SHAPE EGG PAN
2226,84406B,CREAM CUPID HEARTS COAT HANGER
2227,84415B,BLUE FLOCK CUSHION COVER 
2228,84429A,MEDIUM PINK BUDDHA HEAD 
2229,84452,METAL RABBIT LADDER EASTER 
2230,84457,SET/3 RABBITS FLOWER SKIPPPING ROPE
2231,84459A,PINK METAL CHICKEN HEART 
2232,84459B,YELLOW METAL CHICKEN HEART 
2233,84461,12 PINK HEN+CHICKS IN BASKET
2234,84462,3 PINK HEN+CHICKS IN BASKET
2235,84465,15 PINK FLUFFY CHICKS IN BOX
2236,84466,TOP SECRET PEN SET
2237,84497,BUTTONS AND STRIPES NOTEBOOK 
2238,84499,BLACK FLOWER CANDLE PLATE
2239,84507B,STRIPES DESIGN MONKEY DOLL
2240,84507C,BLUE CIRCLES DESIGN MONKEY DOLL
2241,84508A,CAMOUFLAGE DESIGN TEDDY
2242,84508B,STRIPES DESIGN TEDDY
2243,84508C,BLUE CIRCLES DESIGN TEDDY
2244,84509A,SET OF 4 ENGLISH ROSE PLACEMATS
2245,84509B,SET OF 4 FAIRY CAKE PLACEMATS
2246,84509C,SET OF 4 POLKADOT PLACEMATS 
2247,84509E,SET OF 4 CAROUSEL PLACEMATS 
2248,84509G,SET OF 4 FAIRY CAKE PLACEMATS 
2249,84510A,SET OF 4 ENGLISH ROSE COASTERS
2250,84510C,SET OF 4 POLKADOT COASTERS
2251,84510E,SET OF 4 GREEN CAROUSEL COASTERS
2252,84519A,TOMATO CHARLIE+LOLA COASTER SET
2253,84519B,CARROT CHARLIE+LOLA COASTER SET
2254,84520B,PACK 20 ENGLISH ROSE PAPER NAPKINS
2255,84522,PINK PARTY SUNGLASSES
2256,84527,FLAMES SUNGLASSES PINK LENSES
2257,84531A,PINK KNITTED EGG COSY
2258,84531B,BLUE KNITTED EGG COSY
2259,84534B,FAIRY CAKE NOTEBOOK A5 SIZE
2260,84535A,ENGLISH ROSE NOTEBOOK A6 SIZE
2261,84535B,FAIRY CAKES NOTEBOOK A6 SIZE
2262,84536A,ENGLISH ROSE NOTEBOOK A7 SIZE
2263,84536B,FAIRY CAKES NOTEBOOK A7 SIZE
2264,84548,CROCHET BEAR RED/BLUE  KEYRING
2265,84558A,3D DOG PICTURE PLAYING CARDS
2266,84559A,3D SHEET OF DOG STICKERS
2267,84559B,3D SHEET OF CAT STICKERS
2268,84562A,PINK/WHITE RIBBED MELAMINE JUG
2269,84563A,PINK & WHITE BREAKFAST TRAY
2270,84563B,BLUE & WHITE BREAKFAST TRAY
2271,84568,GIRLS ALPHABET IRON ON PATCHES 
2272,84569A,PACK 3 IRON ON DOG PATCHES
2273,84569B,PACK 3 FIRE ENGINE/CAR PATCHES
2274,84569C,PACK 4 FLOWER/BUTTERFLY PATCHES
2275,84569D,PACK 6 HEART/ICE-CREAM PATCHES
2276,84575A,PINK DOG CANNISTER
2277,84580,MOUSE TOY WITH PINK T-SHIRT
2278,84581,DOG TOY WITH PINK CROCHET SKIRT
2279,84584,PINK GINGHAM CAT WITH SCARF
2280,84592,CROCHET ROSE PURSE WITH SUEDE BACK
2281,84593,CROCHET ROSE DES CLOTHES HANGER
2282,84595E,LARGE TORTILLA DESIGN RED BOWL
2283,84596B,SMALL DOLLY MIX DESIGN ORANGE BOWL
2284,84596E,SMALL LICORICE DES PINK BOWL
2285,84596F,SMALL MARSHMALLOWS PINK BOWL
2286,84596G,SMALL CHOCOLATES PINK BOWL
2287,84596J,MIXED NUTS LIGHT GREEN BOWL
2288,84596L,BISCUITS SMALL BOWL LIGHT BLUE
2289,84597B,RETRO BROWN BALL ASHTRAY 
2290,84597C,RETRO PINK BALL ASHTRAY 
2291,84598,BOYS ALPHABET IRON ON PATCHES
2292,84600,NEW BAROQUE JEWELLERY BOX 
2293,84609,TALL ROCOCO CANDLE HOLDER
2294,84613A,PINK NEW BAROQUE FLOCK CANDLESTICK
2295,84613C,BLUE NEW BAROQUE FLOCK CANDLESTICK
2296,84614A,PINK BAROQUE FLOCK CANDLE HOLDER
2297,84616,SILVER ROCCOCO CHANDELIER
2298,84617,NEW BAROQUE BLACK BOXES
2299,84620,BLUE GINGHAM ROSE CUSHION COVER
2300,84625A,PINK NEW BAROQUECANDLESTICK CANDLE
2301,84625C,BLUE NEW BAROQUE CANDLESTICK CANDLE
2302,84631,FRUIT TREE AND BIRDS WALL PLAQUE
2303,84632,DECORATIVE HANGING SHELVING UNIT
2304,84637,KITCHEN FLOWER POTS WALL PLAQUE
2305,84638,SMALL KITCHEN FLOWER POTS PLAQUE
2306,84658,WHITE STITCHED CUSHION COVER
2307,84659A,WHITE TRAVEL ALARM CLOCK
2308,84660A,WHITE STITCHED WALL CLOCK
2309,84660B,BLACK STITCHED WALL CLOCK
2310,84660C,PINK STITCHED WALL CLOCK
2311,84661C,PINK SQUARE TABLE CLOCK
2312,84663A,GRASS HOPPER WOODEN WALL CLOCK 
2313,84665,SQUARE CHERRY BLOSSOM CABINET
2314,84666,SQUARE CHERRY BLOSSOM CABINET
2315,84673A,PINK FLY SWAT
2316,84673B,BLUE FLY SWAT
2317,84674,FLYING PIG WATERING CAN
2318,84675,FROG KING WATERING CAN
2319,84678,CLASSICAL ROSE SMALL VASE
2320,84683,CLASSICAL ROSE CANDLESTAND
2321,84685,BEACH HUT KEY CABINET
2322,84687,BEACH HUT SHELF W 3 DRAWERS
2323,84688,BEACH HUT DESIGN BLACKBOARD
2324,84691,PACK 20 DOLLY PEGS
2325,84692,BOX OF 24 COCKTAIL PARASOLS
2326,84706D,CHERRY BLOSSOM TABLE CLOCK 
2327,84707A,SILVER JEWELLED MIRROR TRINKET TRAY
2328,84707B,PINK JEWELLED MIRROR TRINKET TRAY
2329,84708B,PINK JEWELLED PHOTO FRAME 
2330,84709B,PINK OVAL JEWELLED MIRROR
2331,84711A,SILVER OVAL SHAPE TRINKET BOX
2332,84712B,PINK JEWELLED PHOTO FRAME
2333,84715,SET OF 6 ICE CREAM SKITTLES
2334,84723,CHERRY BLOSSOM CANVAS ART PICTURE
2335,84725,FREESTYLE CANVAS ART PICTURE
2336,84741C,CITRUS GARLAND FELT FLOWERS 
2337,84744,S/6 SEW ON CROCHET FLOWERS
2338,84745A,PINK HANGING GINGHAM EASTER HEN
2339,84745B,BLUE HANGING GINGHAM EASTER HEN
2340,84748,FOLK FELT HANGING MULTICOL GARLAND
2341,84750A,PINK SMALL GLASS CAKE STAND
2342,84750B,BLACK SMALL GLASS CAKE STAND
2343,84751B,BLACK MEDIUM GLASS CAKE STAND
2344,84754,S/15 SILVER GLASS BAUBLES IN BAG
2345,84755,COLOUR GLASS T-LIGHT HOLDER HANGING
2346,84760S,SMALL HANGING GLASS+ZINC LANTERN
2347,84763,ZINC FINISH 15CM PLANTER POTS
2348,84766,SILVER ROCOCO CANDLE STICK
2349,84773,RED ROSE AND LACE C/COVER
2350,84789,ENCHANTED BIRD PLANT CAGE
2351,84792,ENCHANTED BIRD COATHANGER 5 HOOK
2352,84795B,SUNSET CHECK HAMMOCK
2353,84795C,OCEAN STRIPE HAMMOCK 
2354,84796A,PINK HAWAIIAN PICNIC HAMPER FOR 2
2355,84796B,BLUE SAVANNAH PICNIC HAMPER FOR 2
2356,84798A,PINK FOXGLOVE ARTIIFCIAL FLOWER
2357,84798B,PURPLE FOXGLOVE ARTIIFCIAL FLOWER
2358,84799,SPRIG LAVENDER ARTIFICIAL FLOWER
2359,84800L,LARGE WHITE/PINK ROSE ART FLOWER
2360,84800M,MEDIUM WHITE/PINK ROSE ART FLOWER
2361,84800S,SMALL WHITE/PINK ROSE ART FLOWER
2362,84801A,PINK HYDRANGEA ART FLOWER
2363,84801B,WHITE HYDRANGEA ART FLOWER
2364,84802A,WHITE ANEMONE ARTIFICIAL FLOWER
2365,84802B,PURPLE ANEMONE ARTIFICIAL FLOWER
2366,84803B,WHITE ALLIUM  ARTIFICIAL FLOWER
2367,84804A,CREAM DELPHINIUM ARTIFICIAL FLOWER
2368,84805A,CREAM CLIMBING HYDRANGA ART FLOWER
2369,84806A,PINK CANDYSTUFT ARTIFICIAL FLOWER
2370,84806B,WHITE CANDYSTUFT ARTIFICIAL FLOWER
2371,84809A,WHITE CHRYSANTHEMUMS ART FLOWER
2372,84809B,PINK CHRYSANTHEMUMS ART FLOWER
2373,84813,SET OF 4 DIAMOND NAPKIN RINGS
2374,84816,DANISH ROSE BEDSIDE CABINET
2375,84817,DANISH ROSE DECORATIVE PLATE
2376,84818,DANISH ROSE PHOTO FRAME
2377,84819,DANISH ROSE ROUND SEWING BOX
2378,84820,DANISH ROSE TRINKET TRAYS
2379,84821,DANISH ROSE DELUXE COASTER
2380,84823,DANISH ROSE FOLDING CHAIR
2381,84826,ASSTD DESIGN 3D PAPER STICKERS
2382,84827,ASS DES PHONE SPONGE CRAFT STICKER
2383,84828,JUNGLE POPSICLES ICE LOLLY HOLDERS
2384,84832,ZINC WILLIE WINKIE  CANDLE STICK
2385,84836,ZINC METAL HEART DECORATION
2386,84840,SWEETHEART CARRY-ALL BASKET
2387,84842,HELLO SAILOR BATHROOM SET
2388,84843,WHITE SOAP RACK WITH 2 BOTTLES
2389,84846A,SCENTED CANDLE IN DIGITALIS TIN
2390,84847,FLORAL BATHROOM SET
2391,84849A,HELLO SAILOR BLUE SOAP HOLDER
2392,84849B,FAIRY SOAP SOAP HOLDER
2393,84849D,HOT BATHS SOAP HOLDER
2394,84854,GIRLY PINK TOOL SET
2395,84857C,PINK MONTE CARLO HANDBAG
2396,84858C,PINK RIVIERA HANDBAG
2397,84859A,SILVER DISCO HANDBAG
2398,84859C,PINK DISCO HANDBAG
2399,84865,NEW BAROQUE BLACK PHOTO ALBUM
2400,84870B,BLUE GEISHA GIRL 
2401,84870C,GREEN GEISHA GIRL 
2402,84874B,BLUE TRAVEL FIRST AID KIT
2403,84875B,GREEN SQUARE COMPACT MIRROR
2404,84876B,GREEN HEART COMPACT MIRROR
2405,84876D,BLUE HEART COMPACT MIRROR
2406,84877B,GREEN ROUND COMPACT MIRROR
2407,84877D,BLUE ROUND COMPACT MIRROR
2408,84879,ASSORTED COLOUR BIRD ORNAMENT
2409,84880,WHITE WIRE EGG HOLDER
2410,84881,BLUE WIRE SPIRAL CANDLE HOLDER
2411,84882,GREEN WIRE STANDING CANDLE HOLDER
2412,84884A,ANT WHITE WIRE HEART SPIRAL
2413,84898F,YELLOW FLOWERS FELT HANDBAG KIT
2414,84905,PINK BUTTERFLY CUSHION COVER 
2415,84906,PINK B'FLY C/COVER W BOBBLES
2416,84907,PINK YELLOW PATCH CUSHION COVER
2417,84910A,PINK PAISLEY CUSHION COVER 
2418,84912A,PINK ROSE WASHBAG
2419,84912B,GREEN ROSE WASHBAG
2420,84913A,SOFT PINK ROSE TOWEL 
2421,84913B,MINT GREEN ROSE TOWEL
2422,84915,HAND TOWEL PINK FLOWER AND DAISY
2423,84916,HAND TOWEL PALE BLUE W FLOWERS
2424,84917,WHITE HAND TOWEL WITH BUTTERFLY
2425,84919,BLUE CUSHION COVER WITH FLOWER
2426,84920,PINK FLOWER FABRIC PONY
2427,84921,CREAM AND PINK FLOWERS PONY 
2428,84922,PINK BUTTERFLY WASHBAG
2429,84924A,WAKE UP COCKEREL CALENDAR SIGN 
2430,84925D,LA PALMIERA WALL THERMOMETER
2431,84925F,PSYCHEDELIC WALL THERMOMETER
2432,84926A,WAKE UP COCKEREL TILE COASTER
2433,84926D,LA PALMIERA TILE COASTER
2434,84926E,FLOWERS TILE COASTER
2435,84926F,PSYCHEDELIC TILE COASTER
2436,84927A,WAKE UP COCKEREL TILE HOOK
2437,84927D,LA PALMIERA TILE HOOK
2438,84927E,FLOWERS TILE HOOK
2439,84927F,PSYCHEDELIC TILE HOOK
2440,84929,ASSTD FRUIT+FLOWERS FRIDGE MAGNETS
2441,84931A,PINK SCOTTIE DOG W FLOWER PATTERN
2442,84931B,BLUE SCOTTIE DOG W FLOWER PATTERN
2443,84944,SET OF 6 KASHMIR FOLKART BAUBLES
2444,84945,MULTI COLOUR SILVER T-LIGHT HOLDER
2445,84946,ANTIQUE SILVER TEA GLASS ETCHED
2446,84947,ANTIQUE SILVER TEA GLASS ENGRAVED
2447,84949,SILVER HANGING T-LIGHT HOLDER
2448,84950,ASSORTED COLOUR T-LIGHT HOLDER
2449,84951A,SET OF 4 PISTACHIO LOVEBIRD COASTER
2450,84951B,SET OF 4 BLACK LOVEBIRD COASTERS
2451,84952A,CLEAR LOVE BIRD T-LIGHT HOLDER
2452,84952B,BLACK LOVE BIRD T-LIGHT HOLDER
2453,84952C,MIRROR LOVE BIRD T-LIGHT HOLDER
2454,84963A,PINK PAINTED KASHMIRI CHAIR
2455,84968A,SET OF 16 VINTAGE ROSE CUTLERY
2456,84968B,SET OF 16 VINTAGE IVORY CUTLERY
2457,84968C,SET OF 16 VINTAGE PISTACHIO CUTLERY
2458,84968D,SET OF 16 VINTAGE RED CUTLERY
2459,84968E,SET OF 16 VINTAGE BLACK CUTLERY
2460,84968F,SET OF 16 VINTAGE SKY BLUE CUTLERY
2461,84969,BOX OF 6 ASSORTED COLOUR TEASPOONS
2462,84970L,SINGLE HEART ZINC T-LIGHT HOLDER
2463,84970S,HANGING HEART ZINC T-LIGHT HOLDER
2464,84971S,SMALL HEART FLOWERS HOOK 
2465,84974,S/2 ZINC HEART DESIGN PLANTERS
2466,84975,HEART SHAPED MIRROR
2467,84976,RECTANGULAR SHAPED MIRROR
2468,84978,HANGING HEART JAR T-LIGHT HOLDER
2469,84985A,SET OF 72 GREEN PAPER DOILIES
2470,84987,SET OF 36 TEATIME PAPER DOILIES
2471,84988,SET OF 72 PINK HEART PAPER DOILIES
2472,84989A,75 GREEN FAIRY CAKE CASES
2473,84991,60 TEATIME FAIRY CAKE CASES
2474,84992,72 SWEETHEART FAIRY CAKE CASES
2475,84993A,75 GREEN PETIT FOUR CASES
2476,84993B,75 BLACK PETIT FOUR CASES
2477,84997A,GREEN 3 PIECE POLKADOT CUTLERY SET
2478,84997B,RED 3 PIECE RETROSPOT CUTLERY SET
2479,84997C,BLUE 3 PIECE POLKADOT CUTLERY SET
2480,84997D,PINK 3 PIECE POLKADOT CUTLERY SET
2481,85006,SET 4 NURSERY DES ROUND BOXES
2482,85008,SET OF 3 CONEY ISLAND OVAL BOXES
2483,85014A,BLACK/BLUE POLKADOT UMBRELLA
2484,85014B,RED RETROSPOT UMBRELLA
2485,85015,SET OF 12  VINTAGE POSTCARD SET
2486,85016,SET OF 6 VINTAGE NOTELETS KIT
2487,85017A,ENVELOPE 50 ROMANTIC IMAGES
2488,85017B,ENVELOPE 50 BLOSSOM IMAGES
2489,85017C,ENVELOPE 50 CURIOUS IMAGES
2490,85018D,YULETIDE IMAGES S/6 PAPER BOXES
2491,85019A,ROMANTIC IMAGES NOTEBOOK SET
2492,85019B,BLOSSOM  IMAGES NOTEBOOK SET
2493,85019C,CURIOUS  IMAGES NOTEBOOK SET
2494,85020,ROUND PINK HEART MIRROR
2495,85023B,EAU DE NILE JEWELLED PHOTOFRAME
2496,85024B,EAU DE NILE JEWELLED PHOTOFRAME
2497,85024C,PINK SMALL JEWELLED PHOTOFRAME
2498,85025B,EAU DE NILE HEART SHAPE PHOTO FRAME
2499,85025C,PINK HEART SHAPE PHOTO FRAME
2500,85026B,EAU DE NILE JEWELLED T-LIGHT HOLDER
2501,85027L,FRENCH CHATEAU LARGE PLATTER 
2502,85028L,FRENCH CHATEAU LARGE FRUIT BOWL 
2503,85028S,FRENCH CHATEAU SMALL FRUITBOWL
2504,85030,FRENCH CHATEAU OVAL PLATTER
2505,85031A,ROMANTIC IMAGES SCRAP BOOK SET
2506,85031B,BLOSSOM IMAGES SCRAP BOOK SET
2507,85031C,CURIOUS IMAGES SCRAP BOOK SET
2508,85032A,ROMANTIC IMAGES GIFT WRAP SET
2509,85032B,BLOSSOM IMAGES GIFT WRAP SET
2510,85032C,CURIOUS IMAGES GIFT WRAP SET
2511,85032D,YULETIDE IMAGES GIFT WRAP SET
2512,85034A,3 GARDENIA MORRIS BOXED CANDLES
2513,85034B,3 WHITE CHOC MORRIS BOXED CANDLES
2514,85034C,3 ROSE MORRIS BOXED CANDLES
2515,85035A,GARDENIA 3 WICK MORRIS BOXED CANDLE
2516,85035B,CHOCOLATE 3 WICK MORRIS BOX CANDLE
2517,85035C,ROSE 3 WICK MORRIS BOX CANDLE
2518,85036A,GARDENIA 1 WICK MORRIS BOXED CANDLE
2519,85036B,CHOCOLATE 1 WICK MORRIS BOX CANDLE
2520,85036C,ROSE 1 WICK MORRIS BOXED CANDLE
2521,85038,6 CHOCOLATE LOVE HEART T-LIGHTS
2522,85039A,SET/4 RED MINI ROSE CANDLE IN BOWL
2523,85039B,S/4 IVORY MINI ROSE CANDLE IN BOWL
2524,85039C,S/4 BLACK MINI ROSE CANDLE IN BOWL
2525,85040A,S/4 PINK FLOWER CANDLES IN BOWL
2526,85040B,SET/4 BLUE FLOWER CANDLES IN BOWL
2527,85045,GREEN CHRISTMAS TREE STRING 20LIGHT
2528,85047,WHITE BEADED GARLAND STRING 20LIGHT
2529,85048,15CM CHRISTMAS GLASS BALL 20 LIGHTS
2530,85049A,TRADITIONAL CHRISTMAS RIBBONS
2531,85049B,LUSH GREENS RIBBONS
2532,85049C,ROMANTIC PINKS RIBBONS 
2533,85049D,BRIGHT BLUES RIBBONS 
2534,85049E,SCANDINAVIAN REDS RIBBONS
2535,85049F,BABY BOOM RIBBONS 
2536,85049G,CHOCOLATE BOX RIBBONS 
2537,85049H,URBAN BLACK RIBBONS 
2538,85053,FRENCH ENAMEL CANDLEHOLDER
2539,85054,FRENCH ENAMEL POT W LID
2540,85055,FRENCH ENAMEL UTENSIL HOLDER
2541,85059,FRENCH ENAMEL WATER BASIN
2542,85061W,WHITE JEWELLED HEART DECORATION
2543,85062,PEARL CRYSTAL PUMPKIN T-LIGHT HLDR
2544,85064,CREAM SWEETHEART LETTER RACK
2545,85066,CREAM SWEETHEART MINI CHEST
2546,85067,CREAM SWEETHEART WALL CABINET
2547,85071A,BLUE CHARLIE+LOLA PERSONAL DOORSIGN
2548,85071B,RED CHARLIE+LOLA PERSONAL DOORSIGN
2549,85071C,"CHARLIE+LOLA""EXTREMELY BUSY"" SIGN"
2550,85071D,CHARLIE+LOLA MY ROOM DOOR SIGN
2551,85078,SCANDINAVIAN 3 HEARTS NAPKIN RING
2552,85084,HOLLY TOP CHRISTMAS STOCKING
2553,85086A,CANDY SPOT HEART DECORATION
2554,85087,CANDY SPOT CUSHION COVER
2555,85088,CANDY SPOT HAND BAG
2556,85089,CANDY SPOT BUNNY
2557,85092,CANDY SPOT TEA COSY
2558,85093,CANDY SPOT EGG WARMER HARE
2559,85094,CANDY SPOT EGG WARMER RABBIT
2560,85095,THREE CANVAS LUGGAGE TAGS
2561,85096,HILDA CANDY SPOT RABBIT
2562,85099B,JUMBO BAG RED RETROSPOT
2563,85099C,JUMBO  BAG BAROQUE BLACK WHITE
2564,85099F,JUMBO BAG STRAWBERRY
2565,85103,SILVER T-LIGHT SETTING
2566,85104,SILVER GLASS T-LIGHT SET
2567,85106,CUT GLASS HEXAGON T-LIGHT HOLDER
2568,85107,CUT GLASS T-LIGHT HOLDER OCTAGON
2569,85109,PINK BOUDOIR T-LIGHT HOLDER
2570,85111,SILVER GLITTER FLOWER VOTIVE HOLDER
2571,85114A,BLACK ENCHANTED FOREST PLACEMAT
2572,85114B,IVORY ENCHANTED FOREST PLACEMAT
2573,85114C,RED ENCHANTED FOREST PLACEMAT
2574,85116,BLACK CANDELABRA T-LIGHT HOLDER
2575,85118,HEART T-LIGHT HOLDER
2576,85123A,WHITE HANGING HEART T-LIGHT HOLDER
2577,85124B,BLUE JUICY FRUIT PHOTO FRAME
2578,85124C,GREEN JUICY FRUIT PHOTO FRAME
2579,85125,SMALL ROUND CUT GLASS CANDLESTICK
2580,85127,SMALL SQUARE CUT GLASS CANDLESTICK
2581,85129B,BEADED CRYSTAL HEART GREEN SMALL
2582,85129C,BEADED CRYSTAL HEART BLUE SMALL
2583,85129D,BEADED CRYSTAL HEART PINK SMALL
2584,85130A,BEADED PEARL HEART WHITE LARGE
2585,85130B,BEADED CRYSTAL HEART GREEN LARGE
2586,85130C,BEADED CRYSTAL HEART BLUE  LARGE
2587,85130D,BEADED CRYSTAL HEART PINK LARGE
2588,85131A,BEADED PEARL HEART WHITE ON STICK
2589,85131B,BEADED CRYSTAL HEART GREEN ON STICK
2590,85131C,BEADED CRYSTAL HEART BLUE ON STICK
2591,85131D,BEADED CRYSTAL HEART PINK ON STICK
2592,85132A,CHARLIE + LOLA BISCUITS TINS
2593,85132B,CHARLIE AND LOLA TABLE TINS
2594,85132C,CHARLIE AND LOLA FIGURES TINS
2595,85135A,YELLOW DRAGONFLY HELICOPTER
2596,85135B,BLUE DRAGONFLY HELICOPTER
2597,85135C,RED DRAGONFLY HELICOPTER
2598,85136A,YELLOW SHARK HELICOPTER
2599,85136B,BLUE SHARK HELICOPTER
2600,85136C,RED SHARK HELICOPTER
2601,85141,JARDIN ETCHED GLASS FRUITBOWL
2602,85144,JARDIN ETCHED GLASS BUTTER DISH
2603,85145,JARDIN ETCHED GLASS LARGE BELL JAR
2604,85146,JARDIN ETCHED GLASS SMALL BELL JAR
2605,85150,LADIES & GENTLEMEN METAL SIGN
2606,85152,HAND OVER THE CHOCOLATE   SIGN 
2607,85159A,"BLACK TEA,COFFEE,SUGAR JARS"
2608,85159B,"WHITE TEA,COFFEE,SUGAR JARS"
2609,85160B,BLACK BIRD GARDEN DESIGN MUG
2610,85161,ACRYLIC GEOMETRIC LAMP
2611,85163A,WHITE BAROQUE WALL CLOCK 
2612,85163B,BLACK BAROQUE WALL CLOCK 
2613,85167B,BLACK GRAND BAROQUE PHOTO FRAME
2614,85169A,IVORY LOVE BIRD CANDLE
2615,85169B,BLACK LOVE BIRD CANDLE
2616,85169C,EAU DE NIL LOVE BIRD CANDLE
2617,85169D,PINK LOVE BIRD CANDLE
2618,85170A,SET/6 IVORY BIRD T-LIGHT CANDLES
2619,85170B,SET/6 BLACK BIRD T-LIGHT CANDLES
2620,85170C,SET/6 EAU DE NIL BIRD T-LIGHTS
2621,85170D,SET/6 PINK BIRD T-LIGHT CANDLES
2622,85172,HYACINTH BULB T-LIGHT CANDLES
2623,85173,SET/6 FROG PRINCE T-LIGHT CANDLES
2624,85174,S/4 CACTI CANDLES
2625,85175,CACTI T-LIGHT CANDLES
2626,85176,SEWING SUSAN 21 NEEDLE SET
2627,85177,BASKET OF FLOWERS SEWING KIT
2628,85178,VICTORIAN SEWING KIT
2629,85179A,GREEN BITTY LIGHT CHAIN
2630,85180A,RED HEARTS LIGHT CHAIN 
2631,85180B,PINK HEARTS LIGHT CHAIN 
2632,85183A,CHARLIE & LOLA WASTEPAPER BIN BLUE
2633,85183B,CHARLIE & LOLA WASTEPAPER BIN FLORA
2634,85184C,S/4 VALENTINE DECOUPAGE HEART BOX
2635,85185B,PINK HORSE SOCK PUPPET
2636,85185D,FROG SOCK PUPPET
2637,85186A,EASTER BUNNY GARLAND OF FLOWERS
2638,85186C,BUNNY EGG GARLAND
2639,85187,S/12 MINI RABBIT EASTER
2640,85188A,GREEN METAL SWINGING BUNNY
2641,85188B,PINK METAL SWINGING BUNNY
2642,85189,HANGING BUTTERFLY  EGG
2643,85194L,HANGING SPRING FLOWER EGG LARGE
2644,85194S,HANGING SPRING FLOWER EGG SMALL
2645,85195,HANGING HEART BASKET
2646,85197,SET OF 12 MINI BUNNIES IN A BUCKET
2647,85198,ASSORTED FARMYARD ANIMALS IN BUCKET
2648,85199L,LARGE HANGING IVORY & RED WOOD BIRD
2649,85199S,SMALL HANGING IVORY/RED WOOD BIRD
2650,85200,BUNNY EGG BOX
2651,85202,HANGING WOOD AND FELT HEART
2652,85203,HANGING WOOD AND FELT BUTTERFLY 
2653,85204,HANGING WOOD AND FELT FLOWER
2654,85205B,PINK FELT EASTER RABBIT GARLAND
2655,85206A,CREAM FELT EASTER EGG BASKET
2656,85206B,PINK FELT EASTER EGG BASKET
2657,85208,SET/12 FUNKY FELT FLOWER PEG IN BAG
2658,85211,S/4 GROOVY CAT MAGNETS
2659,85212,MINI PAINTED GARDEN DECORATION 
2660,85213,MINI  ZINC GARDEN DECORATIONS 
2661,85214,TUB 24 PINK FLOWER PEGS
2662,85215,ASSORTED CHEESE FRIDGE MAGNETS
2663,85216,ASSORTED CAKES FRIDGE MAGNETS
2664,85224,ASSORTED COLOUR SILK GLASSES CASE
2665,85227,SET OF 6 3D KIT CARDS FOR KIDS
2666,85230A,OPIUM SCENTED VOTIVE CANDLE
2667,85230B,CINNAMON SCENTED VOTIVE CANDLE
2668,85230E,STRAWBRY SCENTED VOTIVE CANDLE
2669,85230F,JASMINE VOTIVE CANDLE
2670,85230G,ORANGE VOTIVE CANDLE
2671,85231B,CINAMMON SET OF 9 T-LIGHTS
2672,85231G,ORANGE SCENTED SET/9 T-LIGHTS
2673,85232A,SET/3 POLKADOT STACKING TINS
2674,85232B,SET OF 3 BABUSHKA STACKING TINS
2675,85232D,SET/3 DECOUPAGE STACKING TINS
2676,90000A,RASPBERRY ANT COPPER FLOWER NECKLAC
2677,90000B,MIDNIGHT BLUE COPPER FLOWER NECKLAC
2678,90000D,COPPER/OLIVE GREEN FLOWER NECKLACE
2679,90002D,FLOWER BURST SILVER RING CRYSTAL
2680,90003B,ROSE COLOUR PAIR HEART HAIR SLIDES
2681,90003C,MIDNIGHT BLUE PAIR HEART HAIR SLIDE
2682,90003D,CRYSTAL PAIR HEART HAIR SLIDES
2683,90010A,MIDNIGHT BLUE GLASS/SILVER BRACELET
2684,90010B,BLACK/WHITE GLASS/SILVER BRACELET
2685,90010E,AMBER GLASS/SILVER BRACELET
2686,90011B,BLACK CRYSTAL DROP EARRINGS
2687,90014A,SILVER/MOP ORBIT NECKLACE
2688,90014B,GOLD M PEARL  ORBIT NECKLACE
2689,90016A,SILVER/M.O.P PENDANT ORBIT NECKLACE
2690,90016B,GOLD/M.O.P PENDANT ORBIT NECKLACE
2691,90018A,SILVER M.O.P ORBIT DROP EARRINGS
2692,90018B,GOLD M.O.P ORBIT DROP EARRINGS
2693,90019A,SILVER M.O.P ORBIT BRACELET
2694,90022,EDWARDIAN DROP EARRINGS JET BLACK
2695,90023,FILIGREE DIAMANTE EARRINGS
2696,90024C,NEW BAROQUE B'FLY NECKLACE GREEN
2697,90024F,NEW BAROQUE B'FLY NECKLACE CRYSTAL
2698,90026B,GLASS BEAD HOOP NECKLACE MONTANA
2699,90026C,GLASS BEAD HOOP NECKLACE GREEN
2700,90026D,GLASS BEAD HOOP NECKLACE AMETHYST
2701,90027A,GLASS BEAD HOOP EARRINGS BLACK
2702,90027D,GLASS BEAD HOOP EARRINGS AMETHYST
2703,90029,NEW BAROQUE SMALL NECKLACE BLACK
2704,90030B,RED KUKUI COCONUT SEED NECKLACE
2705,90032,IVORY SHELL HEART NECKLACE
2706,90035A,"PEARL & SHELL 42""NECKL. GREEN"
2707,90036D,"FLOWER GLASS GARLAND NECKL.36""BLACK"
2708,90036E,"FLOWER GLASS GARLD NECKL36""AMETHYST"
2709,90036F,"FLOWER GLASS GARLD NECKL36""TURQUOIS"
2710,90037B,TINY CRYSTAL BRACELET GREEN
2711,90038B,GLASS AND PAINTED BEADS BRACELET OL
2712,90038C,GLASS AND BEADS BRACELET IVORY
2713,90039C,FIRE POLISHED GLASS BRACELET BLACK
2714,90040A,MURANO STYLE GLASS BRACELET RED
2715,90040B,MURANO STYLE GLASS BRACELET BLACK
2716,90040C,MURANO STYLE GLASS BRACELET GOLD
2717,90042A,FRESHWATER PEARL BRACELET GOLD
2718,90055,CRACKED GLAZE EARRINGS BROWN
2719,90057,DIAMANTE RING ASSORTED IN BOX.
2720,90058B,CRYSTAL STUD EARRINGS ASSORTED COL 
2721,90059B,DIAMANTE HAIR GRIP PACK/2 BLACK DIA
2722,90059C,DIAMANTE HAIR GRIP PACK/2 MONTANA
2723,90059E,DIAMANTE HAIR GRIP PACK/2 RUBY
2724,90060B,FIRE POLISHED GLASS NECKL GOLD
2725,90060D,FIRE POLISHED GLASS NECKL BRONZE
2726,90062,CARNIVAL BRACELET
2727,90063A,WHITE VINT ART DECO CRYSTAL NECKLAC
2728,90063B,BLACK VINT ART DEC CRYSTAL NECKLACE
2729,90064A,WHITE VINTAGE CRYSTAL EARRINGS
2730,90064B,BLACK VINTAGE  CRYSTAL EARRINGS
2731,90065A,WHITE VINTAGE CRYSTAL BRACELET
2732,90067A,PINK VINTAGE VICTORIAN EARRINGS
2733,90070,RUBY GLASS CLUSTER BRACELET
2734,90072,RUBY DROP CHANDELIER EARRINGS
2735,90073,VINTAGE ENAMEL & CRYSTAL EARRINGS
2736,90078,PINK/WHITE GLASS DEMI CHOKER
2737,90081A,LILY BROOCH AMETHYST COLOUR
2738,90081C,LILY BROOCH OLIVE COLOUR
2739,90082A,DIAMANTE BOW BROOCH GREEN COLOUR
2740,90082B,DIAMANTE BOW BROOCH RED COLOUR
2741,90082D,DIAMANTE BOW BROOCH BLACK COLOUR
2742,90084,PINK CRYSTAL GUITAR PHONE CHARM
2743,90086,CRYSTAL FROG PHONE CHARM
2744,90094,NECKLACE+BRACELET SET FRUIT SALAD 
2745,90096,NECKLACE+BRACELET SET BLUE BLOSSOM
2746,90098,NECKLACE+BRACELET PINK BUTTERFLY
2747,90099,NECKLACE+BRACELET SET BLUE HIBISCUS
2748,90100,NECKLACE+BRACELET SET PINK DAISY
2749,90104,PURPLE FRANGIPANI HAIRCLIP
2750,90108,BLUE BLOSSOM HAIR CLIP
2751,90114,SUMMER DAISIES BAG CHARM
2752,90120B,BLUE MURANO TWIST BRACELET
2753,90120C,GREEN MURANO TWIST BRACELET
2754,90120D,WHITE MURANO TWIST BRACELET
2755,90122A,PINK CRYSTAL+GLASS BRACELET
2756,90122B,JADE CRYSTAL+GLASS BRACELET
2757,90122C,TURQUOISE CRYSTAL+GLASS BRACELET
2758,90123A,PINK HEART OF GLASS BRACELET
2759,90123B,TURQUOISE HEART OF GLASS BRACELET
2760,90123C,GREEN HEART OF GLASS BRACELET
2761,90123D,WHITE HEART OF GLASS BRACELET
2762,90124A,PINK MURANO TWIST NECKLACE
2763,90124B,BLUE MURANO TWIST NECKLACE
2764,90124C,GREEN MURANO TWIST NECKLACE
2765,90125A,PINK BERTIE GLASS BEAD BAG CHARM
2766,90125B,AQUA BERTIE GLASS BEAD BAG CHARM
2767,90125C,TURQUOISE BERTIE GLASS BEAD CHARM
2768,90125D,PURPLE BERTIE GLASS BEAD BAG CHARM
2769,90128B,BLUE LEAVES AND BEADS PHONE CHARM
2770,90129A,PINK GLASS TASSLE BAG CHARM 
2771,90129B,TURQUOISE GLASS TASSLE BAG CHARM 
2772,90129C,GREEN GLASS TASSLE BAG CHARM
2773,90129F,RED GLASS TASSLE BAG CHARM
2774,90131,PINK/AMETHYST/GOLD NECKLACE
2775,90133,TEAL/FUSCHIA COL BEAD NECKLACE
2776,90136,PALE PINK/AMETHYST STONE NECKLACE
2777,90141A,GREEN PENDANT TRIPLE SHELL NECKLACE
2778,90141C,TURQ PENDANT TRIPLE SHELL NECKLACE
2779,90143,SILVER BRACELET W PASTEL FLOWER
2780,90145,SILVER HOOP EARRINGS WITH FLOWER
2781,90146,FINE SILVER NECKLACE W PASTEL FLOWE
2782,90147,CHUNKY SILVER NECKLACE PASTEL FLOWE
2783,90148,LONG SILVER NECKLACE PASTEL FLOWER
2784,90151,SILVER/NATURAL SHELL NECKLACE
2785,90152A,SILVER/NAT SHELL NECKLACE W PENDANT
2786,90152B,BLUE/GREEN SHELL NECKLACE W PENDANT
2787,90152C,BLUE/NAT SHELL NECKLACE W PENDANT
2788,90154,LAZER CUT NECKLACE W PASTEL BEADS
2789,90155,RESIN NECKLACE W PASTEL BEADS
2790,90156,RESIN BRACELET W PASTEL BEADS
2791,90160A,PURPLE BOUDICCA LARGE BRACELET
2792,90160B,RED BOUDICCA LARGE BRACELET
2793,90160C,TURQ+RED BOUDICCA LARGE BRACELET
2794,90160D,PINK BOUDICCA LARGE BRACELET
2795,90161A,ANT COPPER RED BOUDICCA BRACELET
2796,90161B,ANT COPPER TURQ BOUDICCA BRACELET
2797,90161C,ANT COPPER LIME BOUDICCA BRACELET
2798,90161D,ANT COPPER PINK BOUDICCA BRACELET
2799,90162B,ANT SILVER LIME GREEN BOUDICCA RING
2800,90162C,ANT SILVER FUSCHIA BOUDICCA RING
2801,90162D,ANT SILVER PURPLE BOUDICCA RING
2802,90164A,PINK ROSEBUD PEARL BRACELET
2803,90165B,WHITE ROSEBUD  PEARL EARRINGS
2804,90166,PINK & WHITE ROSEBUD RING
2805,90167,BEADED LOVE HEART JEWELLERY SET
2806,90170,DAISY HAIR BAND
2807,90173,PAIR BUTTERFLY HAIR CLIPS
2808,90174,BUTTERFLY HAIR BAND
2809,90175A,WHITE GLASS CHUNKY CHARM BRACELET
2810,90175C,BLUE GLASS CHUNKY CHARM BRACELET
2811,90175D,TIGRIS EYE CHUNKY CHARM BRACELET
2812,90177B,DROP DIAMANTE EARRINGS BLACK DIAMON
2813,90177C,DROP DIAMANTE EARRINGS CRYSTAL
2814,90177D,DROP DIAMANTE EARRINGS PURPLE
2815,90178A,AMBER CHUNKY GLASS+BEAD NECKLACE
2816,90178B,PURPLE CHUNKY GLASS+BEAD NECKLACE
2817,90179A,AMBER FINE BEAD NECKLACE W TASSEL
2818,90179C,BLACK FINE BEAD NECKLACE W TASSEL
2819,90180A,BLACK+WHITE NECKLACE W TASSEL
2820,90180B,PURPLE AMETHYST NECKLACE W TASSEL
2821,90183C,BLACK DROP EARRINGS W LONG BEADS
2822,90184A,AMBER CHUNKY BEAD BRACELET W STRAP
2823,90184B,AMETHYST CHUNKY BEAD BRACELET W STR
2824,90184C,BLACK CHUNKY BEAD BRACELET W STRAP
2825,90185A,AMBER DIAMANTE EXPANDABLE RING
2826,90185B,AMETHYST DIAMANTE EXPANDABLE RING
2827,90185C,BLACK DIAMANTE EXPANDABLE RING
2828,90185D,CRYSTAL DIAMANTE EXPANDABLE RING
2829,90186A,AMETHYST HOOP EARRING FLORAL LEAF
2830,90186B,CRYSTAL HOOP EARRING FLORAL LEAF
2831,90190C,SILVER/AMETHYST DROP EARRINGS LEAF
2832,90191,SILVER LARIAT 40CM
2833,90192,JADE DROP EARRINGS W FILIGREE
2834,90194,SILVER LARIAT BLACK STONE EARRINGS
2835,90195A,PURPLE GEMSTONE BRACELET
2836,90195B,BLACK GEMSTONE BRACELET
2837,90196A,PURPLE GEMSTONE NECKLACE 45CM
2838,90196B,BLACK GEMSTONE NECKLACE 45CM
2839,90197B,BLACK GLASS BRACELET W HEART CHARMS
2840,90198A,VINTAGE ROSE BEAD BRACELET RASPBERR
2841,90198B,VINTAGE ROSE BEAD BRACELET BLACK
2842,90199A,5 STRAND GLASS NECKLACE BLACK
2843,90199C,5 STRAND GLASS NECKLACE CRYSTAL
2844,90199D,5 STRAND GLASS NECKLACE AMBER
2845,90200A,PURPLE SWEETHEART BRACELET
2846,90200B,BLACK SWEETHEART BRACELET
2847,90200C,BLUE SWEETHEART BRACELET
2848,90200D,PINK SWEETHEART BRACELET
2849,90200E,GREEN SWEETHEART BRACELET
2850,90201B,BLACK ENAMEL FLOWER RING
2851,90202B,WHITE ENAMEL FLOWER HAIR TIE
2852,90202C,GREEN ENAMEL FLOWER HAIR TIE
2853,90204,PAIR OF ENAMEL BUTTERFLY HAIRCLIP
2854,90209B,GREEN ENAMEL+GLASS HAIR COMB
2855,90209C,PINK ENAMEL+GLASS HAIR COMB
2856,90210A,GREY ACRYLIC FACETED BANGLE
2857,90210B,CLEAR ACRYLIC FACETED BANGLE
2858,90210C,RED   ACRYLIC FACETED BANGLE
2859,90210D,PURPLE ACRYLIC FACETED BANGLE
2860,90211B,JET BLACK LAS VEGAS NECKLACE 45CM
2861,90212B,JET BLACK LAS VEGAS BRACELET ROUND
2862,90212C,PURPLE LAS VEGAS BRACELET ROUND
2863,90214A,"LETTER ""A"" BLING KEY RING"
2864,90214B,"LETTER ""B"" BLING KEY RING"
2865,90214C,"LETTER ""C"" BLING KEY RING"
2866,90214D,"LETTER ""D"" BLING KEY RING"
2867,90214G,"LETTER ""G"" BLING KEY RING"
2868,90214J,"LETTER ""J"" BLING KEY RING"
2869,90214K,"LETTER ""K"" BLING KEY RING"
2870,90214M,"LETTER ""M"" BLING KEY RING"
2871,90214P,"LETTER ""P"" BLING KEY RING"
2872,90214R,"LETTER ""R"" BLING KEY RING"
2873,90214S,"LETTER ""S"" BLING KEY RING"
2874,90214V,"LETTER ""V"" BLING KEY RING"
2875,BANK CHARGES,Bank Charges
2876,C2,CARRIAGE
2877,M,Manual
2878,POST,POSTAGE
