InvoiceNo,InvoiceDate,CustomerID
536365,12/1/10 8:26,17850.0
536366,12/1/10 8:28,17850.0
536367,12/1/10 8:34,13047.0
536368,12/1/10 8:34,13047.0
536369,12/1/10 8:35,13047.0
536370,12/1/10 8:45,12583.0
536371,12/1/10 9:00,13748.0
536372,12/1/10 9:01,17850.0
536373,12/1/10 9:02,17850.0
536374,12/1/10 9:09,15100.0
536375,12/1/10 9:32,17850.0
536376,12/1/10 9:32,15291.0
536377,12/1/10 9:34,17850.0
536378,12/1/10 9:37,14688.0
536380,12/1/10 9:41,17809.0
536381,12/1/10 9:41,15311.0
C536379,12/1/10 9:41,14527.0
536382,12/1/10 9:45,16098.0
C536383,12/1/10 9:49,15311.0
536384,12/1/10 9:53,18074.0
536385,12/1/10 9:56,17420.0
536386,12/1/10 9:57,16029.0
536387,12/1/10 9:58,16029.0
536388,12/1/10 9:59,16250.0
536389,12/1/10 10:03,12431.0
536390,12/1/10 10:19,17511.0
C536391,12/1/10 10:24,17548.0
536392,12/1/10 10:29,13705.0
536393,12/1/10 10:37,13747.0
536394,12/1/10 10:39,13408.0
536395,12/1/10 10:47,13767.0
536396,12/1/10 10:51,17850.0
536397,12/1/10 10:51,17924.0
536398,12/1/10 10:52,13448.0
536399,12/1/10 10:52,17850.0
536400,12/1/10 10:53,13448.0
536401,12/1/10 11:21,15862.0
536402,12/1/10 11:22,15513.0
536403,12/1/10 11:27,12791.0
536404,12/1/10 11:29,16218.0
536405,12/1/10 11:32,14045.0
536406,12/1/10 11:33,17850.0
536407,12/1/10 11:34,17850.0
536408,12/1/10 11:41,14307.0
536409,12/1/10 11:45,17908.0
536412,12/1/10 11:49,17920.0
536414,12/1/10 11:52,
536415,12/1/10 11:57,12838.0
536416,12/1/10 11:58,13255.0
536420,12/1/10 12:03,16583.0
536423,12/1/10 12:08,18085.0
536425,12/1/10 12:08,13758.0
536437,12/1/10 12:12,13694.0
536446,12/1/10 12:15,15983.0
536460,12/1/10 12:22,14849.0
536463,12/1/10 12:22,14849.0
536464,12/1/10 12:23,17968.0
536466,12/1/10 12:23,14849.0
536477,12/1/10 12:27,16210.0
536488,12/1/10 12:31,17897.0
536500,12/1/10 12:35,17377.0
536502,12/1/10 12:36,16552.0
536508,12/1/10 12:38,17181.0
C536506,12/1/10 12:38,17897.0
536514,12/1/10 12:40,17951.0
536520,12/1/10 12:43,14729.0
536521,12/1/10 12:48,12748.0
536522,12/1/10 12:49,15012.0
536523,12/1/10 12:50,12868.0
536524,12/1/10 12:51,17572.0
536525,12/1/10 12:54,14078.0
536526,12/1/10 12:58,14001.0
536527,12/1/10 13:04,12662.0
536528,12/1/10 13:17,15525.0
536529,12/1/10 13:20,14237.0
536530,12/1/10 13:21,17905.0
536531,12/1/10 13:23,15485.0
536532,12/1/10 13:24,12433.0
536533,12/1/10 13:31,16955.0
536534,12/1/10 13:33,15350.0
536535,12/1/10 13:38,15605.0
536536,12/1/10 13:45,18144.0
536537,12/1/10 13:51,15922.0
536538,12/1/10 13:54,14594.0
536539,12/1/10 14:03,15165.0
536540,12/1/10 14:05,14911.0
536541,12/1/10 14:05,14911.0
536542,12/1/10 14:11,16456.0
C536543,12/1/10 14:30,17841.0
536544,12/1/10 14:32,
536545,12/1/10 14:32,
536546,12/1/10 14:33,
536547,12/1/10 14:33,
C536548,12/1/10 14:33,12472.0
536549,12/1/10 14:34,
536550,12/1/10 14:34,
536551,12/1/10 14:34,17346.0
536552,12/1/10 14:34,
536553,12/1/10 14:35,
536554,12/1/10 14:35,
536555,12/1/10 14:37,
536556,12/1/10 14:38,17643.0
536557,12/1/10 14:41,17841.0
536558,12/1/10 14:48,
536559,12/1/10 14:54,17873.0
536560,12/1/10 15:00,13093.0
536561,12/1/10 15:06,12921.0
536562,12/1/10 15:08,13468.0
536563,12/1/10 15:08,17760.0
536564,12/1/10 15:08,13468.0
536565,12/1/10 15:15,
536566,12/1/10 15:21,16928.0
536567,12/1/10 15:27,16048.0
536568,12/1/10 15:28,16048.0
536569,12/1/10 15:35,16274.0
536570,12/1/10 15:35,14496.0
536571,12/1/10 15:37,14696.0
536572,12/1/10 15:40,16539.0
536573,12/1/10 15:45,17025.0
536574,12/1/10 15:46,17025.0
536575,12/1/10 16:01,13777.0
536576,12/1/10 16:11,13777.0
536577,12/1/10 16:13,13777.0
536578,12/1/10 16:15,17690.0
536579,12/1/10 16:16,13777.0
536580,12/1/10 16:17,17690.0
536581,12/1/10 16:19,13777.0
536582,12/1/10 16:21,12947.0
536583,12/1/10 16:21,13777.0
536584,12/1/10 16:22,13777.0
536585,12/1/10 16:24,17460.0
536586,12/1/10 16:25,18229.0
536587,12/1/10 16:33,14142.0
536588,12/1/10 16:49,17069.0
536589,12/1/10 16:50,
536590,12/1/10 16:52,13065.0
536591,12/1/10 16:57,14606.0
536591,12/1/10 16:58,14606.0
536592,12/1/10 17:06,
536593,12/1/10 17:15,16835.0
536594,12/1/10 17:22,15235.0
536595,12/1/10 17:24,13576.0
536596,12/1/10 17:29,
536597,12/1/10 17:35,18011.0
536598,12/2/10 7:48,13090.0
536599,12/2/10 7:49,15694.0
536600,12/2/10 8:32,17850.0
536601,12/2/10 8:33,17850.0
536602,12/2/10 8:34,17850.0
536603,12/2/10 8:40,17850.0
536604,12/2/10 8:43,14741.0
536605,12/2/10 8:52,13715.0
C536606,12/2/10 9:10,14092.0
536607,12/2/10 9:29,17732.0
536608,12/2/10 9:37,12855.0
536609,12/2/10 9:41,17850.0
536610,12/2/10 9:42,17850.0
536611,12/2/10 9:43,15752.0
536612,12/2/10 9:44,17850.0
536613,12/2/10 9:44,17855.0
536614,12/2/10 9:44,17850.0
536615,12/2/10 10:09,14047.0
536616,12/2/10 10:10,17925.0
536617,12/2/10 10:17,13941.0
536618,12/2/10 10:17,17017.0
536619,12/2/10 10:18,17017.0
536620,12/2/10 10:27,14135.0
536621,12/2/10 10:35,13108.0
C536622,12/2/10 10:37,12471.0
536623,12/2/10 10:39,15601.0
536624,12/2/10 10:45,13418.0
536626,12/2/10 10:46,13418.0
C536625,12/2/10 10:46,14766.0
536627,12/2/10 10:53,15658.0
536628,12/2/10 10:54,17850.0
536629,12/2/10 10:55,17850.0
536630,12/2/10 10:56,17850.0
536631,12/2/10 10:58,17850.0
536632,12/2/10 11:02,14388.0
536633,12/2/10 11:20,14901.0
536634,12/2/10 11:21,18041.0
536635,12/2/10 11:22,15955.0
536636,12/2/10 11:23,15070.0
536637,12/2/10 11:35,18041.0
536638,12/2/10 11:41,16244.0
536639,12/2/10 11:45,15111.0
536640,12/2/10 11:45,
536641,12/2/10 11:46,12748.0
C536642,12/2/10 11:56,14390.0
536643,12/2/10 11:57,14390.0
536663,12/2/10 12:07,16546.0
536667,12/2/10 12:09,15260.0
536670,12/2/10 12:09,15260.0
536671,12/2/10 12:10,13305.0
536672,12/2/10 12:10,14491.0
536673,12/2/10 12:11,14060.0
536674,12/2/10 12:16,15923.0
536676,12/2/10 12:18,16752.0
536681,12/2/10 12:22,17287.0
536685,12/2/10 12:23,17850.0
536688,12/2/10 12:24,17850.0
536690,12/2/10 12:25,17850.0
536693,12/2/10 12:26,17850.0
536698,12/2/10 12:28,15363.0
536707,12/2/10 12:33,12915.0
536732,12/2/10 12:47,15544.0
536733,12/2/10 12:50,15738.0
C536734,12/2/10 12:50,16042.0
536735,12/2/10 12:58,17381.0
536736,12/2/10 12:59,17381.0
C536737,12/2/10 13:05,15922.0
536738,12/2/10 13:06,15827.0
536739,12/2/10 13:08,14180.0
536740,12/2/10 13:08,15827.0
536741,12/2/10 13:11,13117.0
536742,12/2/10 13:14,16916.0
536743,12/2/10 13:32,17964.0
536744,12/2/10 13:36,14466.0
536745,12/2/10 13:38,17235.0
536746,12/2/10 13:39,16510.0
536747,12/2/10 13:44,17802.0
536748,12/2/10 13:45,15107.0
536749,12/2/10 13:49,17976.0
536750,12/2/10 14:04,17850.0
536751,12/2/10 14:05,17850.0
536752,12/2/10 14:06,17850.0
536753,12/2/10 14:07,17850.0
536754,12/2/10 14:09,14449.0
536755,12/2/10 14:14,
536756,12/2/10 14:23,
C536757,12/2/10 14:23,15838.0
C536758,12/2/10 14:25,13767.0
536759,12/2/10 14:26,16781.0
C536760,12/2/10 14:29,17547.0
536761,12/2/10 14:30,13491.0
536762,12/2/10 14:40,16186.0
536763,12/2/10 14:42,17685.0
536764,12/2/10 14:42,
536765,12/2/10 14:43,
536769,12/2/10 14:47,17581.0
536771,12/2/10 14:49,17581.0
536777,12/2/10 15:00,15732.0
536778,12/2/10 15:03,13138.0
536779,12/2/10 15:08,15823.0
536780,12/2/10 15:09,
536781,12/2/10 15:14,17460.0
536782,12/2/10 15:18,17567.0
536783,12/2/10 15:19,15061.0
536784,12/2/10 15:20,15061.0
536785,12/2/10 15:22,15061.0
536786,12/2/10 15:23,15061.0
536787,12/2/10 15:24,17850.0
536788,12/2/10 15:25,15061.0
536789,12/2/10 15:25,17850.0
536790,12/2/10 15:26,17850.0
536791,12/2/10 15:27,17850.0
536792,12/2/10 15:28,15061.0
536793,12/2/10 15:39,16203.0
536794,12/2/10 15:40,13767.0
536795,12/2/10 15:40,15640.0
536796,12/2/10 15:46,15574.0
536797,12/2/10 15:49,16770.0
536798,12/2/10 15:55,17838.0
536799,12/2/10 16:00,17228.0
536800,12/2/10 16:12,14829.0
536801,12/2/10 16:12,
536802,12/2/10 16:29,17412.0
536803,12/2/10 16:33,14911.0
536804,12/2/10 16:34,14031.0
536805,12/2/10 16:38,14775.0
536806,12/2/10 16:42,12971.0
C536807,12/2/10 16:45,15834.0
536808,12/2/10 16:46,17659.0
536809,12/2/10 16:48,15299.0
536810,12/2/10 16:50,15299.0
536811,12/2/10 16:51,15299.0
C536812,12/2/10 16:58,16546.0
536813,12/2/10 16:59,15646.0
C536814,12/2/10 17:03,13958.0
C536815,12/2/10 17:05,14443.0
C536816,12/2/10 17:06,14443.0
C536817,12/2/10 17:08,14156.0
C536818,12/2/10 17:09,16995.0
536819,12/2/10 17:12,13402.0
C536820,12/2/10 17:14,18168.0
536821,12/2/10 17:17,17757.0
C536822,12/2/10 17:19,14625.0
536823,12/2/10 17:22,13011.0
536824,12/2/10 17:24,13798.0
C536825,12/2/10 17:27,15384.0
C536826,12/2/10 17:30,17924.0
C536827,12/2/10 17:31,13408.0
C536828,12/2/10 17:35,14264.0
C536829,12/2/10 17:36,13295.0
536830,12/2/10 17:38,16754.0
536831,12/2/10 17:40,16029.0
536832,12/2/10 17:41,16634.0
536833,12/2/10 17:48,18239.0
536834,12/2/10 17:51,14576.0
536835,12/2/10 18:06,13145.0
536836,12/2/10 18:08,18168.0
536837,12/2/10 18:15,14395.0
536838,12/2/10 18:23,14865.0
536839,12/2/10 18:25,15093.0
536840,12/2/10 18:27,12738.0
536841,12/2/10 18:27,16150.0
536842,12/2/10 18:45,17552.0
536843,12/2/10 18:46,17552.0
536844,12/2/10 18:49,14236.0
536845,12/2/10 19:18,17961.0
536846,12/2/10 19:59,14573.0
536847,12/3/10 9:31,17135.0
536848,12/3/10 9:39,13408.0
536849,12/3/10 9:45,17396.0
C536850,12/3/10 9:47,14213.0
536851,12/3/10 9:49,12967.0
536852,12/3/10 9:51,12686.0
C536853,12/3/10 10:07,14679.0
C536854,12/3/10 10:09,15240.0
C536855,12/3/10 10:11,18225.0
536856,12/3/10 10:26,13370.0
536857,12/3/10 10:33,16883.0
536858,12/3/10 10:36,13520.0
536859,12/3/10 10:43,12841.0
536860,12/3/10 10:43,16905.0
536861,12/3/10 10:44,12427.0
536862,12/3/10 11:13,
536863,12/3/10 11:19,17967.0
536864,12/3/10 11:27,
536865,12/3/10 11:28,
536866,12/3/10 11:28,
536874,12/3/10 11:35,16891.0
536876,12/3/10 11:36,
536883,12/3/10 11:41,
536884,12/3/10 11:42,14589.0
536885,12/3/10 11:42,
536890,12/3/10 11:48,14156.0
536920,12/3/10 12:01,
536938,12/3/10 12:05,14680.0
536941,12/3/10 12:08,
536942,12/3/10 12:08,
536943,12/3/10 12:11,17884.0
536944,12/3/10 12:20,12557.0
536945,12/3/10 12:24,14083.0
536946,12/3/10 12:28,13013.0
536947,12/3/10 12:29,13013.0
536954,12/3/10 12:41,17809.0
536956,12/3/10 12:43,14210.0
536957,12/3/10 12:43,17809.0
536960,12/3/10 12:48,16477.0
536967,12/3/10 12:57,12600.0
536968,12/3/10 13:09,16013.0
536969,12/3/10 13:10,16013.0
536970,12/3/10 13:12,17949.0
536971,12/3/10 13:40,12779.0
536972,12/3/10 13:42,16926.0
536973,12/3/10 13:43,17787.0
536974,12/3/10 13:59,12682.0
536975,12/3/10 14:04,14911.0
536976,12/3/10 14:18,14723.0
536977,12/3/10 14:18,17954.0
C536978,12/3/10 14:19,17954.0
C536979,12/3/10 14:23,17841.0
536980,12/3/10 14:26,17819.0
536981,12/3/10 14:26,14723.0
536982,12/3/10 14:27,
536983,12/3/10 14:30,12712.0
536984,12/3/10 14:35,17841.0
536985,12/3/10 14:40,15373.0
536986,12/3/10 14:40,16140.0
536987,12/3/10 14:54,17198.0
536988,12/3/10 15:05,17238.0
536989,12/3/10 15:10,17238.0
536990,12/3/10 15:14,12793.0
536991,12/3/10 15:16,
536992,12/3/10 15:16,15769.0
536993,12/3/10 15:19,14396.0
536994,12/3/10 15:25,14898.0
536995,12/3/10 15:29,
536996,12/3/10 15:30,
536997,12/3/10 15:30,
536998,12/3/10 15:30,
536999,12/3/10 15:32,
537000,12/3/10 15:32,
537001,12/3/10 15:33,
537002,12/3/10 15:33,
537003,12/3/10 15:33,
537004,12/3/10 15:34,
537005,12/3/10 15:35,
537006,12/3/10 15:36,
537007,12/3/10 15:36,
537008,12/3/10 15:37,
537009,12/3/10 15:38,
537010,12/3/10 15:38,
537011,12/3/10 15:38,
537012,12/3/10 15:39,
537013,12/3/10 15:40,
537014,12/3/10 15:40,
537015,12/3/10 15:41,
537016,12/3/10 15:41,
537017,12/3/10 15:41,
537018,12/3/10 15:42,
537019,12/3/10 15:43,
537020,12/3/10 15:43,
537021,12/3/10 15:43,
537022,12/3/10 15:45,12725.0
537023,12/3/10 16:02,16725.0
537025,12/3/10 16:21,
C537024,12/3/10 16:21,13941.0
537026,12/3/10 16:35,12395.0
537027,12/3/10 16:36,
537028,12/3/10 16:36,
537029,12/3/10 16:37,
537030,12/3/10 16:44,16455.0
537031,12/3/10 16:45,16455.0
537032,12/3/10 16:50,
537034,12/3/10 17:20,13081.0
537035,12/3/10 17:21,13081.0
537036,12/3/10 17:28,15545.0
537037,12/5/10 10:03,17243.0
537038,12/5/10 10:12,15465.0
C537039,12/5/10 10:25,15708.0
537040,12/5/10 10:27,13089.0
537041,12/5/10 10:36,16033.0
537042,12/5/10 10:45,13838.0
C537043,12/5/10 10:48,15351.0
537044,12/5/10 10:52,18055.0
537045,12/5/10 10:54,15038.0
537046,12/5/10 10:58,18109.0
537047,12/5/10 11:02,13069.0
537048,12/5/10 11:03,13069.0
537049,12/5/10 11:04,16241.0
537050,12/5/10 11:10,14800.0
537051,12/5/10 11:12,15708.0
537052,12/5/10 11:15,16839.0
537053,12/5/10 11:38,16168.0
537054,12/5/10 11:40,16931.0
537055,12/5/10 11:45,16814.0
537057,12/5/10 11:49,15351.0
537058,12/5/10 11:51,13269.0
537059,12/5/10 11:54,14813.0
537065,12/5/10 11:57,12567.0
537067,12/5/10 11:57,14813.0
537077,12/5/10 11:59,17062.0
537081,12/5/10 12:00,15332.0
537086,12/5/10 12:01,15332.0
537090,12/5/10 12:02,15332.0
537111,12/5/10 12:08,14810.0
537117,12/5/10 12:09,16353.0
537126,12/5/10 12:13,18118.0
537127,12/5/10 12:13,13831.0
537128,12/5/10 12:15,12841.0
537129,12/5/10 12:15,13506.0
537130,12/5/10 12:23,17796.0
537131,12/5/10 12:26,15716.0
537133,12/5/10 12:29,18156.0
C537132,12/5/10 12:29,15221.0
537134,12/5/10 12:34,16983.0
537135,12/5/10 12:35,17059.0
537136,12/5/10 12:42,12748.0
537137,12/5/10 12:43,16327.0
537138,12/5/10 12:44,17211.0
537139,12/5/10 12:47,17026.0
537140,12/5/10 12:53,12748.0
537141,12/5/10 12:57,15570.0
537142,12/5/10 12:57,12748.0
C537143,12/5/10 12:58,12748.0
537144,12/5/10 13:00,15880.0
537153,12/5/10 13:03,16718.0
537154,12/5/10 13:05,15808.0
537155,12/5/10 13:05,12748.0
537156,12/5/10 13:08,17858.0
C537157,12/5/10 13:09,15880.0
537158,12/5/10 13:10,16393.0
537159,12/5/10 13:17,14527.0
537160,12/5/10 13:18,14161.0
537163,12/5/10 13:21,17863.0
C537164,12/5/10 13:21,14527.0
537176,12/5/10 13:26,16411.0
537179,12/5/10 13:29,13767.0
537192,12/5/10 13:42,16402.0
537193,12/5/10 13:49,15023.0
537194,12/5/10 13:53,17402.0
537195,12/5/10 13:55,15311.0
537196,12/5/10 13:55,15426.0
537197,12/5/10 14:02,12647.0
537198,12/5/10 14:03,12647.0
537199,12/5/10 14:06,15894.0
537200,12/5/10 14:17,15867.0
537201,12/5/10 14:19,12472.0
537202,12/5/10 14:25,14506.0
C537203,12/5/10 14:44,14606.0
537204,12/5/10 14:45,15555.0
537205,12/5/10 14:52,13034.0
537206,12/5/10 15:02,15235.0
537207,12/5/10 15:06,17402.0
537208,12/5/10 15:12,15889.0
537209,12/5/10 15:12,14606.0
537210,12/5/10 15:15,15953.0
537211,12/5/10 15:18,16143.0
537212,12/5/10 15:21,12720.0
537213,12/5/10 15:26,12748.0
537214,12/5/10 15:35,16422.0
537215,12/5/10 15:38,12747.0
537216,12/5/10 15:40,15502.0
537217,12/5/10 15:40,15502.0
537218,12/5/10 15:46,12763.0
537219,12/5/10 15:47,14081.0
537220,12/5/10 15:49,
537221,12/5/10 15:54,17965.0
537222,12/5/10 16:00,14404.0
537223,12/5/10 16:10,13579.0
537224,12/5/10 16:24,13174.0
537225,12/5/10 16:41,12748.0
537226,12/6/10 8:34,15987.0
537227,12/6/10 8:42,17677.0
537228,12/6/10 8:43,17677.0
537229,12/6/10 8:44,17677.0
537230,12/6/10 9:20,
537231,12/6/10 9:21,13652.0
C537232,12/6/10 9:31,12586.0
537233,12/6/10 9:37,17428.0
C537234,12/6/10 9:40,16161.0
537235,12/6/10 9:45,17381.0
537236,12/6/10 9:52,16858.0
537237,12/6/10 9:58,
537238,12/6/10 10:03,16161.0
537239,12/6/10 10:05,18219.0
537240,12/6/10 10:08,
537241,12/6/10 10:18,14293.0
537242,12/6/10 10:19,14748.0
537243,12/6/10 10:19,16638.0
537244,12/6/10 10:20,17674.0
537245,12/6/10 10:24,14748.0
537246,12/6/10 10:27,12808.0
537247,12/6/10 10:34,13094.0
537248,12/6/10 10:36,15899.0
537249,12/6/10 10:38,16955.0
537250,12/6/10 10:43,12708.0
C537251,12/6/10 10:45,
537252,12/6/10 10:46,
537253,12/6/10 10:53,
537254,12/6/10 11:01,15898.0
537255,12/6/10 11:03,14443.0
537256,12/6/10 11:06,16210.0
537257,12/6/10 11:10,17691.0
537258,12/6/10 11:16,17227.0
537262,12/6/10 11:26,15039.0
537265,12/6/10 11:26,15919.0
537298,12/6/10 11:37,13497.0
537301,12/6/10 11:38,15860.0
537312,12/6/10 11:42,14189.0
537313,12/6/10 11:42,15304.0
C537314,12/6/10 11:42,13497.0
C537320,12/6/10 11:47,14867.0
537332,12/6/10 11:58,14344.0
C537333,12/6/10 12:00,12474.0
537334,12/6/10 12:06,16719.0
537335,12/6/10 12:15,15048.0
537346,12/6/10 12:21,15301.0
537350,12/6/10 12:23,14708.0
537351,12/6/10 12:23,16898.0
537354,12/6/10 12:23,12748.0
537359,12/6/10 12:30,14825.0
537360,12/6/10 12:31,18113.0
537361,12/6/10 12:34,
537362,12/6/10 12:34,17596.0
537363,12/6/10 12:35,
537364,12/6/10 12:36,
537365,12/6/10 12:38,15078.0
537366,12/6/10 12:39,14085.0
537367,12/6/10 12:39,15078.0
537368,12/6/10 12:40,14911.0
537369,12/6/10 12:41,17860.0
537370,12/6/10 12:44,13155.0
537371,12/6/10 12:47,15028.0
537372,12/6/10 12:52,16919.0
537374,12/6/10 12:55,17259.0
537375,12/6/10 12:55,17019.0
C537373,12/6/10 12:55,14487.0
537376,12/6/10 12:59,16722.0
537377,12/6/10 13:01,15882.0
537378,12/6/10 13:06,14911.0
537380,12/6/10 13:12,15882.0
C537379,12/6/10 13:12,15882.0
537381,12/6/10 13:13,14667.0
537382,12/6/10 13:13,16710.0
C537383,12/6/10 13:17,16550.0
537384,12/6/10 13:21,15984.0
537385,12/6/10 13:22,14487.0
537386,12/6/10 13:32,14911.0
537387,12/6/10 13:34,13468.0
537388,12/6/10 13:35,17682.0
537389,12/6/10 13:41,17757.0
537390,12/6/10 13:47,16658.0
537391,12/6/10 13:53,16550.0
537392,12/6/10 13:58,17068.0
537393,12/6/10 13:59,13089.0
537394,12/6/10 14:00,13089.0
537395,12/6/10 14:05,15356.0
537396,12/6/10 14:08,17223.0
537397,12/6/10 14:19,16817.0
C537398,12/6/10 14:22,15426.0
537399,12/6/10 14:31,13030.0
537400,12/6/10 14:36,17191.0
537401,12/6/10 14:37,
537403,12/6/10 14:43,17191.0
C537402,12/6/10 14:43,15502.0
537404,12/6/10 14:46,17191.0
537405,12/6/10 14:51,17841.0
C537406,12/6/10 14:53,15502.0
537407,12/6/10 14:55,15502.0
C537408,12/6/10 14:55,15502.0
537409,12/6/10 15:00,15194.0
537410,12/6/10 15:03,14409.0
537411,12/6/10 15:06,
537412,12/6/10 15:06,14409.0
C537413,12/6/10 15:07,14409.0
537415,12/6/10 15:09,16654.0
C537414,12/6/10 15:09,16861.0
C537416,12/6/10 15:10,16138.0
C537417,12/6/10 15:12,13481.0
537418,12/6/10 15:13,17884.0
537419,12/6/10 15:14,13495.0
537420,12/6/10 15:18,17519.0
537421,12/6/10 15:25,17218.0
537422,12/6/10 15:27,17812.0
537423,12/6/10 15:34,14215.0
537424,12/6/10 15:35,15602.0
537425,12/6/10 15:35,
537426,12/6/10 15:36,
537427,12/6/10 15:37,
537428,12/6/10 15:38,17320.0
537429,12/6/10 15:54,12748.0
537430,12/6/10 16:05,
537432,12/6/10 16:10,
C537431,12/6/10 16:10,16782.0
537433,12/6/10 16:36,12913.0
537434,12/6/10 16:57,
537435,12/6/10 16:58,17920.0
537436,12/6/10 17:00,
537437,12/6/10 17:00,
537438,12/6/10 17:00,
537439,12/6/10 17:01,
537440,12/6/10 17:16,17869.0
537441,12/6/10 17:26,13564.0
537442,12/6/10 17:29,
C537444,12/7/10 8:42,14850.0
C537445,12/7/10 8:57,15021.0
537446,12/7/10 9:13,18055.0
537447,12/7/10 9:21,13963.0
537448,12/7/10 9:23,17450.0
537449,12/7/10 9:26,
537450,12/7/10 9:26,
537451,12/7/10 9:27,
537452,12/7/10 9:28,
537453,12/7/10 9:28,
537454,12/7/10 9:30,
537455,12/7/10 9:31,
537456,12/7/10 9:43,17450.0
537457,12/7/10 9:51,17511.0
537458,12/7/10 9:55,17091.0
537459,12/7/10 9:57,17470.0
537460,12/7/10 10:04,17616.0
537461,12/7/10 10:06,15649.0
537462,12/7/10 10:06,17228.0
537463,12/7/10 10:08,12681.0
537464,12/7/10 10:14,14907.0
537465,12/7/10 10:32,17735.0
537466,12/7/10 10:33,
537467,12/7/10 10:36,16059.0
537468,12/7/10 10:36,12567.0
537469,12/7/10 10:43,17720.0
537470,12/7/10 10:47,15018.0
537471,12/7/10 10:51,14344.0
537472,12/7/10 11:11,12971.0
537476,12/7/10 11:26,15838.0
537484,12/7/10 11:30,14733.0
537489,12/7/10 11:33,17017.0
537509,12/7/10 11:41,13756.0
537523,12/7/10 11:45,14176.0
C537530,12/7/10 11:47,13319.0
537534,12/7/10 11:48,
537538,12/7/10 11:49,15353.0
537567,12/7/10 11:59,18119.0
C537572,12/7/10 12:00,
C537581,12/7/10 12:03,
537592,12/7/10 12:18,17491.0
537593,12/7/10 12:21,14282.0
537594,12/7/10 12:28,12647.0
537595,12/7/10 12:29,13569.0
C537596,12/7/10 12:31,17954.0
C537597,12/7/10 12:34,15498.0
537598,12/7/10 12:37,14135.0
537599,12/7/10 12:37,17954.0
C537600,12/7/10 12:41,
537601,12/7/10 12:43,17287.0
C537602,12/7/10 12:45,17511.0
537603,12/7/10 12:49,14673.0
537604,12/7/10 13:01,13488.0
537605,12/7/10 13:13,16221.0
537606,12/7/10 13:16,15002.0
537607,12/7/10 13:18,15965.0
537608,12/7/10 13:20,15024.0
537609,12/7/10 13:22,17675.0
C537610,12/7/10 13:23,
C537611,12/7/10 13:25,17675.0
537612,12/7/10 13:28,13769.0
C537613,12/7/10 13:28,
537614,12/7/10 13:29,16904.0
537615,12/7/10 13:30,15898.0
537616,12/7/10 13:30,16904.0
537617,12/7/10 13:45,16086.0
537618,12/7/10 13:50,15061.0
537619,12/7/10 13:53,13786.0
537620,12/7/10 14:00,13880.0
537621,12/7/10 14:29,
537622,12/7/10 14:30,13173.0
537623,12/7/10 14:31,15858.0
537624,12/7/10 14:41,12748.0
537625,12/7/10 14:57,15180.0
537626,12/7/10 14:57,12347.0
537627,12/7/10 14:58,14739.0
537628,12/7/10 15:02,16293.0
537629,12/7/10 15:03,17419.0
537631,12/7/10 15:04,17419.0
C537630,12/7/10 15:04,
537632,12/7/10 15:08,
537633,12/7/10 15:14,
537634,12/7/10 15:15,16775.0
537635,12/7/10 15:18,16306.0
537636,12/7/10 15:20,16950.0
537637,12/7/10 15:22,
537638,12/7/10 15:28,
537639,12/7/10 15:29,
537640,12/7/10 15:31,
537641,12/7/10 15:32,
537642,12/7/10 15:33,
537643,12/7/10 15:34,
537645,12/7/10 15:34,
C537644,12/7/10 15:34,
537646,12/7/10 15:39,17591.0
C537647,12/7/10 15:41,
537648,12/7/10 15:48,12839.0
537649,12/7/10 15:48,13807.0
537650,12/7/10 15:48,16125.0
C537651,12/7/10 15:49,
C537652,12/7/10 15:51,
537653,12/7/10 15:54,17897.0
537654,12/7/10 15:59,
537655,12/7/10 16:20,15081.0
C537656,12/7/10 16:21,15100.0
537657,12/7/10 16:42,18102.0
537658,12/7/10 16:43,18102.0
537659,12/7/10 16:43,18102.0
537664,12/7/10 17:05,15024.0
537665,12/7/10 17:19,16365.0
537666,12/7/10 18:36,
537667,12/8/10 8:12,17870.0
537668,12/8/10 8:43,14821.0
537669,12/8/10 8:58,16863.0
537670,12/8/10 9:07,13078.0
537671,12/8/10 9:20,13267.0
537672,12/8/10 9:30,13050.0
537673,12/8/10 9:49,12709.0
537674,12/8/10 9:51,15628.0
537675,12/8/10 9:53,
537676,12/8/10 9:53,12386.0
C537677,12/8/10 9:55,14796.0
537678,12/8/10 9:56,16779.0
537679,12/8/10 10:05,
537680,12/8/10 10:11,13599.0
537681,12/8/10 10:11,13329.0
537682,12/8/10 10:13,13599.0
537683,12/8/10 10:14,12921.0
C537684,12/8/10 10:18,14901.0
537685,12/8/10 10:21,18077.0
537686,12/8/10 10:21,14744.0
537687,12/8/10 10:26,
537688,12/8/10 10:35,17406.0
537689,12/8/10 10:36,15750.0
537690,12/8/10 10:38,13983.0
537691,12/8/10 10:39,13842.0
537692,12/8/10 10:40,14796.0
537693,12/8/10 10:45,12441.0
537694,12/8/10 10:46,14901.0
537698,12/8/10 10:51,13199.0
537700,12/8/10 10:51,18229.0
537707,12/8/10 10:53,14032.0
537738,12/8/10 11:02,17706.0
537743,12/8/10 11:02,17706.0
C537746,12/8/10 11:03,15021.0
537751,12/8/10 11:04,17706.0
537754,12/8/10 11:16,16081.0
537755,12/8/10 11:31,16525.0
C537756,12/8/10 11:33,14952.0
537757,12/8/10 11:38,17975.0
537758,12/8/10 11:41,16122.0
537759,12/8/10 11:42,13126.0
537760,12/8/10 11:42,15973.0
537761,12/8/10 11:43,13126.0
537762,12/8/10 12:01,16558.0
C537763,12/8/10 12:03,16713.0
537764,12/8/10 12:06,16893.0
537765,12/8/10 12:08,14606.0
537766,12/8/10 12:08,17677.0
537767,12/8/10 12:09,15100.0
537768,12/8/10 12:11,15750.0
537769,12/8/10 12:17,15021.0
537770,12/8/10 12:24,15529.0
537771,12/8/10 12:29,15498.0
537772,12/8/10 12:35,18043.0
537773,12/8/10 12:36,16016.0
537774,12/8/10 12:40,14060.0
537775,12/8/10 12:41,17722.0
537780,12/8/10 12:45,17324.0
537781,12/8/10 12:46,17341.0
537789,12/8/10 12:49,14051.0
C537788,12/8/10 12:49,15916.0
537791,12/8/10 12:51,16233.0
537792,12/8/10 12:56,16385.0
537793,12/8/10 12:57,15032.0
537794,12/8/10 13:01,16713.0
537795,12/8/10 13:03,17213.0
537796,12/8/10 13:03,18061.0
537799,12/8/10 13:07,15916.0
C537797,12/8/10 13:07,13113.0
C537798,12/8/10 13:07,16553.0
537800,12/8/10 13:08,12748.0
537801,12/8/10 13:08,15221.0
537802,12/8/10 13:11,13455.0
537803,12/8/10 13:14,15916.0
537804,12/8/10 13:17,12748.0
C537805,12/8/10 13:18,15311.0
537806,12/8/10 13:21,13113.0
537808,12/8/10 13:23,15311.0
C537807,12/8/10 13:23,13495.0
537809,12/8/10 13:28,14217.0
537810,12/8/10 13:30,15032.0
537811,12/8/10 13:30,17262.0
C537812,12/8/10 13:33,14299.0
537813,12/8/10 13:38,18259.0
C537814,12/8/10 13:43,12712.0
537815,12/8/10 13:49,17676.0
537816,12/8/10 13:51,16679.0
537817,12/8/10 13:53,18269.0
537818,12/8/10 13:53,12766.0
537819,12/8/10 13:55,15298.0
C537820,12/8/10 14:10,16016.0
C537821,12/8/10 14:20,18193.0
537822,12/8/10 14:22,13523.0
537823,12/8/10 14:25,
C537824,12/8/10 14:27,12870.0
537825,12/8/10 14:36,15005.0
537826,12/8/10 14:38,15581.0
537827,12/8/10 14:43,15332.0
537828,12/8/10 14:43,15680.0
537829,12/8/10 14:46,15498.0
537830,12/8/10 14:46,13649.0
537831,12/8/10 14:50,17894.0
C537832,12/8/10 14:52,16858.0
537833,12/8/10 14:53,13270.0
C537834,12/8/10 14:54,13267.0
C537835,12/8/10 14:57,14618.0
537836,12/8/10 14:58,14866.0
537837,12/8/10 14:59,13077.0
C537838,12/8/10 15:01,13115.0
537839,12/8/10 15:02,
537840,12/8/10 15:03,13531.0
537841,12/8/10 15:10,13848.0
537842,12/8/10 15:12,13140.0
537843,12/8/10 15:16,15713.0
537844,12/8/10 15:17,17999.0
537845,12/8/10 15:23,17690.0
537846,12/8/10 15:25,15347.0
537847,12/8/10 15:33,14766.0
537848,12/8/10 15:35,13777.0
537849,12/8/10 15:35,13777.0
537850,12/8/10 15:38,16722.0
537851,12/8/10 15:39,13758.0
537852,12/8/10 15:56,17340.0
C537853,12/8/10 15:57,13370.0
537854,12/8/10 15:58,13984.0
537855,12/8/10 15:59,15996.0
C537856,12/8/10 15:59,14388.0
C537857,12/8/10 16:00,17340.0
537858,12/8/10 16:06,
537859,12/8/10 16:11,14030.0
C537860,12/8/10 16:15,16252.0
537861,12/8/10 16:18,16596.0
537862,12/8/10 16:21,12971.0
537863,12/8/10 16:29,14030.0
537864,12/8/10 16:34,16700.0
537865,12/8/10 16:34,16011.0
537866,12/8/10 16:45,17655.0
537867,12/8/10 16:48,16717.0
537868,12/8/10 16:49,12433.0
537870,12/8/10 17:08,
537871,12/8/10 17:20,12748.0
537872,12/8/10 18:07,
537873,12/8/10 18:07,
537874,12/8/10 18:07,
537875,12/8/10 18:08,
537876,12/8/10 18:08,
537877,12/8/10 18:08,
537878,12/8/10 18:09,
537879,12/9/10 8:34,14243.0
537880,12/9/10 9:14,12963.0
537881,12/9/10 9:23,15513.0
537882,12/9/10 9:25,15079.0
537883,12/9/10 9:27,14437.0
537884,12/9/10 9:30,15694.0
537885,12/9/10 9:34,12942.0
537886,12/9/10 9:49,15660.0
537887,12/9/10 10:00,18092.0
537888,12/9/10 10:04,15358.0
537889,12/9/10 10:04,13319.0
537890,12/9/10 10:04,15358.0
537891,12/9/10 10:05,13319.0
537892,12/9/10 10:13,12481.0
C537893,12/9/10 10:14,12721.0
537894,12/9/10 10:16,12621.0
537895,12/9/10 10:30,14299.0
537896,12/9/10 10:33,18071.0
537897,12/9/10 10:37,12683.0
537898,12/9/10 10:42,17377.0
537899,12/9/10 10:44,12755.0
537900,12/9/10 10:45,15983.0
537901,12/9/10 10:48,13854.0
537915,12/9/10 10:55,12797.0
537955,12/9/10 11:28,16782.0
537963,12/9/10 11:30,13369.0
537967,12/9/10 11:31,12494.0
537981,12/9/10 11:35,17857.0
537995,12/9/10 11:39,12712.0
C537998,12/9/10 11:42,17411.0
537999,12/9/10 11:44,
538000,12/9/10 11:44,12748.0
538001,12/9/10 11:45,
538002,12/9/10 11:48,14932.0
538003,12/9/10 12:05,12429.0
538004,12/9/10 12:11,
538005,12/9/10 12:12,13090.0
538006,12/9/10 12:13,14987.0
538007,12/9/10 12:16,14355.0
538008,12/9/10 12:17,12683.0
538009,12/9/10 12:17,14911.0
538010,12/9/10 12:20,17526.0
538011,12/9/10 12:24,14896.0
538012,12/9/10 12:32,14527.0
538013,12/9/10 12:37,17062.0
538014,12/9/10 12:49,14440.0
538015,12/9/10 12:49,13240.0
538032,12/9/10 12:59,14479.0
538035,12/9/10 13:03,16065.0
538036,12/9/10 13:04,
538037,12/9/10 13:05,17430.0
538038,12/9/10 13:07,
538039,12/9/10 13:07,
538040,12/9/10 13:08,16520.0
538041,12/9/10 13:09,
538042,12/9/10 13:10,
538043,12/9/10 13:10,
538044,12/9/10 13:11,
538045,12/9/10 13:11,
538046,12/9/10 13:12,
538047,12/9/10 13:13,
538048,12/9/10 13:14,15945.0
538049,12/9/10 13:21,12748.0
538050,12/9/10 13:22,12748.0
538051,12/9/10 13:24,18041.0
C538052,12/9/10 13:28,15181.0
538053,12/9/10 13:34,15856.0
538054,12/9/10 13:34,
538055,12/9/10 13:34,
538056,12/9/10 13:34,17198.0
538057,12/9/10 13:38,13102.0
538058,12/9/10 13:38,
C538059,12/9/10 13:38,14205.0
538060,12/9/10 13:39,
538061,12/9/10 13:39,
C538062,12/9/10 13:40,17702.0
538063,12/9/10 13:44,18102.0
538064,12/9/10 13:47,15271.0
538065,12/9/10 13:57,13982.0
C538066,12/9/10 13:58,15738.0
538067,12/9/10 13:59,15288.0
538068,12/9/10 14:05,17978.0
538069,12/9/10 14:08,16795.0
538070,12/9/10 14:08,16519.0
538071,12/9/10 14:09,
538072,12/9/10 14:10,
538073,12/9/10 14:10,17816.0
538074,12/9/10 14:11,
C538075,12/9/10 14:12,13021.0
538076,12/9/10 14:15,15311.0
538077,12/9/10 14:19,14667.0
538078,12/9/10 14:25,16255.0
538079,12/9/10 14:27,17671.0
538080,12/9/10 14:28,17646.0
C538081,12/9/10 14:29,16898.0
C538082,12/9/10 14:30,13777.0
C538083,12/9/10 14:40,15750.0
C538084,12/9/10 14:42,12649.0
C538085,12/9/10 14:43,16350.0
538086,12/9/10 14:44,12872.0
538087,12/9/10 14:44,17339.0
C538088,12/9/10 14:45,14766.0
C538089,12/9/10 14:47,18230.0
538090,12/9/10 14:48,
C538091,12/9/10 14:48,16499.0
538092,12/9/10 14:49,
538093,12/9/10 14:49,12682.0
538094,12/9/10 14:50,13117.0
538095,12/9/10 14:55,17097.0
538096,12/9/10 14:55,
538097,12/9/10 14:56,15192.0
C538098,12/9/10 14:57,14441.0
C538099,12/9/10 14:58,15279.0
C538100,12/9/10 15:00,16579.0
538101,12/9/10 15:01,15380.0
C538102,12/9/10 15:01,14047.0
C538103,12/9/10 15:13,17442.0
538104,12/9/10 15:16,17950.0
C538105,12/9/10 15:18,16781.0
538106,12/9/10 15:20,17950.0
538107,12/9/10 15:21,12826.0
538108,12/9/10 15:23,17456.0
C538109,12/9/10 15:23,16042.0
C538110,12/9/10 15:24,17307.0
C538111,12/9/10 15:24,17950.0
C538112,12/9/10 15:28,14898.0
538113,12/9/10 15:29,15811.0
C538114,12/9/10 15:29,14217.0
C538115,12/9/10 15:30,16817.0
538116,12/9/10 15:32,13327.0
538117,12/9/10 15:33,13327.0
C538118,12/9/10 15:33,17700.0
C538119,12/9/10 15:34,13136.0
538120,12/9/10 15:35,17017.0
C538121,12/9/10 15:36,15535.0
C538122,12/9/10 15:38,14696.0
C538123,12/9/10 15:41,12605.0
C538124,12/9/10 15:43,15329.0
538125,12/9/10 15:46,18225.0
538126,12/9/10 15:50,17838.0
538127,12/9/10 15:53,
538128,12/9/10 15:54,
538129,12/9/10 15:55,
538130,12/9/10 15:55,
538131,12/9/10 15:56,
538132,12/9/10 15:56,
538133,12/9/10 15:56,
538134,12/9/10 15:56,
538135,12/9/10 15:56,
538136,12/9/10 15:57,
538137,12/9/10 15:57,
538138,12/9/10 15:57,
538139,12/9/10 15:57,
538140,12/9/10 15:57,
538141,12/9/10 15:58,
538142,12/9/10 15:58,
538143,12/9/10 15:58,
538144,12/9/10 15:58,
538145,12/9/10 16:08,15211.0
538146,12/9/10 16:10,15596.0
538147,12/9/10 16:11,13090.0
538148,12/9/10 16:26,
538149,12/9/10 16:27,
538151,12/9/10 16:28,16163.0
538153,12/9/10 16:31,
538154,12/9/10 16:35,
538155,12/9/10 16:52,16907.0
538156,12/9/10 16:53,15555.0
538157,12/9/10 16:57,17576.0
538158,12/9/10 17:17,
538159,12/9/10 17:17,
538160,12/9/10 17:18,
538161,12/9/10 17:25,
538162,12/9/10 17:25,
538163,12/9/10 17:27,17841.0
C538164,12/9/10 17:32,14031.0
538165,12/9/10 17:34,14031.0
538166,12/9/10 18:09,17965.0
538167,12/9/10 18:58,14713.0
538168,12/9/10 19:23,14702.0
538169,12/9/10 19:28,13230.0
538170,12/9/10 19:32,13969.0
538171,12/9/10 20:01,17530.0
538172,12/10/10 9:33,15805.0
538173,12/10/10 9:35,
538174,12/10/10 9:35,12471.0
538175,12/10/10 9:48,12471.0
538176,12/10/10 9:48,17675.0
538177,12/10/10 9:51,
538178,12/10/10 9:51,17696.0
538179,12/10/10 9:52,17696.0
538180,12/10/10 9:53,13418.0
538181,12/10/10 10:08,17076.0
538182,12/10/10 10:18,17827.0
538183,12/10/10 10:21,16265.0
538184,12/10/10 10:21,17880.0
538185,12/10/10 10:22,16265.0
538186,12/10/10 10:26,13000.0
538187,12/10/10 10:27,16499.0
538188,12/10/10 10:29,
C538189,12/10/10 10:35,
538190,12/10/10 10:47,17790.0
538191,12/10/10 10:49,15061.0
538192,12/10/10 10:50,15061.0
538193,12/10/10 10:51,15061.0
538194,12/10/10 10:52,17790.0
538195,12/10/10 10:52,15061.0
538196,12/10/10 10:56,12731.0
538197,12/10/10 10:56,14419.0
538198,12/10/10 11:01,17827.0
538199,12/10/10 11:02,14082.0
538200,12/10/10 11:11,17912.0
538201,12/10/10 11:12,15723.0
538202,12/10/10 11:19,14667.0
538203,12/10/10 11:21,13767.0
538204,12/10/10 11:23,16656.0
538205,12/10/10 11:24,12748.0
538206,12/10/10 11:31,17827.0
538207,12/10/10 11:33,12748.0
538208,12/10/10 11:39,14037.0
538209,12/10/10 11:42,12748.0
538210,12/10/10 11:44,14256.0
538211,12/10/10 11:47,17690.0
538216,12/10/10 11:51,14543.0
538240,12/10/10 12:00,16062.0
538241,12/10/10 12:00,
538247,12/10/10 12:09,
538248,12/10/10 12:14,18116.0
538249,12/10/10 12:19,
538250,12/10/10 12:20,18118.0
538252,12/10/10 12:29,16019.0
538255,12/10/10 12:33,14911.0
538260,12/10/10 12:42,18178.0
538263,12/10/10 12:44,18065.0
538268,12/10/10 12:45,18065.0
538279,12/10/10 12:48,14952.0
538280,12/10/10 12:50,12748.0
538283,12/10/10 12:56,12748.0
538288,12/10/10 12:58,12748.0
538296,12/10/10 13:06,13148.0
538306,12/10/10 13:24,12989.0
538307,12/10/10 13:27,14667.0
538308,12/10/10 13:29,14107.0
538309,12/10/10 13:32,15881.0
538310,12/10/10 13:44,15529.0
538311,12/10/10 13:48,12785.0
538312,12/10/10 13:48,16727.0
538313,12/10/10 13:50,15514.0
C538314,12/10/10 13:52,15514.0
538327,12/10/10 13:58,15514.0
C538341,12/10/10 14:03,15514.0
538342,12/10/10 14:04,15514.0
538343,12/10/10 14:29,13448.0
C538344,12/10/10 14:32,13448.0
538345,12/10/10 14:45,13787.0
538346,12/10/10 14:53,17865.0
538347,12/10/10 14:54,17220.0
538348,12/10/10 14:59,
538349,12/10/10 14:59,
C538350,12/10/10 15:01,13798.0
538351,12/10/10 15:17,
538352,12/10/10 15:21,16565.0
538353,12/10/10 15:31,13798.0
538354,12/10/10 15:45,16873.0
538355,12/10/10 15:49,17912.0
538356,12/10/10 15:56,14062.0
C538357,12/10/10 16:01,13798.0
538358,12/10/10 16:09,
538359,12/10/10 16:29,
538360,12/10/10 16:29,
538361,12/10/10 16:36,17757.0
C538362,12/10/10 17:05,15179.0
538363,12/10/10 17:14,18016.0
538364,12/10/10 17:26,14448.0
538365,12/12/10 10:11,17243.0
538366,12/12/10 10:47,18109.0
538367,12/12/10 10:48,14800.0
538368,12/12/10 10:57,15503.0
538369,12/12/10 11:06,17251.0
538370,12/12/10 11:06,16923.0
538371,12/12/10 11:07,15570.0
C538372,12/12/10 11:12,16923.0
C538373,12/12/10 11:13,16779.0
538374,12/12/10 11:17,14159.0
C538375,12/12/10 11:19,17126.0
C538376,12/12/10 11:21,16393.0
C538377,12/12/10 11:23,15224.0
538378,12/12/10 11:26,14577.0
538379,12/12/10 11:26,17126.0
538382,12/12/10 11:37,17218.0
538397,12/12/10 11:44,12753.0
538403,12/12/10 11:46,17211.0
538409,12/12/10 11:49,17236.0
538417,12/12/10 11:54,16393.0
538418,12/12/10 12:00,17372.0
538419,12/12/10 12:01,16367.0
538420,12/12/10 12:03,12875.0
538421,12/12/10 12:08,17917.0
538437,12/12/10 12:18,16010.0
538449,12/12/10 12:24,17085.0
538453,12/12/10 12:26,16779.0
C538463,12/12/10 12:31,17085.0
538470,12/12/10 12:34,15224.0
538473,12/12/10 12:35,13668.0
538488,12/12/10 12:41,13715.0
538497,12/12/10 12:44,14684.0
538499,12/12/10 12:46,17819.0
538501,12/12/10 12:51,13715.0
C538500,12/12/10 12:51,13715.0
538503,12/12/10 12:56,17188.0
538504,12/12/10 13:01,16011.0
538507,12/12/10 13:26,15547.0
538508,12/12/10 13:32,15998.0
538509,12/12/10 13:37,14413.0
538510,12/12/10 13:47,18004.0
538511,12/12/10 13:56,13959.0
538512,12/12/10 14:03,16665.0
538513,12/12/10 14:21,15454.0
538514,12/12/10 14:27,15044.0
538515,12/12/10 14:43,17937.0
538516,12/12/10 14:49,14608.0
538517,12/12/10 16:05,17618.0
538518,12/12/10 16:14,14505.0
538519,12/12/10 16:20,18037.0
538520,12/12/10 16:21,
538521,12/13/10 9:02,14180.0
538522,12/13/10 9:09,16210.0
538523,12/13/10 9:29,13198.0
538524,12/13/10 9:35,
538525,12/13/10 9:39,12540.0
538526,12/13/10 9:49,13225.0
538527,12/13/10 9:52,15361.0
538528,12/13/10 9:57,15689.0
538529,12/13/10 10:24,14290.0
C538530,12/13/10 10:26,14796.0
538532,12/13/10 10:31,13209.0
538533,12/13/10 10:31,14796.0
C538531,12/13/10 10:31,13715.0
538534,12/13/10 10:36,15881.0
538535,12/13/10 10:39,17790.0
C538536,12/13/10 10:40,15881.0
538537,12/13/10 10:41,12747.0
538541,12/13/10 10:46,17428.0
538557,12/13/10 10:52,17790.0
538558,12/13/10 10:58,13069.0
538565,12/13/10 11:11,13069.0
538566,12/13/10 11:21,
538567,12/13/10 11:23,13999.0
538576,12/13/10 11:29,14498.0
538591,12/13/10 11:44,14741.0
538592,12/13/10 11:47,15854.0
538593,12/13/10 11:51,16701.0
538594,12/13/10 11:57,16927.0
C538595,12/13/10 12:03,15555.0
538596,12/13/10 12:10,17990.0
538597,12/13/10 12:26,15555.0
538625,12/13/10 12:50,14544.0
538626,12/13/10 12:57,17338.0
538627,12/13/10 12:59,
C538628,12/13/10 13:09,17231.0
538629,12/13/10 13:10,17799.0
538630,12/13/10 13:25,14565.0
538631,12/13/10 13:27,13408.0
538633,12/13/10 13:28,16726.0
538634,12/13/10 13:28,14085.0
C538632,12/13/10 13:28,14085.0
538635,12/13/10 13:32,17303.0
538636,12/13/10 13:50,14639.0
538637,12/13/10 13:52,17611.0
538638,12/13/10 14:16,17231.0
538639,12/13/10 14:24,17179.0
538640,12/13/10 14:32,17524.0
538641,12/13/10 14:36,15640.0
C538642,12/13/10 14:37,12476.0
C538643,12/13/10 14:38,12476.0
538644,12/13/10 14:39,12476.0
538645,12/13/10 14:52,13269.0
538646,12/13/10 14:55,17293.0
538648,12/13/10 14:56,17937.0
C538647,12/13/10 14:56,15808.0
538649,12/13/10 15:03,
C538650,12/13/10 15:05,15311.0
538651,12/13/10 15:07,15311.0
538652,12/13/10 15:12,17890.0
538653,12/13/10 15:12,13089.0
538654,12/13/10 15:13,13089.0
538655,12/13/10 15:16,17375.0
538656,12/13/10 15:20,17371.0
538657,12/13/10 15:26,15867.0
538658,12/13/10 15:34,17969.0
538659,12/13/10 15:36,14625.0
538660,12/13/10 15:37,15808.0
538661,12/13/10 15:42,15194.0
538662,12/13/10 15:44,15159.0
538663,12/13/10 15:45,15159.0
538664,12/13/10 15:46,14733.0
538665,12/13/10 15:56,17576.0
538666,12/13/10 15:57,
538667,12/13/10 16:01,12748.0
538668,12/13/10 16:17,13211.0
538669,12/13/10 16:18,12748.0
C538670,12/13/10 16:19,13448.0
538671,12/13/10 16:38,15777.0
538678,12/13/10 16:46,
538679,12/13/10 17:03,16455.0
C538680,12/13/10 17:10,
C538681,12/13/10 17:12,
C538682,12/13/10 17:14,
538683,12/13/10 17:40,14525.0
C538684,12/14/10 9:26,16161.0
538685,12/14/10 9:39,15694.0
C538686,12/14/10 9:49,
538687,12/14/10 9:50,13324.0
538688,12/14/10 9:50,14829.0
538689,12/14/10 9:52,13050.0
C538690,12/14/10 9:54,13802.0
C538691,12/14/10 9:56,14176.0
C538692,12/14/10 9:58,13599.0
C538693,12/14/10 9:59,16558.0
C538694,12/14/10 10:00,16143.0
C538695,12/14/10 10:01,14032.0
C538696,12/14/10 10:02,13050.0
538697,12/14/10 10:18,13948.0
C538698,12/14/10 10:21,13329.0
C538699,12/14/10 10:23,16422.0
C538700,12/14/10 10:25,16499.0
C538701,12/14/10 10:25,16863.0
C538702,12/14/10 10:28,13008.0
C538703,12/14/10 10:29,17519.0
C538704,12/14/10 10:31,14206.0
C538705,12/14/10 10:33,15093.0
538706,12/14/10 10:34,14667.0
538707,12/14/10 10:38,17894.0
538708,12/14/10 10:43,16202.0
538709,12/14/10 10:46,16442.0
538710,12/14/10 10:48,18075.0
C538711,12/14/10 10:50,15468.0
C538712,12/14/10 10:51,17677.0
C538713,12/14/10 10:53,16570.0
538714,12/14/10 11:01,14524.0
538715,12/14/10 11:03,14907.0
538716,12/14/10 11:04,14907.0
C538717,12/14/10 11:09,18141.0
538719,12/14/10 11:10,15602.0
C538718,12/14/10 11:10,15602.0
538721,12/14/10 11:11,17526.0
C538720,12/14/10 11:11,17526.0
538722,12/14/10 11:12,17975.0
538724,12/14/10 11:12,
C538723,12/14/10 11:12,12434.0
C538725,12/14/10 11:16,16955.0
C538726,12/14/10 11:18,13078.0
C538734,12/14/10 11:24,16810.0
538744,12/14/10 11:26,15356.0
C538742,12/14/10 11:26,13599.0
C538745,12/14/10 11:27,16722.0
C538749,12/14/10 11:28,15713.0
538753,12/14/10 11:29,14901.0
C538755,12/14/10 11:30,16782.0
C538763,12/14/10 11:33,17722.0
C538768,12/14/10 11:34,14829.0
C538771,12/14/10 11:35,13078.0
538778,12/14/10 11:37,
538783,12/14/10 11:38,14961.0
538785,12/14/10 11:39,14961.0
C538794,12/14/10 11:41,14907.0
538795,12/14/10 11:42,13267.0
538796,12/14/10 11:43,17041.0
538797,12/14/10 11:44,17685.0
C538798,12/14/10 11:45,17041.0
538799,12/14/10 11:48,15039.0
538800,12/14/10 11:51,16458.0
538801,12/14/10 11:51,16083.0
C538802,12/14/10 11:54,17017.0
C538803,12/14/10 11:55,16262.0
C538804,12/14/10 11:56,13769.0
C538805,12/14/10 11:57,14708.0
C538806,12/14/10 11:59,15181.0
538807,12/14/10 12:06,17194.0
538808,12/14/10 12:11,14057.0
538809,12/14/10 12:17,15514.0
538810,12/14/10 12:18,14871.0
538811,12/14/10 12:22,13178.0
538812,12/14/10 12:25,18044.0
C538813,12/14/10 12:27,14606.0
538814,12/14/10 12:30,15983.0
538815,12/14/10 12:30,18219.0
538816,12/14/10 12:35,16812.0
538817,12/14/10 12:38,16191.0
538826,12/14/10 12:58,12370.0
538827,12/14/10 12:59,14298.0
538828,12/14/10 13:00,14298.0
538829,12/14/10 13:00,16191.0
538830,12/14/10 13:01,14298.0
538831,12/14/10 13:02,18144.0
538832,12/14/10 13:03,17158.0
C538833,12/14/10 13:05,14680.0
C538834,12/14/10 13:06,14415.0
538836,12/14/10 13:09,12748.0
538837,12/14/10 13:10,
538839,12/14/10 13:10,14606.0
538841,12/14/10 13:11,16899.0
538843,12/14/10 13:18,16033.0
538844,12/14/10 13:19,14680.0
538845,12/14/10 13:19,16531.0
538846,12/14/10 13:22,14606.0
C538847,12/14/10 13:27,17404.0
538848,12/14/10 13:28,17404.0
538849,12/14/10 13:31,14415.0
538850,12/14/10 13:31,16499.0
538851,12/14/10 13:32,16556.0
538852,12/14/10 13:33,17372.0
538853,12/14/10 13:35,16805.0
538854,12/14/10 13:44,13102.0
538855,12/14/10 13:50,16503.0
538856,12/14/10 13:51,14057.0
538857,12/14/10 13:58,15311.0
538858,12/14/10 13:58,16553.0
538859,12/14/10 13:59,16553.0
538860,12/14/10 14:02,17757.0
538861,12/14/10 14:04,
538862,12/14/10 14:11,16710.0
538863,12/14/10 14:15,16919.0
538864,12/14/10 14:26,17739.0
538865,12/14/10 14:37,13238.0
538866,12/14/10 14:40,17841.0
538867,12/14/10 14:41,
538868,12/14/10 14:42,17017.0
538869,12/14/10 14:50,15107.0
538870,12/14/10 14:54,12829.0
538871,12/14/10 15:02,14051.0
538872,12/14/10 15:13,13097.0
538873,12/14/10 15:13,
C538874,12/14/10 15:16,12867.0
538875,12/14/10 15:18,13756.0
C538876,12/14/10 15:20,16499.0
538877,12/14/10 15:29,
538878,12/14/10 15:43,13767.0
538879,12/14/10 15:50,15392.0
538880,12/14/10 15:52,
538881,12/14/10 15:54,
538883,12/14/10 15:56,
538884,12/14/10 15:56,
C538882,12/14/10 15:56,12797.0
538885,12/14/10 15:58,
538886,12/14/10 16:07,13846.0
C538887,12/14/10 16:19,13198.0
538888,12/14/10 16:23,17912.0
C538889,12/14/10 16:24,12797.0
538890,12/14/10 16:39,12867.0
C538891,12/14/10 16:39,16233.0
538892,12/14/10 16:53,16422.0
538894,12/14/10 17:22,16161.0
538895,12/15/10 9:07,14401.0
538896,12/15/10 9:09,16145.0
C538897,12/15/10 9:14,16422.0
C538898,12/15/10 9:20,15078.0
538899,12/15/10 9:49,16817.0
538900,12/15/10 9:51,13078.0
538901,12/15/10 9:58,17629.0
538902,12/15/10 10:04,14150.0
538903,12/15/10 10:17,13496.0
C538904,12/15/10 10:29,18168.0
538905,12/15/10 10:31,13611.0
538906,12/15/10 10:31,
538907,12/15/10 10:40,15373.0
538908,12/15/10 10:41,16954.0
538909,12/15/10 10:48,13491.0
538910,12/15/10 10:54,17454.0
538917,12/15/10 10:57,17449.0
538935,12/15/10 11:08,18168.0
538942,12/15/10 11:14,17346.0
538943,12/15/10 11:15,14060.0
538944,12/15/10 11:21,13295.0
538945,12/15/10 11:22,17230.0
538951,12/15/10 11:26,16782.0
538967,12/15/10 11:32,13495.0
538968,12/15/10 11:34,15384.0
C538971,12/15/10 11:39,12865.0
538991,12/15/10 11:53,17511.0
538992,12/15/10 11:56,15950.0
538993,12/15/10 12:01,15512.0
538994,12/15/10 12:05,17525.0
538995,12/15/10 12:05,13458.0
538996,12/15/10 12:06,15465.0
C538997,12/15/10 12:06,14426.0
538998,12/15/10 12:08,15061.0
538999,12/15/10 12:09,16003.0
539000,12/15/10 12:27,13092.0
539001,12/15/10 12:29,16353.0
539002,12/15/10 12:30,14527.0
C539003,12/15/10 12:35,14527.0
539004,12/15/10 12:43,13426.0
539005,12/15/10 12:47,16638.0
539006,12/15/10 12:54,15101.0
539007,12/15/10 13:00,17894.0
539008,12/15/10 13:21,17033.0
539009,12/15/10 13:24,13221.0
539010,12/15/10 13:24,15005.0
539011,12/15/10 13:25,14201.0
539012,12/15/10 13:26,17858.0
539013,12/15/10 13:29,
539014,12/15/10 13:37,17692.0
539015,12/15/10 13:38,15822.0
539016,12/15/10 13:49,13418.0
539017,12/15/10 13:50,13418.0
539018,12/15/10 14:00,16134.0
539019,12/15/10 14:12,17551.0
539030,12/15/10 14:25,13089.0
539032,12/15/10 14:25,18050.0
C539031,12/15/10 14:25,12647.0
539033,12/15/10 14:26,16365.0
539034,12/15/10 14:29,16161.0
C539035,12/15/10 14:33,15535.0
539036,12/15/10 14:35,14913.0
C539037,12/15/10 14:42,12666.0
539038,12/15/10 14:45,15641.0
539039,12/15/10 15:00,13124.0
539040,12/15/10 15:14,17214.0
539041,12/15/10 15:34,15456.0
539042,12/15/10 15:37,15062.0
539043,12/15/10 15:45,12928.0
539044,12/15/10 15:47,15727.0
539045,12/15/10 15:48,
539046,12/15/10 15:50,17980.0
539047,12/15/10 16:03,15290.0
539048,12/15/10 16:19,17752.0
539049,12/15/10 16:21,15615.0
539050,12/15/10 16:21,12577.0
539051,12/15/10 16:24,15615.0
539052,12/15/10 16:26,15615.0
539053,12/15/10 16:32,16725.0
C539054,12/15/10 16:34,17044.0
C539055,12/15/10 16:36,13829.0
539056,12/15/10 16:38,16725.0
C539057,12/15/10 16:40,18230.0
C539058,12/15/10 16:42,17633.0
C539059,12/15/10 16:43,14829.0
539064,12/15/10 16:50,17912.0
C539063,12/15/10 16:50,15107.0
C539065,12/15/10 16:52,14898.0
C539066,12/15/10 16:54,17912.0
C539067,12/15/10 16:55,15194.0
C539068,12/15/10 16:56,13266.0
C539069,12/15/10 16:57,12947.0
539070,12/15/10 17:01,
C539071,12/15/10 17:04,17820.0
C539072,12/15/10 17:05,15664.0
C539073,12/15/10 17:08,12971.0
539074,12/15/10 17:15,
539075,12/15/10 17:28,17189.0
539076,12/16/10 8:03,16525.0
539077,12/16/10 8:05,13089.0
539078,12/16/10 8:10,13408.0
539079,12/16/10 8:39,17496.0
539080,12/16/10 8:41,16607.0
539081,12/16/10 9:07,
539082,12/16/10 9:22,13317.0
539083,12/16/10 9:23,13317.0
539084,12/16/10 9:31,13890.0
539085,12/16/10 9:35,12748.0
539086,12/16/10 9:35,17001.0
539087,12/16/10 9:44,13093.0
539088,12/16/10 9:45,13093.0
539089,12/16/10 9:46,15246.0
C539090,12/16/10 9:48,16996.0
539091,12/16/10 9:52,13756.0
539092,12/16/10 10:08,15482.0
539093,12/16/10 10:10,15482.0
539094,12/16/10 10:12,13021.0
539095,12/16/10 10:18,16037.0
539096,12/16/10 10:19,13089.0
539098,12/16/10 10:28,14841.0
C539097,12/16/10 10:28,12621.0
539099,12/16/10 10:30,16670.0
C539100,12/16/10 10:30,16996.0
539101,12/16/10 10:35,16029.0
539102,12/16/10 10:37,16029.0
539103,12/16/10 10:38,16985.0
C539104,12/16/10 10:38,12494.0
539105,12/16/10 10:43,14825.0
539106,12/16/10 10:51,16705.0
539107,12/16/10 10:52,16705.0
539108,12/16/10 11:03,16013.0
539109,12/16/10 11:07,16013.0
C539110,12/16/10 11:10,16470.0
539111,12/16/10 11:11,14414.0
539112,12/16/10 11:15,13468.0
539113,12/16/10 11:24,12494.0
C539114,12/16/10 11:24,12494.0
539118,12/16/10 11:27,15563.0
539142,12/16/10 11:35,14849.0
539143,12/16/10 11:35,14849.0
539144,12/16/10 11:36,12980.0
539160,12/16/10 11:43,16746.0
539181,12/16/10 11:51,12748.0
539185,12/16/10 11:53,16470.0
C539191,12/16/10 11:59,17062.0
C539195,12/16/10 12:05,12748.0
539196,12/16/10 12:09,18055.0
539201,12/16/10 12:11,14878.0
539211,12/16/10 12:15,16743.0
539212,12/16/10 12:20,17146.0
539213,12/16/10 12:23,12877.0
539214,12/16/10 12:31,17062.0
539215,12/16/10 12:42,15574.0
539216,12/16/10 12:42,12748.0
539217,12/16/10 12:46,15394.0
539218,12/16/10 12:48,15574.0
539219,12/16/10 12:55,17951.0
539220,12/16/10 12:56,
C539221,12/16/10 12:56,14911.0
539222,12/16/10 13:00,14621.0
539223,12/16/10 13:00,
C539224,12/16/10 13:01,17377.0
539225,12/16/10 13:02,15379.0
539226,12/16/10 13:05,14309.0
539240,12/16/10 13:15,15194.0
539242,12/16/10 13:16,
539243,12/16/10 13:21,18116.0
C539244,12/16/10 13:24,14606.0
539245,12/16/10 13:25,
539246,12/16/10 13:33,14606.0
539247,12/16/10 13:33,15311.0
539248,12/16/10 13:33,17288.0
539249,12/16/10 13:43,14709.0
539250,12/16/10 13:44,15157.0
C539251,12/16/10 14:15,17213.0
539252,12/16/10 14:17,17744.0
C539253,12/16/10 14:19,17188.0
539254,12/16/10 14:25,13199.0
539255,12/16/10 14:26,16316.0
539256,12/16/10 14:27,15601.0
539257,12/16/10 14:29,16210.0
C539258,12/16/10 14:30,16233.0
539259,12/16/10 14:32,13050.0
C539260,12/16/10 14:32,15100.0
539261,12/16/10 14:34,15620.0
539262,12/16/10 14:35,15789.0
539263,12/16/10 14:36,16560.0
539264,12/16/10 15:02,15224.0
539265,12/16/10 15:02,
539266,12/16/10 15:07,17068.0
539267,12/16/10 15:23,13534.0
539268,12/16/10 15:24,13534.0
539269,12/16/10 15:27,17580.0
C539270,12/16/10 15:27,14777.0
C539271,12/16/10 15:28,14639.0
539272,12/16/10 15:29,15759.0
C539273,12/16/10 15:30,13209.0
C539274,12/16/10 15:31,13408.0
539275,12/16/10 15:34,13408.0
C539276,12/16/10 15:36,16503.0
C539277,12/16/10 15:37,15777.0
C539278,12/16/10 15:39,18269.0
539280,12/16/10 15:40,14373.0
C539279,12/16/10 15:40,13267.0
539281,12/16/10 15:45,18176.0
539282,12/16/10 15:45,16770.0
539283,12/16/10 15:47,14092.0
C539284,12/16/10 15:54,16770.0
539285,12/16/10 15:59,15366.0
539286,12/16/10 16:05,14735.0
C539287,12/16/10 16:24,17655.0
539288,12/16/10 16:28,17857.0
C539289,12/16/10 16:30,18065.0
539290,12/16/10 16:36,16271.0
539292,12/16/10 16:42,16539.0
539293,12/16/10 16:42,18223.0
C539291,12/16/10 16:42,18075.0
539294,12/16/10 16:45,15532.0
539295,12/16/10 16:54,13767.0
539296,12/16/10 17:01,16816.0
539297,12/16/10 17:20,17691.0
539298,12/16/10 17:29,14180.0
539299,12/16/10 17:30,14180.0
539300,12/16/10 17:31,
C539301,12/16/10 17:33,13496.0
C539302,12/16/10 17:33,15392.0
539303,12/16/10 17:34,16684.0
539304,12/16/10 17:36,16684.0
539305,12/16/10 17:37,14334.0
539306,12/16/10 17:38,17659.0
539307,12/16/10 17:43,13694.0
539308,12/16/10 17:48,17412.0
539309,12/16/10 17:49,16945.0
539310,12/16/10 17:51,14344.0
539311,12/16/10 17:53,14643.0
539312,12/16/10 18:01,15197.0
539313,12/16/10 18:18,14220.0
539314,12/16/10 18:20,13874.0
539315,12/16/10 18:23,18260.0
539316,12/16/10 18:38,17848.0
539317,12/16/10 19:04,17392.0
539318,12/16/10 19:09,12348.0
539319,12/16/10 19:10,12967.0
539320,12/16/10 19:16,14911.0
539321,12/16/10 19:19,14723.0
539322,12/16/10 19:22,14713.0
539323,12/16/10 19:24,
539324,12/16/10 19:51,14985.0
539325,12/17/10 8:20,13004.0
539326,12/17/10 9:22,14560.0
539327,12/17/10 9:24,12600.0
539328,12/17/10 9:37,13854.0
C539329,12/17/10 9:37,16013.0
539330,12/17/10 9:38,12370.0
539331,12/17/10 9:39,16013.0
539332,12/17/10 9:45,12931.0
539333,12/17/10 9:52,13627.0
539334,12/17/10 10:12,12748.0
539335,12/17/10 10:32,15291.0
539336,12/17/10 10:34,17790.0
539337,12/17/10 10:46,
539338,12/17/10 10:54,17404.0
539351,12/17/10 11:23,12551.0
539353,12/17/10 11:30,12782.0
539374,12/17/10 11:40,14769.0
539379,12/17/10 11:43,15780.0
539391,12/17/10 11:51,12417.0
539395,12/17/10 11:52,12471.0
539398,12/17/10 11:53,12471.0
539400,12/17/10 12:00,12971.0
539401,12/17/10 12:02,12709.0
C539402,12/17/10 12:19,17315.0
539403,12/17/10 12:21,12647.0
539404,12/17/10 12:24,17315.0
539405,12/17/10 12:38,12621.0
539406,12/17/10 12:43,16711.0
539407,12/17/10 12:56,12726.0
539408,12/17/10 12:56,12720.0
C539409,12/17/10 12:58,12720.0
539410,12/17/10 13:17,16353.0
539411,12/17/10 13:29,14243.0
539412,12/17/10 13:39,
539413,12/17/10 13:44,
539414,12/17/10 13:45,16931.0
539415,12/17/10 13:49,15204.0
539416,12/17/10 13:56,17888.0
539417,12/17/10 13:57,17007.0
539418,12/17/10 13:58,17007.0
539419,12/17/10 14:10,12431.0
539420,12/17/10 14:15,15160.0
539421,12/17/10 14:21,14016.0
539422,12/17/10 14:23,13033.0
539423,12/17/10 14:24,15811.0
539434,12/17/10 14:41,
539435,12/17/10 14:46,12691.0
539436,12/17/10 14:49,
539437,12/17/10 14:54,
C539438,12/17/10 15:11,16607.0
539439,12/17/10 15:14,13869.0
539440,12/17/10 15:15,16607.0
539441,12/17/10 15:30,
539442,12/17/10 15:39,16558.0
539443,12/17/10 15:52,14031.0
539444,12/17/10 15:52,14146.0
539445,12/17/10 15:57,17865.0
539446,12/17/10 15:58,12705.0
539447,12/17/10 16:00,12395.0
C539448,12/17/10 16:25,15157.0
539449,12/17/10 16:30,
539450,12/17/10 16:53,15570.0
539451,12/17/10 16:59,
539452,12/17/10 17:06,15856.0
539453,12/17/10 17:08,
539454,12/17/10 17:12,17377.0
539455,12/17/10 17:17,12748.0
539456,12/17/10 17:23,16885.0
539457,12/17/10 17:24,
539458,12/17/10 17:30,
539459,12/17/10 17:33,12839.0
539460,12/17/10 18:07,12931.0
539461,12/19/10 10:21,17243.0
539462,12/19/10 11:19,14032.0
539463,12/19/10 11:19,18077.0
539464,12/19/10 11:35,17913.0
539465,12/19/10 11:38,16684.0
539466,12/19/10 12:46,12668.0
C539467,12/19/10 12:46,15044.0
539468,12/19/10 13:31,15044.0
539469,12/19/10 13:59,17841.0
539470,12/19/10 14:03,14472.0
539471,12/19/10 14:16,17358.0
539472,12/19/10 14:23,15581.0
539473,12/19/10 14:24,14911.0
539474,12/19/10 14:27,15581.0
539475,12/19/10 14:41,16686.0
C539476,12/19/10 14:43,16686.0
539477,12/19/10 14:58,18245.0
539478,12/19/10 15:07,17343.0
539479,12/19/10 15:20,
539480,12/19/10 15:23,
539481,12/19/10 15:24,
539482,12/19/10 15:29,
539483,12/19/10 15:31,17218.0
539484,12/19/10 15:44,15640.0
539485,12/19/10 15:59,
C539486,12/20/10 8:27,18256.0
539487,12/20/10 9:22,16153.0
539488,12/20/10 9:37,12377.0
539489,12/20/10 9:41,16684.0
539490,12/20/10 10:00,17069.0
539491,12/20/10 10:09,14646.0
539492,12/20/10 10:14,
539493,12/20/10 10:15,
539494,12/20/10 10:36,
539495,12/20/10 10:37,
539496,12/20/10 10:38,13050.0
539497,12/20/10 10:41,12944.0
539498,12/20/10 10:48,15279.0
C539499,12/20/10 11:01,15312.0
539500,12/20/10 11:02,
539501,12/20/10 11:08,17085.0
539502,12/20/10 11:14,14099.0
539551,12/20/10 11:38,12721.0
539561,12/20/10 11:41,16422.0
539564,12/20/10 11:45,18092.0
C539565,12/20/10 11:56,14113.0
C539566,12/20/10 11:56,16705.0
539567,12/20/10 11:58,13104.0
C539568,12/20/10 11:59,13267.0
C539569,12/20/10 12:01,17204.0
539570,12/20/10 12:05,15078.0
539571,12/20/10 12:06,15078.0
539572,12/20/10 12:14,14113.0
C539573,12/20/10 12:19,14107.0
C539574,12/20/10 12:23,16713.0
C539575,12/20/10 12:23,13089.0
C539576,12/20/10 12:25,14911.0
C539577,12/20/10 12:41,17924.0
539578,12/20/10 12:45,13027.0
539579,12/20/10 12:51,16713.0
539580,12/20/10 12:51,15312.0
539581,12/20/10 12:51,16143.0
539582,12/20/10 12:53,
539583,12/20/10 12:53,
539584,12/20/10 12:54,
539585,12/20/10 12:54,
539586,12/20/10 13:08,14298.0
539587,12/20/10 13:10,14298.0
539588,12/20/10 13:11,14527.0
C539589,12/20/10 13:14,14527.0
539590,12/20/10 13:21,14733.0
539591,12/20/10 13:24,14062.0
539592,12/20/10 13:27,13319.0
539593,12/20/10 13:31,13319.0
539594,12/20/10 13:31,17621.0
539595,12/20/10 13:43,
C539596,12/20/10 13:51,13694.0
539597,12/20/10 13:52,17090.0
C539598,12/20/10 13:54,14299.0
C539599,12/20/10 13:55,17951.0
C539600,12/20/10 13:57,13329.0
C539601,12/20/10 13:58,14119.0
C539602,12/20/10 14:02,13369.0
C539603,12/20/10 14:05,14911.0
539604,12/20/10 14:06,16353.0
C539605,12/20/10 14:07,13050.0
C539606,12/20/10 14:09,16145.0
539607,12/20/10 14:10,12681.0
C539608,12/20/10 14:10,16873.0
539609,12/20/10 14:15,15527.0
539610,12/20/10 14:33,14606.0
539611,12/20/10 14:33,
539628,12/20/10 14:49,18097.0
539629,12/20/10 14:51,14062.0
539630,12/20/10 14:59,17230.0
539631,12/20/10 15:03,
C539632,12/20/10 15:07,17230.0
539633,12/20/10 15:09,17230.0
539634,12/20/10 15:12,17230.0
539635,12/20/10 15:14,14051.0
539636,12/20/10 15:15,12481.0
539637,12/20/10 15:22,14083.0
539638,12/20/10 15:23,
539639,12/20/10 15:26,14083.0
C539640,12/20/10 15:27,15311.0
539641,12/20/10 15:30,15311.0
539642,12/20/10 15:35,15867.0
539643,12/20/10 15:48,
C539644,12/20/10 15:52,12471.0
539645,12/20/10 16:03,17230.0
539646,12/20/10 16:04,17230.0
539647,12/20/10 16:08,15460.0
539648,12/20/10 16:08,
539649,12/20/10 16:09,
539650,12/20/10 16:11,
539651,12/20/10 16:19,
539653,12/20/10 16:50,13564.0
539654,12/20/10 17:05,17340.0
C539655,12/20/10 17:07,13089.0
539656,12/20/10 17:22,
C539657,12/20/10 17:24,16134.0
539658,12/21/10 9:34,17213.0
539659,12/21/10 9:47,15034.0
539660,12/21/10 9:48,15581.0
C539661,12/21/10 10:16,12971.0
539662,12/21/10 10:18,14135.0
539663,12/21/10 10:26,17961.0
539664,12/21/10 10:30,14135.0
539665,12/21/10 10:35,
539666,12/21/10 10:41,16029.0
C539667,12/21/10 10:47,13148.0
539675,12/21/10 10:51,12971.0
539676,12/21/10 10:54,12423.0
539688,12/21/10 11:00,12678.0
C539707,12/21/10 12:17,18223.0
539708,12/21/10 12:18,
C539709,12/21/10 12:33,18176.0
C539710,12/21/10 12:35,14769.0
C539711,12/21/10 12:38,13319.0
C539712,12/21/10 12:40,15602.0
539713,12/21/10 12:43,
539714,12/21/10 12:44,
539715,12/21/10 12:46,
539716,12/21/10 12:57,17990.0
539717,12/21/10 13:03,15208.0
539718,12/21/10 13:06,
C539719,12/21/10 13:15,14643.0
539720,12/21/10 13:22,16996.0
539721,12/21/10 13:34,17306.0
539722,12/21/10 13:45,14911.0
539723,12/21/10 13:49,14737.0
539724,12/21/10 13:53,13029.0
539725,12/21/10 13:58,17211.0
C539726,12/21/10 14:24,17007.0
539727,12/21/10 14:26,12678.0
539728,12/21/10 14:26,16270.0
539729,12/21/10 14:29,
539730,12/21/10 14:54,13487.0
539731,12/21/10 15:05,14646.0
539732,12/21/10 15:09,16996.0
539733,12/21/10 15:13,
539734,12/21/10 15:14,
539735,12/21/10 15:17,
539736,12/21/10 15:18,
539737,12/21/10 15:19,
539738,12/21/10 15:19,
539739,12/21/10 15:19,
539740,12/21/10 15:20,
539741,12/21/10 15:20,
539742,12/21/10 15:20,
539743,12/21/10 15:20,
539744,12/21/10 15:21,
539745,12/21/10 15:21,
539746,12/21/10 15:22,
539747,12/21/10 15:23,
539748,12/21/10 15:23,
539749,12/21/10 15:33,
539750,12/21/10 15:40,
539751,12/21/10 15:42,
539752,12/21/10 15:43,12515.0
539753,12/21/10 15:48,
539754,12/21/10 16:06,12748.0
539755,12/21/10 16:08,17961.0
C539756,12/21/10 16:31,
539758,12/21/10 16:58,
539759,12/21/10 17:03,
539760,12/21/10 17:16,17400.0
539761,12/22/10 10:29,17593.0
539762,12/22/10 10:29,13953.0
539764,12/22/10 11:07,14533.0
539766,12/22/10 11:11,14092.0
539825,12/22/10 12:22,
539826,12/22/10 12:39,15044.0
C539827,12/22/10 12:43,15044.0
539828,12/22/10 12:44,15044.0
539829,12/22/10 12:47,12734.0
C539830,12/22/10 13:13,14944.0
539831,12/22/10 13:17,14606.0
C539832,12/22/10 13:20,17239.0
539835,12/22/10 13:39,16477.0
539836,12/22/10 13:46,17894.0
539837,12/22/10 13:48,14532.0
C539838,12/22/10 13:59,13458.0
539839,12/22/10 14:27,
539840,12/22/10 14:28,12383.0
539856,12/22/10 14:41,
C539857,12/22/10 15:13,15358.0
539858,12/22/10 16:19,18092.0
539859,12/22/10 16:23,17905.0
539864,12/23/10 9:55,15562.0
539865,12/23/10 9:59,15587.0
C539866,12/23/10 10:20,12427.0
539867,12/23/10 10:38,13922.0
539920,12/23/10 11:06,14085.0
539921,12/23/10 11:09,12748.0
539933,12/23/10 11:24,15235.0
C539943,12/23/10 11:36,14032.0
C539944,12/23/10 11:38,14560.0
C539945,12/23/10 11:40,17069.0
539946,12/23/10 11:46,13817.0
C539947,12/23/10 11:47,13854.0
C539948,12/23/10 11:48,
C539949,12/23/10 11:49,17581.0
C539950,12/23/10 11:50,13534.0
539951,12/23/10 11:54,
539952,12/23/10 11:59,
539953,12/23/10 12:03,12748.0
539954,12/23/10 12:04,13777.0
539955,12/23/10 12:13,
C539956,12/23/10 12:55,12980.0
539957,12/23/10 12:58,12585.0
539958,12/23/10 13:26,
539978,12/23/10 14:06,13165.0
539979,12/23/10 14:10,
539980,12/23/10 14:34,
539981,12/23/10 14:35,13304.0
539982,12/23/10 14:40,15311.0
C539983,12/23/10 14:49,15856.0
539984,12/23/10 14:58,14911.0
539985,12/23/10 15:16,15856.0
539986,12/23/10 15:21,
539987,12/23/10 15:32,12748.0
539988,12/23/10 16:06,18116.0
539989,12/23/10 16:16,
539990,12/23/10 16:31,
539991,12/23/10 16:49,
539992,12/23/10 17:41,
539993,1/4/11 10:00,13313.0
539994,1/4/11 10:09,
539995,1/4/11 10:12,
539996,1/4/11 10:12,
539997,1/4/11 10:15,
539998,1/4/11 10:16,
539999,1/4/11 10:16,
540000,1/4/11 10:17,
540001,1/4/11 10:22,18097.0
540002,1/4/11 10:23,16656.0
540003,1/4/11 10:37,16875.0
540004,1/4/11 10:37,13094.0
540005,1/4/11 10:38,17315.0
C540006,1/4/11 10:48,14606.0
C540007,1/4/11 11:08,15379.0
540008,1/4/11 11:10,
540009,1/4/11 11:10,
540010,1/4/11 11:13,
540011,1/4/11 11:13,
540012,1/4/11 11:14,
540013,1/4/11 11:30,16255.0
540014,1/4/11 11:34,14606.0
540015,1/4/11 11:40,13319.0
540016,1/4/11 11:42,16282.0
540017,1/4/11 11:48,13963.0
540018,1/4/11 12:07,
540019,1/4/11 12:18,12957.0
540020,1/4/11 12:45,14462.0
540021,1/4/11 12:51,17841.0
540022,1/4/11 12:57,17188.0
540023,1/4/11 12:58,15039.0
540024,1/4/11 13:03,15039.0
540025,1/4/11 13:22,17428.0
540026,1/4/11 13:25,
540027,1/4/11 13:30,14210.0
540028,1/4/11 13:38,14180.0
540029,1/4/11 13:47,16029.0
C540030,1/4/11 13:47,16029.0
540031,1/4/11 13:50,17975.0
540032,1/4/11 13:50,13397.0
540033,1/4/11 14:12,13680.0
540040,1/4/11 14:20,12483.0
540043,1/4/11 14:21,15164.0
C540057,1/4/11 14:29,12483.0
540059,1/4/11 14:33,17457.0
540060,1/4/11 14:40,14732.0
540073,1/4/11 14:47,16814.0
540093,1/4/11 15:24,16725.0
540094,1/4/11 15:33,14221.0
540095,1/4/11 15:40,14553.0
540096,1/4/11 15:43,13253.0
C540097,1/4/11 15:46,15373.0
540098,1/4/11 15:50,16241.0
540099,1/4/11 16:41,15808.0
540100,1/4/11 16:53,
C540109,1/4/11 17:12,17389.0
C540112,1/4/11 17:14,15973.0
540113,1/5/11 9:11,13126.0
540114,1/5/11 9:44,15498.0
540115,1/5/11 9:51,15235.0
540116,1/5/11 9:54,
C540117,1/5/11 9:55,
C540118,1/5/11 9:57,
540119,1/5/11 10:07,
540120,1/5/11 10:08,17675.0
540121,1/5/11 10:35,16145.0
540122,1/5/11 10:39,13694.0
540126,1/5/11 10:45,13798.0
540130,1/5/11 10:46,13798.0
C540129,1/5/11 10:46,12578.0
C540142,1/5/11 10:50,12782.0
540146,1/5/11 10:51,15002.0
540148,1/5/11 10:58,14189.0
540149,1/5/11 11:00,12921.0
540150,1/5/11 11:04,
C540151,1/5/11 11:13,12494.0
C540152,1/5/11 11:21,12395.0
540153,1/5/11 11:25,15841.0
540154,1/5/11 11:30,
C540155,1/5/11 11:31,
C540156,1/5/11 11:36,12683.0
540157,1/5/11 11:41,15311.0
C540158,1/5/11 11:42,12471.0
540159,1/5/11 11:47,16112.0
540160,1/5/11 11:50,15769.0
540161,1/5/11 11:52,16719.0
540162,1/5/11 11:52,13089.0
540163,1/5/11 11:52,13089.0
C540164,1/5/11 12:02,14911.0
C540165,1/5/11 12:05,18109.0
540166,1/5/11 12:09,13629.0
540167,1/5/11 12:13,16600.0
540168,1/5/11 12:15,13715.0
540169,1/5/11 12:20,14527.0
540170,1/5/11 12:21,13767.0
C540171,1/5/11 12:26,14527.0
540172,1/5/11 12:29,18109.0
540173,1/5/11 12:32,15661.0
540174,1/5/11 12:35,16353.0
540175,1/5/11 12:37,16532.0
540176,1/5/11 12:40,17511.0
540178,1/5/11 12:42,12681.0
C540177,1/5/11 12:42,16316.0
540179,1/5/11 12:54,16033.0
540180,1/5/11 13:05,15984.0
540181,1/5/11 13:09,13199.0
540182,1/5/11 13:29,14739.0
540183,1/5/11 13:37,15093.0
540184,1/5/11 13:40,15266.0
540185,1/5/11 13:40,14653.0
540185,1/5/11 13:41,14653.0
540186,1/5/11 13:49,
540187,1/5/11 13:53,15358.0
540188,1/5/11 13:57,16771.0
540227,1/5/11 14:38,
540238,1/5/11 14:44,
540239,1/5/11 14:48,12682.0
540240,1/5/11 15:09,17585.0
540241,1/5/11 15:17,
540242,1/5/11 15:30,15046.0
C540243,1/5/11 15:32,12585.0
C540244,1/5/11 15:40,17213.0
540245,1/5/11 15:42,13082.0
C540246,1/5/11 15:43,13081.0
540247,1/5/11 15:56,15464.0
540248,1/5/11 15:57,15034.0
540249,1/5/11 16:00,15298.0
C540250,1/5/11 16:02,17511.0
540251,1/5/11 16:06,12748.0
540252,1/5/11 16:25,
540253,1/5/11 16:28,13225.0
540255,1/5/11 16:50,
540256,1/5/11 17:21,
540257,1/5/11 17:33,12748.0
540258,1/6/11 8:52,14045.0
540259,1/6/11 9:00,18226.0
540260,1/6/11 9:40,13097.0
540261,1/6/11 9:57,13089.0
540262,1/6/11 10:01,14045.0
540263,1/6/11 10:03,18062.0
540264,1/6/11 10:20,17949.0
540265,1/6/11 10:46,15271.0
C540266,1/6/11 11:05,
540267,1/6/11 11:12,12415.0
540268,1/6/11 11:25,13458.0
540269,1/6/11 11:39,14135.0
C540270,1/6/11 11:40,14680.0
C540271,1/6/11 11:51,12503.0
540272,1/6/11 11:57,
540273,1/6/11 11:57,17368.0
540274,1/6/11 11:59,14618.0
540275,1/6/11 12:11,13680.0
540276,1/6/11 12:16,14680.0
540277,1/6/11 12:18,14258.0
540278,1/6/11 12:31,15719.0
540279,1/6/11 12:32,13368.0
540280,1/6/11 12:37,12386.0
540288,1/6/11 12:45,17634.0
C540307,1/6/11 12:58,15823.0
540316,1/6/11 13:00,16676.0
540345,1/6/11 13:19,14299.0
C540346,1/6/11 13:41,12471.0
540348,1/6/11 13:56,12841.0
C540347,1/6/11 13:56,16424.0
540349,1/6/11 14:07,15379.0
540350,1/6/11 14:14,18283.0
540351,1/6/11 14:26,12735.0
540352,1/6/11 14:27,
540353,1/6/11 14:53,13764.0
540354,1/6/11 14:58,13576.0
540355,1/6/11 15:11,
540356,1/6/11 15:12,
540357,1/6/11 15:14,13093.0
540358,1/6/11 15:25,13599.0
540359,1/6/11 15:29,18041.0
C540360,1/6/11 15:35,18041.0
540361,1/6/11 15:41,13408.0
540362,1/6/11 15:42,13656.0
540363,1/6/11 15:54,12971.0
540364,1/6/11 16:03,14505.0
540365,1/6/11 16:12,12413.0
C540366,1/6/11 16:14,15061.0
C540367,1/6/11 16:17,12413.0
540369,1/6/11 16:20,
540370,1/6/11 16:25,13094.0
540371,1/6/11 16:35,14312.0
540372,1/6/11 16:41,13081.0
540373,1/6/11 17:10,13280.0
540374,1/6/11 17:19,15845.0
540375,1/6/11 17:26,
C540376,1/6/11 17:27,13488.0
C540377,1/6/11 17:31,16656.0
C540378,1/6/11 17:32,13715.0
C540379,1/6/11 17:34,15101.0
C540380,1/6/11 17:36,16094.0
C540381,1/6/11 17:37,16705.0
C540382,1/6/11 17:38,12957.0
540383,1/6/11 17:47,16422.0
C540384,1/6/11 17:48,14961.0
C540385,1/6/11 17:52,14426.0
C540386,1/6/11 17:57,12417.0
540387,1/6/11 17:58,16306.0
C540388,1/6/11 17:59,13115.0
C540389,1/6/11 18:00,14426.0
C540390,1/6/11 18:01,16191.0
C540391,1/6/11 18:02,13047.0
C540392,1/6/11 18:06,12753.0
C540393,1/6/11 18:08,17428.0
C540394,1/6/11 18:09,17696.0
540395,1/6/11 18:24,14702.0
540396,1/6/11 18:33,14031.0
540397,1/6/11 18:57,13187.0
C540398,1/7/11 9:21,14047.0
540399,1/7/11 9:23,14047.0
C540400,1/7/11 9:25,16150.0
540401,1/7/11 9:31,16013.0
540402,1/7/11 9:31,16567.0
C540403,1/7/11 9:32,17230.0
540404,1/7/11 9:40,12947.0
540405,1/7/11 9:50,14828.0
540406,1/7/11 9:53,13798.0
540407,1/7/11 9:55,16839.0
540408,1/7/11 9:55,16013.0
540409,1/7/11 10:00,16019.0
540410,1/7/11 10:04,12530.0
540411,1/7/11 10:24,16551.0
540412,1/7/11 10:27,13842.0
540413,1/7/11 10:29,15194.0
540414,1/7/11 10:32,12481.0
540415,1/7/11 10:47,16889.0
540416,1/7/11 10:55,16473.0
C540417,1/7/11 10:56,13680.0
540418,1/7/11 11:04,
540420,1/7/11 11:13,12829.0
540452,1/7/11 11:49,13750.0
540453,1/7/11 11:54,13426.0
540454,1/7/11 11:57,16191.0
540455,1/7/11 12:07,12583.0
540456,1/7/11 12:14,13534.0
540457,1/7/11 12:26,14217.0
540458,1/7/11 12:28,12501.0
540459,1/7/11 12:35,16191.0
540460,1/7/11 12:44,15607.0
540461,1/7/11 12:44,15139.0
540462,1/7/11 12:45,16779.0
540463,1/7/11 13:13,12489.0
540464,1/7/11 13:17,14298.0
540465,1/7/11 13:30,17707.0
540466,1/7/11 13:34,15649.0
540467,1/7/11 13:39,18198.0
540468,1/7/11 13:55,
540469,1/7/11 14:04,12484.0
C540470,1/7/11 14:09,14505.0
540471,1/7/11 14:21,15601.0
540472,1/7/11 14:22,18179.0
540473,1/7/11 14:31,17284.0
540474,1/7/11 14:38,
540475,1/7/11 14:43,15311.0
540476,1/7/11 14:44,
540477,1/7/11 14:49,13233.0
540478,1/7/11 14:53,15769.0
540479,1/7/11 15:19,14889.0
540480,1/7/11 15:27,12480.0
540481,1/7/11 15:42,16955.0
540482,1/7/11 15:48,14672.0
540489,1/7/11 16:32,13593.0
540493,1/7/11 16:34,14867.0
540495,1/7/11 17:04,
540496,1/7/11 17:18,15485.0
540497,1/7/11 17:18,
540498,1/9/11 10:06,17243.0
540499,1/9/11 10:21,16923.0
540500,1/9/11 10:26,15465.0
540501,1/9/11 10:43,13162.0
540502,1/9/11 10:50,13183.0
C540503,1/9/11 10:59,13668.0
540504,1/9/11 11:02,13668.0
540505,1/9/11 11:05,17095.0
540506,1/9/11 11:12,17796.0
540507,1/9/11 11:20,12939.0
540508,1/9/11 11:20,14810.0
540509,1/9/11 11:27,14800.0
540510,1/9/11 11:32,15611.0
540511,1/9/11 11:34,14472.0
540512,1/9/11 11:39,17114.0
540513,1/9/11 11:41,13758.0
540514,1/9/11 11:43,15708.0
540515,1/9/11 11:54,15059.0
540516,1/9/11 12:01,16326.0
540517,1/9/11 12:02,17128.0
540518,1/9/11 12:03,14761.0
540519,1/9/11 12:12,12793.0
540520,1/9/11 12:31,17555.0
540521,1/9/11 12:46,12651.0
540522,1/9/11 12:50,13102.0
540523,1/9/11 12:51,13069.0
540524,1/9/11 12:53,16735.0
540525,1/9/11 13:02,16833.0
540526,1/9/11 13:41,14606.0
C540527,1/9/11 13:42,14606.0
540528,1/9/11 13:50,17800.0
540529,1/9/11 13:50,16748.0
540530,1/9/11 14:02,14755.0
540531,1/9/11 14:03,16549.0
540532,1/9/11 14:11,14702.0
540533,1/9/11 14:12,15005.0
540534,1/9/11 14:17,12971.0
C540535,1/9/11 14:17,15005.0
540536,1/9/11 14:21,17757.0
540537,1/9/11 14:28,13565.0
540538,1/9/11 14:36,17841.0
540539,1/9/11 14:42,18260.0
540540,1/9/11 15:10,17218.0
540541,1/9/11 15:13,15799.0
540542,1/9/11 15:18,15107.0
540543,1/9/11 15:23,14395.0
540544,1/9/11 15:32,18032.0
540545,1/9/11 15:35,13451.0
540546,1/9/11 15:56,12766.0
540547,1/9/11 16:07,14911.0
540548,1/9/11 16:11,14794.0
540549,1/10/11 9:07,
540550,1/10/11 9:11,12539.0
540551,1/10/11 9:43,
540552,1/10/11 9:44,16350.0
540553,1/10/11 9:48,12500.0
540554,1/10/11 9:55,18171.0
C540555,1/10/11 9:56,16279.0
540556,1/10/11 9:58,
540557,1/10/11 9:58,12415.0
540558,1/10/11 10:04,
C540559,1/10/11 10:07,
540560,1/10/11 10:08,
540561,1/10/11 10:32,13004.0
540562,1/10/11 10:35,12524.0
540563,1/10/11 10:35,15100.0
540564,1/10/11 10:36,
540565,1/10/11 10:44,16422.0
540566,1/10/11 10:58,17811.0
540567,1/10/11 11:09,16850.0
540568,1/10/11 11:22,15039.0
540595,1/10/11 11:35,14321.0
540604,1/10/11 11:38,15326.0
540630,1/10/11 11:59,17849.0
C540634,1/10/11 12:02,13672.0
540635,1/10/11 12:03,14229.0
540636,1/10/11 12:04,17381.0
540637,1/10/11 12:13,
540638,1/10/11 12:14,
540639,1/10/11 12:28,13107.0
540640,1/10/11 12:36,14527.0
540641,1/10/11 13:20,16497.0
540642,1/10/11 13:22,12681.0
C540643,1/10/11 14:08,12471.0
540644,1/10/11 14:16,16303.0
540645,1/10/11 14:20,14060.0
540646,1/10/11 14:32,
540647,1/10/11 14:57,17406.0
540648,1/10/11 14:58,15061.0
540649,1/10/11 14:59,15061.0
540650,1/10/11 14:59,
540651,1/10/11 15:00,
C540652,1/10/11 15:04,17406.0
540653,1/10/11 15:07,17406.0
540662,1/10/11 15:16,13767.0
540664,1/10/11 15:18,15044.0
540671,1/10/11 15:35,17739.0
540672,1/10/11 15:51,15281.0
540673,1/10/11 16:04,
540674,1/10/11 16:05,
540675,1/10/11 16:05,
540676,1/10/11 16:05,
540677,1/10/11 16:20,
540678,1/10/11 16:21,
540679,1/10/11 16:21,
540680,1/10/11 16:24,15311.0
540681,1/10/11 16:25,
540682,1/10/11 16:29,16112.0
540683,1/10/11 17:00,
540684,1/10/11 17:01,
540685,1/10/11 17:08,
540687,1/10/11 17:18,15867.0
540688,1/11/11 7:57,12736.0
540689,1/11/11 8:43,17450.0
540690,1/11/11 8:45,13473.0
540691,1/11/11 8:50,17450.0
540692,1/11/11 9:12,14320.0
540693,1/11/11 9:13,
540694,1/11/11 9:13,
540695,1/11/11 9:14,
540696,1/11/11 9:14,
540697,1/11/11 9:20,16670.0
540698,1/11/11 9:24,17450.0
540699,1/11/11 9:32,
540700,1/11/11 9:47,12393.0
540701,1/11/11 9:48,15640.0
540702,1/11/11 9:58,13491.0
540703,1/11/11 9:58,14135.0
540704,1/11/11 10:04,17742.0
540732,1/11/11 10:19,16122.0
540750,1/11/11 10:26,16351.0
540753,1/11/11 10:31,14217.0
540768,1/11/11 10:38,17428.0
540769,1/11/11 10:38,12601.0
540770,1/11/11 10:40,13468.0
540777,1/11/11 11:15,13144.0
540778,1/11/11 11:15,
540779,1/11/11 11:18,15346.0
C540780,1/11/11 11:19,14299.0
C540781,1/11/11 11:22,16875.0
540782,1/11/11 11:32,15370.0
C540783,1/11/11 11:38,17629.0
540785,1/11/11 11:39,12557.0
C540784,1/11/11 11:39,13126.0
C540786,1/11/11 11:42,15194.0
C540787,1/11/11 11:45,13408.0
C540788,1/11/11 11:46,13576.0
540789,1/11/11 11:48,12643.0
C540790,1/11/11 11:48,16145.0
C540791,1/11/11 11:49,13534.0
C540792,1/11/11 11:50,16203.0
C540793,1/11/11 11:53,14295.0
540794,1/11/11 11:54,16034.0
540795,1/11/11 12:00,13078.0
C540796,1/11/11 12:03,15107.0
540797,1/11/11 12:05,15107.0
540798,1/11/11 12:11,17365.0
540799,1/11/11 12:12,17365.0
540800,1/11/11 12:20,13798.0
540801,1/11/11 12:25,12540.0
540802,1/11/11 12:29,15189.0
540803,1/11/11 12:30,14669.0
540809,1/11/11 12:37,18095.0
540813,1/11/11 12:41,14669.0
C540814,1/11/11 12:50,15518.0
540815,1/11/11 12:55,15749.0
540816,1/11/11 12:55,15518.0
540817,1/11/11 12:56,14209.0
540818,1/11/11 12:57,15749.0
540819,1/11/11 13:06,15518.0
C540820,1/11/11 13:09,15518.0
540821,1/11/11 13:16,
540822,1/11/11 13:25,16042.0
540823,1/11/11 13:26,15569.0
540824,1/11/11 13:31,12728.0
540825,1/11/11 13:54,13672.0
540826,1/11/11 14:00,13102.0
540827,1/11/11 14:15,17569.0
540828,1/11/11 14:36,
540829,1/11/11 14:38,13784.0
540832,1/11/11 14:42,
540833,1/11/11 14:46,
540834,1/11/11 14:50,14733.0
540835,1/11/11 15:00,12724.0
540836,1/11/11 15:01,
C540837,1/11/11 15:02,14733.0
540838,1/11/11 15:13,13862.0
540839,1/11/11 15:42,16791.0
540840,1/11/11 15:42,16235.0
C540841,1/11/11 16:14,15602.0
540842,1/11/11 16:16,15602.0
C540843,1/11/11 16:21,15602.0
540844,1/11/11 16:24,12971.0
C540845,1/11/11 16:57,16191.0
C540846,1/11/11 16:59,13162.0
C540847,1/11/11 17:35,13458.0
540848,1/12/11 9:26,
540849,1/12/11 9:33,14270.0
C540850,1/12/11 9:41,12665.0
540851,1/12/11 9:43,12523.0
C540852,1/12/11 9:48,15197.0
C540853,1/12/11 9:52,12413.0
C540854,1/12/11 9:54,
540855,1/12/11 10:14,16353.0
540856,1/12/11 10:16,16655.0
540857,1/12/11 10:20,16779.0
540858,1/12/11 10:49,16359.0
540859,1/12/11 10:58,17965.0
C540860,1/12/11 11:04,15953.0
540862,1/12/11 11:18,15953.0
540866,1/12/11 11:21,17324.0
C540895,1/12/11 11:45,17095.0
540900,1/12/11 11:46,12712.0
540906,1/12/11 11:51,16701.0
540907,1/12/11 11:52,13488.0
540908,1/12/11 11:53,12980.0
540915,1/12/11 12:00,13267.0
C540937,1/12/11 12:09,14748.0
540939,1/12/11 12:10,15061.0
C540938,1/12/11 12:10,15061.0
540940,1/12/11 12:12,18109.0
C540942,1/12/11 12:30,13113.0
540943,1/12/11 12:31,17841.0
C540944,1/12/11 12:40,16554.0
540945,1/12/11 12:41,16554.0
540946,1/12/11 12:43,12359.0
540947,1/12/11 12:43,15939.0
C540948,1/12/11 12:47,13093.0
C540949,1/12/11 12:49,13093.0
C540950,1/12/11 12:51,18226.0
540951,1/12/11 13:10,13113.0
C540952,1/12/11 13:12,14606.0
540953,1/12/11 13:16,14587.0
540954,1/12/11 13:19,14606.0
540955,1/12/11 13:27,14715.0
540957,1/12/11 13:30,15311.0
540968,1/12/11 13:40,17338.0
540970,1/12/11 13:52,14185.0
540971,1/12/11 14:10,12383.0
540972,1/12/11 14:13,12437.0
540973,1/12/11 14:20,
540974,1/12/11 14:43,12971.0
540975,1/12/11 14:57,14040.0
540976,1/12/11 15:00,12652.0
540977,1/12/11 15:01,
540978,1/12/11 15:04,
540979,1/12/11 15:06,15727.0
540980,1/12/11 15:22,14514.0
540981,1/12/11 15:25,12868.0
540982,1/12/11 15:35,
540983,1/12/11 15:36,15171.0
540984,1/12/11 15:44,14167.0
540985,1/12/11 15:48,17389.0
540986,1/12/11 16:14,15291.0
540987,1/12/11 16:15,
540990,1/12/11 16:51,17048.0
540991,1/12/11 16:52,16525.0
540992,1/12/11 16:57,17364.0
540993,1/13/11 9:23,13284.0
540994,1/13/11 9:29,13089.0
540995,1/13/11 9:30,
540996,1/13/11 9:40,17068.0
540997,1/13/11 9:55,17368.0
540998,1/13/11 10:04,15290.0
540999,1/13/11 10:08,13694.0
541000,1/13/11 10:11,
541001,1/13/11 10:28,16500.0
541002,1/13/11 10:33,12951.0
541003,1/13/11 10:35,15835.0
541004,1/13/11 10:35,18190.0
541005,1/13/11 10:39,16161.0
541006,1/13/11 10:43,13993.0
C541007,1/13/11 10:47,13078.0
541008,1/13/11 10:48,17848.0
C541009,1/13/11 10:56,17581.0
541010,1/13/11 11:05,14114.0
541011,1/13/11 11:26,15447.0
541012,1/13/11 11:48,17019.0
541013,1/13/11 11:54,15694.0
541014,1/13/11 11:54,14085.0
541015,1/13/11 11:57,16315.0
541018,1/13/11 12:03,14978.0
541021,1/13/11 12:03,13093.0
541038,1/13/11 12:10,16395.0
541043,1/13/11 12:10,15510.0
541086,1/13/11 12:32,16503.0
541087,1/13/11 12:37,13614.0
541088,1/13/11 12:41,15513.0
C541089,1/13/11 12:41,14229.0
C541090,1/13/11 12:52,17406.0
541091,1/13/11 12:53,16814.0
C541092,1/13/11 12:56,13473.0
541093,1/13/11 13:21,12471.0
541094,1/13/11 13:36,13246.0
541103,1/13/11 14:24,14215.0
541104,1/13/11 14:29,
541105,1/13/11 14:34,16029.0
541106,1/13/11 14:50,18092.0
541107,1/13/11 14:55,17744.0
541108,1/13/11 15:01,13199.0
541109,1/13/11 15:10,15107.0
541110,1/13/11 15:11,15916.0
541111,1/13/11 15:13,15687.0
541112,1/13/11 15:17,18085.0
541113,1/13/11 15:18,16775.0
541114,1/13/11 15:19,14299.0
541115,1/13/11 15:34,12578.0
C541117,1/13/11 17:09,15100.0
541118,1/13/11 17:14,
541119,1/14/11 8:16,16493.0
541120,1/14/11 9:13,12490.0
541121,1/14/11 9:20,12672.0
541122,1/14/11 9:23,12708.0
541123,1/14/11 9:52,13385.0
541124,1/14/11 9:54,17389.0
541125,1/14/11 10:06,12474.0
541126,1/14/11 10:10,15626.0
541127,1/14/11 10:11,
541128,1/14/11 10:12,
541129,1/14/11 10:14,
541130,1/14/11 10:15,
541131,1/14/11 10:16,
541132,1/14/11 10:17,
541133,1/14/11 10:17,
541134,1/14/11 10:20,15615.0
541135,1/14/11 10:31,16233.0
541136,1/14/11 10:39,18229.0
541137,1/14/11 10:39,13777.0
541138,1/14/11 10:42,12553.0
541139,1/14/11 11:05,15213.0
541149,1/14/11 11:36,12393.0
541172,1/14/11 11:47,13854.0
541181,1/14/11 11:50,12877.0
C541201,1/14/11 12:05,13081.0
541202,1/14/11 12:09,17581.0
541203,1/14/11 12:21,13090.0
541204,1/14/11 12:22,14175.0
541205,1/14/11 12:23,18106.0
541206,1/14/11 12:24,14646.0
541207,1/14/11 12:27,17685.0
541208,1/14/11 12:29,15159.0
541213,1/14/11 13:28,15033.0
541214,1/14/11 13:41,15570.0
541215,1/14/11 13:42,14329.0
541216,1/14/11 13:52,15311.0
541217,1/14/11 13:59,17402.0
541218,1/14/11 14:02,16638.0
541219,1/14/11 14:06,
541220,1/14/11 14:11,14156.0
541221,1/14/11 14:28,
C541222,1/14/11 14:33,14299.0
541223,1/14/11 14:39,17954.0
541224,1/14/11 14:45,12474.0
541225,1/14/11 14:47,14099.0
541226,1/14/11 15:04,15854.0
541227,1/14/11 15:29,16839.0
541228,1/14/11 16:29,15290.0
C541229,1/14/11 16:43,16359.0
C541231,1/14/11 16:55,13455.0
C541232,1/14/11 16:58,16235.0
C541233,1/14/11 17:00,13107.0
C541234,1/14/11 17:11,13862.0
C541235,1/14/11 17:13,16670.0
541236,1/14/11 17:16,17961.0
C541237,1/14/11 17:26,13599.0
541238,1/16/11 10:42,16746.0
541239,1/16/11 10:56,16401.0
541240,1/16/11 11:07,16206.0
541241,1/16/11 11:08,13782.0
541242,1/16/11 11:49,12924.0
541243,1/16/11 12:11,16593.0
541244,1/16/11 12:35,15535.0
C541245,1/16/11 12:40,15535.0
541246,1/16/11 12:41,15535.0
541247,1/16/11 12:44,12989.0
541248,1/16/11 13:04,12748.0
541249,1/16/11 13:18,13700.0
541250,1/16/11 13:19,13700.0
541251,1/16/11 13:25,15046.0
541252,1/16/11 13:41,13064.0
541253,1/16/11 13:51,17841.0
C541254,1/16/11 13:53,17841.0
541255,1/16/11 13:54,17841.0
541256,1/16/11 14:36,13048.0
C541257,1/16/11 14:48,18069.0
541258,1/16/11 15:30,13634.0
541259,1/16/11 15:38,14404.0
541260,1/16/11 15:44,16059.0
C541261,1/16/11 15:48,14404.0
541262,1/16/11 15:50,18069.0
541263,1/16/11 16:10,16843.0
541264,1/16/11 16:10,17064.0
541265,1/16/11 16:23,17609.0
541266,1/16/11 16:25,15673.0
541267,1/17/11 10:37,12779.0
541268,1/17/11 10:52,12872.0
541269,1/17/11 11:01,12626.0
541270,1/17/11 11:09,14976.0
541271,1/17/11 11:12,12388.0
541272,1/17/11 11:17,13527.0
541273,1/17/11 11:21,13155.0
541274,1/17/11 11:24,15696.0
541275,1/17/11 11:28,14176.0
541276,1/17/11 11:34,15316.0
541277,1/17/11 11:46,12673.0
541278,1/17/11 11:53,14135.0
541279,1/17/11 11:55,18223.0
541280,1/17/11 11:57,15296.0
541281,1/17/11 11:59,17988.0
541282,1/17/11 12:31,17690.0
541283,1/17/11 12:34,12820.0
541285,1/17/11 12:45,13001.0
C541284,1/17/11 12:45,17744.0
541286,1/17/11 13:08,13982.0
541287,1/17/11 13:09,14101.0
541288,1/17/11 13:21,14525.0
541289,1/17/11 13:23,14606.0
541290,1/17/11 13:25,17288.0
541291,1/17/11 13:25,14667.0
541292,1/17/11 13:30,15596.0
541293,1/17/11 13:39,15311.0
541294,1/17/11 13:59,14898.0
541302,1/17/11 14:18,13769.0
541316,1/17/11 14:27,13209.0
541357,1/17/11 14:40,14238.0
541362,1/17/11 14:49,17730.0
541370,1/17/11 14:51,18179.0
541371,1/17/11 14:51,13983.0
541391,1/17/11 15:05,13983.0
541400,1/17/11 15:11,13929.0
541405,1/17/11 15:17,12683.0
541406,1/17/11 15:19,14657.0
541407,1/17/11 15:31,13199.0
541408,1/17/11 15:42,15738.0
541409,1/17/11 15:50,13246.0
541410,1/17/11 16:06,13089.0
541411,1/17/11 16:07,17961.0
541412,1/17/11 16:08,
541413,1/17/11 16:14,13859.0
541414,1/17/11 16:14,18212.0
C541415,1/17/11 16:20,14292.0
541417,1/17/11 16:23,16033.0
C541416,1/17/11 16:23,14606.0
C541418,1/17/11 16:45,13883.0
541420,1/17/11 17:08,16670.0
541421,1/17/11 17:44,
541422,1/17/11 17:48,
541423,1/17/11 17:54,
541424,1/17/11 17:57,
541425,1/18/11 8:43,15513.0
541426,1/18/11 8:44,18233.0
541427,1/18/11 8:46,17018.0
541428,1/18/11 8:53,14242.0
541429,1/18/11 9:44,14688.0
541430,1/18/11 9:50,12356.0
541431,1/18/11 10:01,12346.0
541432,1/18/11 10:15,12748.0
C541433,1/18/11 10:17,12346.0
541434,1/18/11 10:22,14911.0
541435,1/18/11 10:28,13898.0
541436,1/18/11 10:41,15291.0
541439,1/18/11 10:58,16948.0
541473,1/18/11 11:30,17491.0
541474,1/18/11 11:51,16997.0
541479,1/18/11 11:54,16422.0
541480,1/18/11 12:05,12527.0
541481,1/18/11 12:09,14696.0
541482,1/18/11 12:32,
541483,1/18/11 12:40,15395.0
541484,1/18/11 12:46,16814.0
541485,1/18/11 13:05,18118.0
541486,1/18/11 13:15,18109.0
541487,1/18/11 13:19,
541488,1/18/11 13:34,15061.0
541489,1/18/11 13:38,15023.0
541490,1/18/11 13:40,13984.0
541491,1/18/11 14:04,12510.0
C541492,1/18/11 14:24,
541493,1/18/11 14:29,
541494,1/18/11 14:38,
541495,1/18/11 14:59,
541496,1/18/11 15:00,
541497,1/18/11 15:19,
C541498,1/18/11 15:21,13693.0
C541499,1/18/11 15:23,13693.0
541500,1/18/11 15:25,18041.0
C541501,1/18/11 15:26,13458.0
C541502,1/18/11 15:30,18190.0
C541503,1/18/11 15:31,15291.0
541504,1/18/11 15:37,14415.0
541505,1/18/11 15:58,15939.0
541506,1/18/11 16:05,
541507,1/18/11 16:05,
541508,1/18/11 16:06,
541509,1/18/11 16:31,13263.0
541510,1/18/11 16:39,14428.0
541511,1/18/11 16:45,17576.0
541513,1/18/11 16:52,17576.0
C541512,1/18/11 16:52,17576.0
541516,1/18/11 17:34,
541517,1/19/11 8:34,12665.0
541518,1/19/11 9:05,12451.0
541519,1/19/11 9:11,
541520,1/19/11 9:13,12422.0
541521,1/19/11 9:45,15298.0
541522,1/19/11 9:54,17419.0
541523,1/19/11 10:09,17708.0
541524,1/19/11 10:49,17091.0
541525,1/19/11 10:51,14090.0
541530,1/19/11 10:56,14769.0
541552,1/19/11 11:15,15039.0
541564,1/19/11 11:38,16904.0
541565,1/19/11 11:48,14527.0
541566,1/19/11 11:50,17722.0
541567,1/19/11 11:51,12681.0
541568,1/19/11 12:07,15606.0
541569,1/19/11 12:14,13520.0
541570,1/19/11 12:34,14646.0
541571,1/19/11 12:38,12841.0
C541572,1/19/11 12:39,15171.0
C541573,1/19/11 12:47,15311.0
541574,1/19/11 12:52,12826.0
541575,1/19/11 13:21,15311.0
541576,1/19/11 13:32,17097.0
541584,1/19/11 14:12,
541585,1/19/11 14:22,14180.0
C541586,1/19/11 14:36,12383.0
541587,1/19/11 14:39,17841.0
541588,1/19/11 14:43,14307.0
C541589,1/19/11 14:44,15831.0
541590,1/19/11 14:50,13310.0
541591,1/19/11 14:52,15831.0
541592,1/19/11 15:08,
541593,1/19/11 15:20,17611.0
541594,1/19/11 15:30,14916.0
541595,1/19/11 16:08,14606.0
541596,1/19/11 16:18,17602.0
541596,1/19/11 16:19,17602.0
541597,1/19/11 16:19,14031.0
541600,1/19/11 16:48,
541601,1/19/11 16:48,
541602,1/19/11 17:17,17231.0
C541603,1/19/11 17:21,14572.0
541604,1/19/11 17:23,14572.0
541605,1/20/11 9:03,13502.0
541606,1/20/11 9:25,14784.0
541607,1/20/11 9:53,
541608,1/20/11 9:54,14646.0
541609,1/20/11 10:11,15938.0
541610,1/20/11 10:18,16029.0
541611,1/20/11 10:18,16029.0
541615,1/20/11 10:43,16395.0
541631,1/20/11 10:47,12637.0
541631,1/20/11 10:48,12637.0
C541641,1/20/11 11:00,17841.0
541648,1/20/11 11:15,17811.0
541649,1/20/11 11:39,17418.0
C541650,1/20/11 11:44,
C541651,1/20/11 11:48,
541652,1/20/11 11:49,
C541653,1/20/11 11:50,
C541654,1/20/11 11:53,12540.0
541655,1/20/11 12:04,14779.0
C541656,1/20/11 12:07,17315.0
541657,1/20/11 12:11,16321.0
541658,1/20/11 12:16,15529.0
541659,1/20/11 12:16,15262.0
541660,1/20/11 12:20,17787.0
541664,1/20/11 12:23,17862.0
541669,1/20/11 12:29,17315.0
541670,1/20/11 12:34,14911.0
541671,1/20/11 13:01,14735.0
541672,1/20/11 13:02,14735.0
541673,1/20/11 13:02,14735.0
C541674,1/20/11 13:19,16892.0
541675,1/20/11 13:49,12402.0
541676,1/20/11 14:01,15379.0
541677,1/20/11 14:01,12747.0
541678,1/20/11 14:13,17771.0
541679,1/20/11 14:17,15422.0
541680,1/20/11 14:18,14062.0
541681,1/20/11 14:24,13008.0
541682,1/20/11 15:00,14770.0
541683,1/20/11 15:01,14085.0
541684,1/20/11 15:22,15498.0
541685,1/20/11 15:41,
541686,1/20/11 15:42,16912.0
541687,1/20/11 15:42,
C541688,1/20/11 16:15,12683.0
C541689,1/20/11 16:16,13090.0
541690,1/20/11 16:17,15422.0
C541691,1/20/11 16:22,13090.0
541692,1/20/11 16:59,
C541693,1/20/11 17:02,14309.0
C541694,1/20/11 17:06,17364.0
541695,1/20/11 18:01,
541696,1/20/11 18:08,
541697,1/20/11 18:09,
541698,1/20/11 19:16,14713.0
541699,1/21/11 9:03,17744.0
541700,1/21/11 9:06,15174.0
C541701,1/21/11 9:26,14895.0
541702,1/21/11 9:44,
541703,1/21/11 9:52,12594.0
C541704,1/21/11 10:25,13284.0
C541705,1/21/11 10:29,13854.0
541706,1/21/11 10:35,18061.0
C541707,1/21/11 11:07,18223.0
541708,1/21/11 11:08,18223.0
541709,1/21/11 11:09,17504.0
C541710,1/21/11 11:17,14320.0
541711,1/21/11 11:18,14646.0
541712,1/21/11 11:19,17890.0
541732,1/21/11 11:34,16387.0
C541735,1/21/11 11:35,12626.0
541756,1/21/11 11:42,12664.0
541782,1/21/11 11:50,13102.0
C541779,1/21/11 11:50,13102.0
541783,1/21/11 11:55,16618.0
541784,1/21/11 12:37,17277.0
541785,1/21/11 12:40,14779.0
C541786,1/21/11 12:54,14441.0
C541787,1/21/11 12:56,12829.0
541788,1/21/11 13:05,13999.0
541789,1/21/11 13:07,14088.0
541791,1/21/11 13:07,16928.0
C541790,1/21/11 13:07,14175.0
541792,1/21/11 13:09,17094.0
541793,1/21/11 13:13,13969.0
541794,1/21/11 13:21,17238.0
541795,1/21/11 13:47,14692.0
541796,1/21/11 13:55,14092.0
541797,1/21/11 14:04,12970.0
541798,1/21/11 14:17,15311.0
541799,1/21/11 14:21,12970.0
541800,1/21/11 14:38,15235.0
541801,1/21/11 14:39,15235.0
541802,1/21/11 14:45,
541808,1/21/11 14:51,16210.0
541809,1/21/11 14:58,
541809,1/21/11 14:59,
541810,1/21/11 15:00,
541811,1/21/11 15:01,
541812,1/21/11 15:25,16839.0
541813,1/21/11 15:36,18239.0
541814,1/21/11 15:41,17306.0
541815,1/21/11 15:45,18037.0
541816,1/21/11 15:56,17799.0
541816,1/21/11 15:57,17799.0
C541817,1/21/11 16:11,13929.0
C541818,1/21/11 16:34,17389.0
C541821,1/21/11 16:41,15281.0
C541822,1/21/11 16:53,15658.0
C541823,1/21/11 16:55,17677.0
C541824,1/21/11 16:58,15939.0
C541825,1/21/11 17:01,12652.0
C541826,1/21/11 17:04,18260.0
541827,1/21/11 17:05,
C541828,1/21/11 17:06,13769.0
C541829,1/21/11 17:08,14175.0
541830,1/21/11 17:09,
C541831,1/21/11 17:12,18223.0
541832,1/21/11 17:14,17889.0
C541833,1/21/11 17:18,17644.0
C541834,1/21/11 17:24,17048.0
541835,1/23/11 10:15,17243.0
541836,1/23/11 10:29,15465.0
541837,1/23/11 10:32,17714.0
541838,1/23/11 10:43,12916.0
541839,1/23/11 11:15,17769.0
541840,1/23/11 11:48,15059.0
541841,1/23/11 11:53,14450.0
541842,1/23/11 12:07,16085.0
541843,1/23/11 12:08,13659.0
541844,1/23/11 12:19,16931.0
541845,1/23/11 12:41,15167.0
541846,1/23/11 12:43,13050.0
541847,1/23/11 13:25,15443.0
541848,1/23/11 13:31,17611.0
541849,1/23/11 13:33,13230.0
541849,1/23/11 13:34,13230.0
541850,1/23/11 13:58,14224.0
541851,1/23/11 14:20,17841.0
C541852,1/23/11 14:21,17841.0
541853,1/23/11 14:29,17858.0
541854,1/23/11 14:58,18283.0
541855,1/23/11 14:59,13742.0
541856,1/23/11 15:16,17673.0
541857,1/23/11 15:17,12727.0
541858,1/23/11 15:34,16983.0
541859,1/23/11 15:34,14606.0
541860,1/23/11 15:45,13963.0
C541861,1/23/11 15:48,13742.0
541862,1/23/11 16:02,14068.0
C541863,1/23/11 16:08,13798.0
541864,1/23/11 16:17,13798.0
541865,1/24/11 8:20,13068.0
541866,1/24/11 9:25,16477.0
541867,1/24/11 9:28,14744.0
C541868,1/24/11 9:30,14796.0
541869,1/24/11 9:35,
541870,1/24/11 9:39,
541871,1/24/11 9:41,
541872,1/24/11 9:52,14796.0
541873,1/24/11 9:52,14368.0
541874,1/24/11 10:01,15497.0
541875,1/24/11 10:01,16558.0
541876,1/24/11 10:05,12951.0
541877,1/24/11 10:12,12559.0
541878,1/24/11 10:28,
541879,1/24/11 10:31,
541880,1/24/11 10:38,13819.0
541881,1/24/11 10:43,14501.0
541882,1/24/11 10:54,
541883,1/24/11 10:56,13408.0
541884,1/24/11 11:12,14782.0
C541885,1/24/11 11:14,16782.0
541886,1/24/11 11:21,15039.0
C541897,1/24/11 11:30,15039.0
541903,1/24/11 11:31,15039.0
541916,1/24/11 11:34,17861.0
541919,1/24/11 11:35,14334.0
541932,1/24/11 11:39,14439.0
541946,1/24/11 11:50,17591.0
541947,1/24/11 11:56,18161.0
541948,1/24/11 12:00,15820.0
541949,1/24/11 12:08,18136.0
541950,1/24/11 12:13,15498.0
C541959,1/24/11 12:35,14692.0
541960,1/24/11 12:44,16660.0
541962,1/24/11 12:58,12693.0
C541961,1/24/11 12:58,17799.0
541963,1/24/11 13:06,17799.0
C541964,1/24/11 13:13,15291.0
541965,1/24/11 13:27,12625.0
541966,1/24/11 13:35,13854.0
541967,1/24/11 13:35,
541968,1/24/11 13:37,13396.0
541969,1/24/11 13:46,
541970,1/24/11 13:48,15179.0
541971,1/24/11 13:48,
541972,1/24/11 13:58,12935.0
541973,1/24/11 14:01,16730.0
541974,1/24/11 14:16,14541.0
541975,1/24/11 14:24,
541976,1/24/11 14:39,16168.0
541977,1/24/11 14:44,15078.0
541978,1/24/11 14:46,13551.0
541979,1/24/11 14:54,14911.0
541980,1/24/11 15:09,12421.0
541981,1/24/11 15:32,12691.0
541982,1/24/11 15:44,
541983,1/24/11 15:47,15797.0
541984,1/24/11 15:48,13117.0
541985,1/24/11 15:52,15052.0
541986,1/24/11 15:59,17001.0
541987,1/24/11 16:05,14130.0
541988,1/25/11 8:03,15222.0
541989,1/25/11 8:21,13615.0
541990,1/25/11 9:01,13901.0
541991,1/25/11 9:11,12417.0
541992,1/25/11 9:31,16029.0
541993,1/25/11 9:37,
C541994,1/25/11 9:49,14113.0
541995,1/25/11 9:58,13158.0
541996,1/25/11 10:20,18075.0
541997,1/25/11 10:38,18077.0
541998,1/25/11 10:42,12348.0
541999,1/25/11 10:45,
542000,1/25/11 10:49,14257.0
542001,1/25/11 10:56,14298.0
542002,1/25/11 10:57,14298.0
542003,1/25/11 11:07,15311.0
542004,1/25/11 11:08,12971.0
542005,1/25/11 11:18,14409.0
542006,1/25/11 11:20,15218.0
542025,1/25/11 11:41,14543.0
542026,1/25/11 11:41,15110.0
C542032,1/25/11 11:45,15311.0
C542038,1/25/11 11:47,14534.0
542057,1/25/11 11:57,15967.0
542058,1/25/11 11:59,15601.0
542059,1/25/11 11:59,16757.0
C542060,1/25/11 12:01,14680.0
542065,1/25/11 12:03,14527.0
C542078,1/25/11 12:11,12854.0
542079,1/25/11 12:15,18144.0
542080,1/25/11 12:16,13815.0
542081,1/25/11 12:21,15213.0
C542082,1/25/11 12:25,15213.0
542083,1/25/11 12:26,18008.0
542084,1/25/11 12:31,14680.0
542085,1/25/11 12:33,14534.0
C542086,1/25/11 12:34,18277.0
542087,1/25/11 12:35,14849.0
C542088,1/25/11 12:36,12553.0
542090,1/25/11 12:39,15518.0
C542089,1/25/11 12:39,12681.0
C542091,1/25/11 12:41,17091.0
C542092,1/25/11 12:45,14389.0
542093,1/25/11 12:46,17677.0
C542094,1/25/11 12:47,13310.0
C542095,1/25/11 12:49,17730.0
542096,1/25/11 12:52,17236.0
C542097,1/25/11 12:52,14215.0
542098,1/25/11 13:04,16531.0
542099,1/25/11 13:10,13703.0
542100,1/25/11 13:15,15339.0
C542101,1/25/11 13:15,12471.0
542102,1/25/11 13:26,12744.0
542103,1/25/11 13:26,13198.0
C542104,1/25/11 13:26,16191.0
542105,1/25/11 13:35,12854.0
542106,1/25/11 13:37,12709.0
542107,1/25/11 13:38,16222.0
542108,1/25/11 13:43,17460.0
542109,1/25/11 13:44,
542110,1/25/11 13:46,14189.0
542111,1/25/11 13:55,14341.0
542112,1/25/11 13:55,13168.0
542113,1/25/11 13:55,14341.0
542114,1/25/11 14:00,16943.0
542115,1/25/11 14:01,
542121,1/25/11 14:33,17515.0
542122,1/25/11 14:36,17082.0
542123,1/25/11 14:44,14299.0
542124,1/25/11 14:45,14248.0
542125,1/25/11 14:47,16497.0
542126,1/25/11 14:53,13001.0
542127,1/25/11 15:12,
542128,1/25/11 15:13,12609.0
542129,1/25/11 15:18,13002.0
542130,1/25/11 15:36,13468.0
542131,1/25/11 15:55,16133.0
542132,1/25/11 15:59,12691.0
542133,1/25/11 16:33,13049.0
542134,1/25/11 16:36,15189.0
542135,1/25/11 17:06,
542136,1/25/11 17:08,
542137,1/25/11 17:10,
C542138,1/25/11 17:21,17368.0
C542139,1/25/11 17:24,17094.0
C542140,1/25/11 17:33,12947.0
542141,1/26/11 8:38,14548.0
542142,1/26/11 9:04,12971.0
542143,1/26/11 9:23,15061.0
542145,1/26/11 9:26,13089.0
542146,1/26/11 9:27,13405.0
542147,1/26/11 10:02,12782.0
542148,1/26/11 10:10,14060.0
542149,1/26/11 10:17,17811.0
542151,1/26/11 10:30,13491.0
C542150,1/26/11 10:30,14049.0
542152,1/26/11 10:33,13534.0
542153,1/26/11 10:33,13534.0
542154,1/26/11 10:49,15777.0
542155,1/26/11 10:51,15777.0
542156,1/26/11 10:52,
542174,1/26/11 11:14,16043.0
542192,1/26/11 11:27,14049.0
542207,1/26/11 11:34,16422.0
542208,1/26/11 11:35,16422.0
542212,1/26/11 12:12,15812.0
542213,1/26/11 12:15,13837.0
542214,1/26/11 12:19,17118.0
542215,1/26/11 12:27,12472.0
542216,1/26/11 12:29,14911.0
542217,1/26/11 12:35,14606.0
542217,1/26/11 12:36,14606.0
542219,1/26/11 12:36,17735.0
C542218,1/26/11 12:36,14606.0
542220,1/26/11 12:38,15373.0
542221,1/26/11 12:40,14978.0
542222,1/26/11 12:42,14616.0
542223,1/26/11 12:43,14233.0
542224,1/26/11 12:45,17888.0
542225,1/26/11 13:10,
542226,1/26/11 13:20,17075.0
542227,1/26/11 13:33,14243.0
542228,1/26/11 13:37,13113.0
542229,1/26/11 13:38,12474.0
542230,1/26/11 13:38,17389.0
542231,1/26/11 13:40,16714.0
C542232,1/26/11 13:44,16714.0
542233,1/26/11 13:46,13098.0
542234,1/26/11 13:46,16714.0
542235,1/26/11 13:56,15661.0
542236,1/26/11 14:19,17027.0
542237,1/26/11 14:30,12347.0
542238,1/26/11 14:35,12591.0
542239,1/26/11 14:35,17786.0
542240,1/26/11 14:45,16124.0
542241,1/26/11 14:51,16409.0
542242,1/26/11 14:58,13754.0
542243,1/26/11 15:00,17841.0
C542244,1/26/11 15:04,13098.0
C542245,1/26/11 15:06,13098.0
542246,1/26/11 15:31,15227.0
542247,1/26/11 15:49,12997.0
542252,1/26/11 16:01,
542253,1/26/11 16:36,
542254,1/26/11 16:41,14733.0
542255,1/26/11 16:43,
C542256,1/26/11 17:04,17722.0
C542257,1/26/11 17:06,14341.0
542258,1/26/11 17:08,17372.0
C542259,1/26/11 17:09,16656.0
C542260,1/26/11 17:11,13890.0
C542261,1/26/11 17:13,17306.0
C542262,1/26/11 17:15,17591.0
C542263,1/26/11 17:16,14849.0
C542264,1/26/11 17:25,15215.0
542265,1/26/11 17:27,15867.0
542266,1/26/11 17:37,16918.0
542267,1/26/11 17:43,16882.0
542268,1/27/11 8:30,15358.0
542269,1/27/11 9:33,14442.0
C542270,1/27/11 9:35,13050.0
C542271,1/27/11 9:40,12637.0
542272,1/27/11 9:42,16496.0
C542273,1/27/11 10:01,12578.0
542274,1/27/11 10:02,16782.0
542275,1/27/11 10:18,13089.0
542276,1/27/11 10:19,12764.0
542277,1/27/11 10:30,14440.0
542278,1/27/11 10:43,14911.0
542284,1/27/11 10:56,17311.0
542303,1/27/11 11:05,12539.0
542320,1/27/11 11:15,14040.0
542344,1/27/11 11:30,
542345,1/27/11 11:55,15910.0
C542346,1/27/11 12:00,12709.0
542347,1/27/11 12:06,12826.0
C542348,1/27/11 12:09,12539.0
542349,1/27/11 12:10,15513.0
542350,1/27/11 12:11,16949.0
542351,1/27/11 12:13,14560.0
C542352,1/27/11 12:18,15596.0
542353,1/27/11 12:19,16700.0
542354,1/27/11 12:19,14709.0
542355,1/27/11 12:23,14970.0
542360,1/27/11 12:40,14701.0
542361,1/27/11 12:47,
542362,1/27/11 12:49,
542363,1/27/11 12:50,
542364,1/27/11 12:50,
542365,1/27/11 12:51,
C542366,1/27/11 12:54,13777.0
542367,1/27/11 12:57,
542368,1/27/11 12:59,
542369,1/27/11 13:08,12645.0
542370,1/27/11 13:23,13004.0
542371,1/27/11 13:29,12468.0
542372,1/27/11 13:37,13078.0
542373,1/27/11 13:38,16767.0
542374,1/27/11 13:40,15696.0
542375,1/27/11 13:42,12626.0
C542376,1/27/11 13:44,13777.0
542377,1/27/11 13:53,13506.0
542378,1/27/11 13:56,
542379,1/27/11 13:58,
542380,1/27/11 13:59,
542381,1/27/11 14:07,17213.0
542382,1/27/11 14:10,14738.0
C542383,1/27/11 14:26,14299.0
542384,1/27/11 14:31,15827.0
C542385,1/27/11 14:32,14290.0
542386,1/27/11 14:35,17540.0
542387,1/27/11 14:38,
542388,1/27/11 14:45,14239.0
542389,1/27/11 14:46,12868.0
542390,1/27/11 14:48,16814.0
542391,1/27/11 14:54,
542392,1/27/11 14:56,
542393,1/27/11 15:02,18125.0
542394,1/27/11 15:11,
542396,1/27/11 15:12,
C542395,1/27/11 15:12,17389.0
542397,1/27/11 15:22,13328.0
542398,1/27/11 15:36,13174.0
542399,1/27/11 15:38,15549.0
C542400,1/27/11 15:49,15189.0
542401,1/27/11 15:51,14541.0
C542402,1/27/11 16:05,16124.0
C542403,1/27/11 16:07,13534.0
C542404,1/27/11 16:08,13534.0
542405,1/27/11 16:11,13534.0
542406,1/27/11 16:13,17757.0
542407,1/27/11 16:17,15601.0
542408,1/27/11 16:29,13280.0
542409,1/27/11 16:30,15311.0
542411,1/27/11 16:43,15864.0
542412,1/27/11 16:49,16725.0
C542413,1/27/11 17:11,16923.0
542414,1/27/11 17:15,
542415,1/27/11 17:15,
C542416,1/27/11 17:23,16133.0
542417,1/27/11 17:38,
542418,1/27/11 17:39,
542419,1/27/11 17:41,14662.0
542420,1/27/11 18:05,17180.0
C542421,1/27/11 18:08,17180.0
542422,1/27/11 19:33,14702.0
542423,1/28/11 9:09,15057.0
C542424,1/28/11 9:18,18075.0
542425,1/28/11 9:20,12574.0
C542426,1/28/11 9:32,14146.0
C542427,1/28/11 9:34,14180.0
542428,1/28/11 10:00,17404.0
542429,1/28/11 10:08,13330.0
542430,1/28/11 10:10,13552.0
542431,1/28/11 10:28,12853.0
542432,1/28/11 10:40,13538.0
542433,1/28/11 10:45,12726.0
542434,1/28/11 10:47,16755.0
542470,1/28/11 11:27,14133.0
542503,1/28/11 11:58,16327.0
542504,1/28/11 12:03,
542505,1/28/11 12:04,
542506,1/28/11 12:06,16523.0
542507,1/28/11 12:06,
542508,1/28/11 12:06,
542509,1/28/11 12:07,
542510,1/28/11 12:07,
542511,1/28/11 12:07,15527.0
542512,1/28/11 12:07,
542513,1/28/11 12:08,
542514,1/28/11 12:08,
542515,1/28/11 12:08,
542516,1/28/11 12:08,
542517,1/28/11 12:11,13694.0
542518,1/28/11 12:17,
542519,1/28/11 12:19,15159.0
542520,1/28/11 12:21,15547.0
542521,1/28/11 12:28,17965.0
542526,1/28/11 12:43,14659.0
542527,1/28/11 12:48,17188.0
542528,1/28/11 13:04,13141.0
542529,1/28/11 13:08,
542530,1/28/11 13:08,15365.0
542531,1/28/11 13:08,
542532,1/28/11 13:09,
542533,1/28/11 13:18,16019.0
542534,1/28/11 13:27,13707.0
542535,1/28/11 13:37,12735.0
542536,1/28/11 13:37,
542538,1/28/11 13:54,15079.0
C542537,1/28/11 13:54,12501.0
C542539,1/28/11 14:07,14229.0
C542540,1/28/11 14:20,
542541,1/28/11 14:25,
542542,1/28/11 14:37,12431.0
542543,1/28/11 14:42,13141.0
542544,1/28/11 14:43,
542545,1/28/11 14:44,
542546,1/28/11 14:44,
542547,1/28/11 14:45,
542548,1/28/11 14:45,
542549,1/28/11 14:45,15696.0
542550,1/28/11 14:45,
542551,1/28/11 14:46,
542552,1/28/11 14:47,
542553,1/28/11 14:49,
542554,1/28/11 14:49,
542555,1/28/11 14:50,
542556,1/28/11 14:50,
542557,1/28/11 14:50,
542558,1/28/11 14:51,
542559,1/28/11 14:51,
542560,1/28/11 14:51,
542561,1/28/11 14:52,
542562,1/28/11 14:52,
542563,1/28/11 14:52,
542564,1/28/11 14:52,
542565,1/28/11 14:52,
542566,1/28/11 14:53,
542567,1/28/11 14:53,
542568,1/28/11 14:53,14215.0
542569,1/28/11 14:53,
542570,1/28/11 14:53,
542571,1/28/11 14:54,
542572,1/28/11 14:54,
542573,1/28/11 14:55,
542574,1/28/11 14:55,
542575,1/28/11 14:55,
542576,1/28/11 14:56,
542577,1/28/11 14:56,
542578,1/28/11 14:57,13709.0
542579,1/28/11 14:57,
542580,1/28/11 14:58,
542581,1/28/11 14:58,
542582,1/28/11 15:01,
542583,1/28/11 15:09,14051.0
542584,1/28/11 15:21,18016.0
542585,1/28/11 15:29,17329.0
542586,1/28/11 15:45,12377.0
542587,1/28/11 15:53,14401.0
C542588,1/28/11 15:57,12997.0
C542589,1/28/11 15:58,14709.0
542590,1/28/11 16:18,17920.0
542591,1/28/11 16:42,13089.0
C542593,1/28/11 16:50,15549.0
542594,1/28/11 17:24,
542595,1/30/11 10:19,14040.0
542596,1/30/11 10:27,14532.0
542597,1/30/11 10:33,16326.0
542598,1/30/11 10:43,14805.0
542599,1/30/11 11:01,17062.0
542600,1/30/11 11:11,16923.0
542601,1/30/11 11:52,16897.0
542602,1/30/11 12:09,15579.0
542603,1/30/11 12:09,16985.0
C542604,1/30/11 12:35,13148.0
542605,1/30/11 12:42,17796.0
542606,1/30/11 13:36,14595.0
542607,1/30/11 13:48,13148.0
542608,1/30/11 13:51,16770.0
542609,1/30/11 14:03,13161.0
542610,1/30/11 14:05,13148.0
542611,1/30/11 14:13,15415.0
542612,1/30/11 14:19,17841.0
542613,1/30/11 14:36,17431.0
542614,1/30/11 14:37,15708.0
542615,1/30/11 15:22,13148.0
542616,1/30/11 15:40,16816.0
542617,1/30/11 15:48,17463.0
542618,1/30/11 15:52,14502.0
542619,1/30/11 15:54,13869.0
542620,1/31/11 8:56,13089.0
542621,1/31/11 9:05,12528.0
542622,1/31/11 9:09,
542623,1/31/11 9:41,17239.0
542624,1/31/11 9:48,
542625,1/31/11 9:50,
542626,1/31/11 9:51,12720.0
542627,1/31/11 9:51,14426.0
542628,1/31/11 9:55,14426.0
542629,1/31/11 9:57,12731.0
542630,1/31/11 10:08,13784.0
542631,1/31/11 10:09,12841.0
542632,1/31/11 10:13,13324.0
542633,1/31/11 10:31,
542634,1/31/11 10:42,15448.0
C542635,1/31/11 10:43,14688.0
542636,1/31/11 10:44,18239.0
C542637,1/31/11 10:44,14688.0
C542638,1/31/11 11:15,13396.0
C542639,1/31/11 11:18,16570.0
C542640,1/31/11 11:22,16839.0
542641,1/31/11 11:25,17314.0
C542642,1/31/11 11:27,15827.0
C542643,1/31/11 11:29,13615.0
C542644,1/31/11 11:33,15497.0
C542645,1/31/11 11:37,14180.0
542646,1/31/11 11:42,17220.0
542647,1/31/11 11:46,18245.0
542648,1/31/11 11:46,12476.0
542649,1/31/11 11:46,17373.0
542659,1/31/11 12:09,15738.0
542662,1/31/11 12:10,18145.0
542664,1/31/11 12:14,
542667,1/31/11 12:16,17068.0
542673,1/31/11 12:18,14527.0
542678,1/31/11 12:21,14688.0
542690,1/31/11 12:33,14298.0
542691,1/31/11 12:34,13408.0
542692,1/31/11 12:35,14467.0
C542693,1/31/11 12:36,12908.0
542694,1/31/11 12:37,12908.0
C542704,1/31/11 12:48,15189.0
542707,1/31/11 12:50,18095.0
542708,1/31/11 13:07,17621.0
542709,1/31/11 13:17,15144.0
542710,1/31/11 13:17,14776.0
542711,1/31/11 13:19,17894.0
542712,1/31/11 13:27,14744.0
542713,1/31/11 13:27,12668.0
C542714,1/31/11 13:28,12437.0
542715,1/31/11 13:39,16403.0
542716,1/31/11 14:02,16407.0
542717,1/31/11 14:07,17580.0
542718,1/31/11 14:13,15602.0
542719,1/31/11 14:18,17619.0
542720,1/31/11 14:35,12778.0
C542721,1/31/11 14:37,14502.0
542722,1/31/11 14:38,13089.0
542723,1/31/11 14:53,17256.0
542724,1/31/11 14:59,16779.0
542725,1/31/11 15:05,16191.0
C542726,1/31/11 15:08,16191.0
542727,1/31/11 15:09,17604.0
542728,1/31/11 15:11,14006.0
542729,1/31/11 15:17,15194.0
542731,1/31/11 15:27,13600.0
C542730,1/31/11 15:27,13506.0
C542732,1/31/11 15:31,14180.0
542733,1/31/11 15:35,15058.0
542735,1/31/11 15:36,12681.0
C542734,1/31/11 15:36,14442.0
542736,1/31/11 15:37,14744.0
542737,1/31/11 15:52,15058.0
C542738,1/31/11 15:53,13089.0
542739,1/31/11 15:57,17389.0
C542740,1/31/11 15:59,12853.0
542741,1/31/11 16:02,17375.0
542743,1/31/11 16:26,16191.0
C542742,1/31/11 16:26,15358.0
C542744,1/31/11 16:32,16191.0
542745,1/31/11 16:47,15881.0
542746,1/31/11 16:48,15881.0
C542748,1/31/11 16:53,15881.0
C542753,1/31/11 16:57,15881.0
542759,1/31/11 16:59,15881.0
542776,2/1/11 8:23,15240.0
542777,2/1/11 8:31,14911.0
542778,2/1/11 9:01,14496.0
542779,2/1/11 9:36,17147.0
542780,2/1/11 9:38,17675.0
C542781,2/1/11 9:38,12626.0
542782,2/1/11 10:00,12712.0
542783,2/1/11 10:02,
542784,2/1/11 10:04,
542785,2/1/11 10:14,13881.0
542786,2/1/11 10:15,17314.0
C542787,2/1/11 10:22,15864.0
542788,2/1/11 10:37,16570.0
542789,2/1/11 10:38,17511.0
542790,2/1/11 10:38,16612.0
542791,2/1/11 10:47,15039.0
C542792,2/1/11 10:49,14627.0
C542793,2/1/11 10:52,14113.0
542794,2/1/11 10:56,
542795,2/1/11 10:59,18055.0
542796,2/1/11 11:07,17356.0
542797,2/1/11 11:08,17884.0
C542798,2/1/11 11:09,12477.0
C542799,2/1/11 11:12,14606.0
542800,2/1/11 11:16,14606.0
542806,2/1/11 11:19,12836.0
C542805,2/1/11 11:19,14606.0
542806,2/1/11 11:20,12836.0
542812,2/1/11 11:21,14850.0
C542832,2/1/11 11:28,15694.0
542835,2/1/11 11:30,13939.0
542836,2/1/11 11:31,16745.0
542849,2/1/11 11:35,
542858,2/1/11 11:40,17228.0
542859,2/1/11 11:42,13606.0
C542860,2/1/11 11:43,
542861,2/1/11 11:47,
542862,2/1/11 11:51,14606.0
542863,2/1/11 11:58,13494.0
542864,2/1/11 12:03,13802.0
542865,2/1/11 12:08,12929.0
C542866,2/1/11 12:14,15311.0
542867,2/1/11 12:22,
542868,2/1/11 12:25,16419.0
542869,2/1/11 12:27,17035.0
542870,2/1/11 12:29,15203.0
542871,2/1/11 12:33,
542872,2/1/11 12:42,15939.0
542879,2/1/11 12:52,
542880,2/1/11 12:53,
542881,2/1/11 12:54,14587.0
542882,2/1/11 12:55,
542883,2/1/11 13:07,
542884,2/1/11 13:08,
542885,2/1/11 13:08,
542886,2/1/11 13:09,16515.0
542887,2/1/11 13:10,12373.0
542888,2/1/11 13:15,15687.0
542889,2/1/11 13:20,16422.0
542890,2/1/11 13:25,15311.0
542891,2/1/11 13:26,16705.0
542892,2/1/11 13:28,13784.0
542893,2/1/11 13:36,18202.0
542894,2/1/11 13:45,12775.0
542895,2/1/11 13:47,14549.0
542896,2/1/11 13:50,15981.0
542897,2/1/11 13:55,15854.0
542898,2/1/11 14:01,16110.0
542899,2/1/11 14:12,17376.0
542900,2/1/11 14:24,14180.0
542901,2/1/11 14:29,14217.0
542902,2/1/11 14:43,16011.0
542903,2/1/11 14:46,15107.0
542904,2/1/11 14:58,12682.0
542905,2/1/11 15:11,12540.0
542906,2/1/11 15:12,
542907,2/1/11 15:15,13854.0
542908,2/1/11 15:24,13110.0
542909,2/1/11 15:35,16716.0
C542910,2/1/11 15:38,17511.0
542911,2/1/11 15:41,12676.0
C542912,2/1/11 15:49,13141.0
C542913,2/1/11 15:57,16779.0
542914,2/1/11 16:03,16161.0
542915,2/1/11 16:18,15940.0
C542916,2/1/11 16:21,15940.0
542919,2/1/11 16:47,15971.0
542920,2/2/11 7:51,13629.0
542921,2/2/11 7:58,15838.0
542922,2/2/11 9:06,12682.0
542923,2/2/11 9:08,14665.0
542925,2/2/11 9:39,14457.0
C542924,2/2/11 9:39,12559.0
542926,2/2/11 9:49,12559.0
542927,2/2/11 10:06,18198.0
542928,2/2/11 10:22,17863.0
542929,2/2/11 10:34,17811.0
542930,2/2/11 10:41,14233.0
542931,2/2/11 10:46,15589.0
542932,2/2/11 10:54,13089.0
542933,2/2/11 10:56,14411.0
542934,2/2/11 11:01,13093.0
542936,2/2/11 11:10,
542944,2/2/11 11:14,17560.0
C542951,2/2/11 11:16,16985.0
542965,2/2/11 11:22,
542989,2/2/11 11:41,15226.0
542990,2/2/11 11:43,13468.0
C542991,2/2/11 11:54,14460.0
542992,2/2/11 11:55,14460.0
542993,2/2/11 12:02,16156.0
542994,2/2/11 12:03,17230.0
542995,2/2/11 12:09,13728.0
542996,2/2/11 12:10,15046.0
542997,2/2/11 12:16,
542998,2/2/11 12:16,
542999,2/2/11 12:16,
543000,2/2/11 12:17,
543001,2/2/11 12:26,14127.0
543002,2/2/11 12:36,13491.0
543003,2/2/11 12:38,14312.0
C543004,2/2/11 12:40,13939.0
543005,2/2/11 12:42,16378.0
543006,2/2/11 12:53,17975.0
543007,2/2/11 12:54,13894.0
543008,2/2/11 13:07,13824.0
543009,2/2/11 13:11,18041.0
543010,2/2/11 13:16,18250.0
543011,2/2/11 13:25,15270.0
543012,2/2/11 13:28,17961.0
543013,2/2/11 13:35,
543014,2/2/11 13:36,
543015,2/2/11 13:46,14188.0
543016,2/2/11 13:57,18017.0
543017,2/2/11 14:17,13199.0
543018,2/2/11 14:24,
543019,2/2/11 14:25,17912.0
543020,2/2/11 14:29,15005.0
543021,2/2/11 14:36,15421.0
543022,2/2/11 14:37,16771.0
543023,2/2/11 14:38,15270.0
543024,2/2/11 14:39,13777.0
543025,2/2/11 14:40,17446.0
C543026,2/2/11 14:44,16717.0
543027,2/2/11 14:51,12414.0
543028,2/2/11 15:09,14443.0
543029,2/2/11 15:13,13576.0
543030,2/2/11 15:22,12437.0
543031,2/2/11 15:26,14798.0
543032,2/2/11 15:39,12990.0
543033,2/2/11 15:48,17841.0
543034,2/2/11 15:50,
543035,2/2/11 15:51,
543036,2/2/11 15:57,17223.0
543037,2/2/11 16:01,12350.0
543038,2/2/11 16:15,14735.0
C543039,2/2/11 16:31,16992.0
543040,2/2/11 17:06,17337.0
543041,2/2/11 17:08,16405.0
C543042,2/2/11 17:09,17337.0
543043,2/2/11 17:15,17848.0
543044,2/3/11 8:18,17071.0
543045,2/3/11 9:04,14309.0
543046,2/3/11 9:37,13873.0
543047,2/3/11 9:42,16210.0
543048,2/3/11 9:58,12600.0
543049,2/3/11 10:09,
C543050,2/3/11 10:14,12625.0
543051,2/3/11 10:15,
C543052,2/3/11 10:20,14180.0
543053,2/3/11 10:26,17362.0
543054,2/3/11 10:39,13394.0
543055,2/3/11 10:41,12502.0
543056,2/3/11 10:47,12471.0
543057,2/3/11 10:50,16333.0
543094,2/3/11 11:28,16030.0
543095,2/3/11 11:30,16814.0
543096,2/3/11 11:39,14044.0
543097,2/3/11 11:41,
543098,2/3/11 11:49,13102.0
543099,2/3/11 12:00,16684.0
543106,2/3/11 12:12,15658.0
543107,2/3/11 12:27,13800.0
543108,2/3/11 12:37,14085.0
C543109,2/3/11 12:39,12775.0
543111,2/3/11 12:44,15719.0
C543112,2/3/11 12:59,14133.0
543113,2/3/11 13:06,13047.0
543114,2/3/11 13:26,14156.0
543115,2/3/11 13:27,14606.0
543116,2/3/11 13:29,17672.0
543117,2/3/11 13:30,12464.0
543118,2/3/11 13:31,13842.0
C543119,2/3/11 13:31,14606.0
543120,2/3/11 13:53,13668.0
543121,2/3/11 13:58,12662.0
543122,2/3/11 14:01,13819.0
543123,2/3/11 14:08,18178.0
543124,2/3/11 14:15,15311.0
543125,2/3/11 14:41,17214.0
543126,2/3/11 14:41,13581.0
543127,2/3/11 14:51,16748.0
543128,2/3/11 14:54,12971.0
543129,2/3/11 15:02,14540.0
543130,2/3/11 15:17,16997.0
543131,2/3/11 15:23,13539.0
543132,2/3/11 15:27,15235.0
543133,2/3/11 15:27,15235.0
543134,2/3/11 15:28,15885.0
543161,2/3/11 17:01,14497.0
543162,2/3/11 18:08,17507.0
543163,2/3/11 18:45,16353.0
543164,2/3/11 19:32,13208.0
543165,2/3/11 19:58,13230.0
543166,2/4/11 8:27,13488.0
543167,2/4/11 8:56,17457.0
543168,2/4/11 8:58,13694.0
543169,2/4/11 8:59,13694.0
543170,2/4/11 9:03,17334.0
543171,2/4/11 9:10,
543171,2/4/11 9:11,
543172,2/4/11 9:11,
543173,2/4/11 9:30,13871.0
543174,2/4/11 9:34,16938.0
C543175,2/4/11 9:46,12712.0
543176,2/4/11 9:52,
543177,2/4/11 9:56,14466.0
543178,2/4/11 10:31,14911.0
543179,2/4/11 10:31,12754.0
543179,2/4/11 10:32,12754.0
543180,2/4/11 10:38,12410.0
543181,2/4/11 10:39,12410.0
543182,2/4/11 10:39,
543182,2/4/11 10:40,
543183,2/4/11 11:13,14560.0
543184,2/4/11 11:14,16525.0
C543185,2/4/11 11:22,
543186,2/4/11 11:40,17929.0
543187,2/4/11 11:43,14778.0
543188,2/4/11 11:45,12567.0
543189,2/4/11 11:48,17517.0
543190,2/4/11 11:52,17226.0
543191,2/4/11 11:54,13137.0
543192,2/4/11 11:55,17381.0
543193,2/4/11 12:18,13725.0
543194,2/4/11 12:25,
543196,2/4/11 12:29,13309.0
C543195,2/4/11 12:29,13113.0
543197,2/4/11 12:36,12842.0
543198,2/4/11 12:37,16109.0
543199,2/4/11 12:40,13102.0
543200,2/4/11 13:03,
543201,2/4/11 13:03,
543202,2/4/11 13:04,17291.0
543214,2/4/11 13:19,12779.0
543232,2/4/11 13:28,13113.0
543235,2/4/11 13:30,14462.0
543237,2/4/11 13:39,
543238,2/4/11 13:42,
543240,2/4/11 13:47,14462.0
C543239,2/4/11 13:47,14462.0
C543241,2/4/11 14:02,17315.0
543242,2/4/11 14:03,15090.0
543243,2/4/11 14:04,15199.0
C543244,2/4/11 14:06,16725.0
543245,2/4/11 14:08,16725.0
543246,2/4/11 14:14,17315.0
543247,2/4/11 14:23,16029.0
543248,2/4/11 14:25,16029.0
543249,2/4/11 14:43,13963.0
543250,2/4/11 14:46,13911.0
543251,2/4/11 14:51,14194.0
543252,2/4/11 14:58,17685.0
543253,2/4/11 15:32,14842.0
543254,2/4/11 15:40,
543255,2/4/11 15:43,13050.0
543256,2/4/11 15:54,17293.0
543257,2/4/11 16:06,
543258,2/4/11 16:06,
543259,2/4/11 16:07,
543260,2/4/11 16:07,
543261,2/4/11 16:08,
543262,2/4/11 16:08,
543263,2/4/11 16:11,
543264,2/4/11 16:34,13069.0
543265,2/4/11 17:23,
543266,2/4/11 17:24,
543267,2/4/11 17:24,
543268,2/4/11 17:24,
543269,2/4/11 17:25,
543270,2/4/11 17:25,
543271,2/4/11 17:26,
543272,2/6/11 11:11,14810.0
543273,2/6/11 11:29,16456.0
543274,2/6/11 12:48,17392.0
543275,2/6/11 12:49,13584.0
543276,2/6/11 13:57,16525.0
543277,2/6/11 14:33,15808.0
543278,2/6/11 14:43,16745.0
543279,2/6/11 14:46,17105.0
543280,2/6/11 14:56,14438.0
543281,2/6/11 15:34,14606.0
543282,2/6/11 16:08,12956.0
543283,2/7/11 9:15,15781.0
543284,2/7/11 9:36,14410.0
543285,2/7/11 9:48,14600.0
543286,2/7/11 9:50,14952.0
543287,2/7/11 10:03,16422.0
543288,2/7/11 10:14,17302.0
C543290,2/7/11 10:44,16686.0
543291,2/7/11 10:50,14180.0
543292,2/7/11 11:15,14534.0
543293,2/7/11 11:20,17613.0
543294,2/7/11 11:39,17849.0
543300,2/7/11 11:42,13334.0
543306,2/7/11 11:56,16686.0
C543307,2/7/11 11:58,18118.0
543308,2/7/11 12:04,
543309,2/7/11 12:05,18118.0
543310,2/7/11 12:10,
543325,2/7/11 12:22,17692.0
543332,2/7/11 12:24,13955.0
543342,2/7/11 12:27,17162.0
543345,2/7/11 12:29,
C543347,2/7/11 12:44,12472.0
543348,2/7/11 12:46,13983.0
543349,2/7/11 13:13,17774.0
543350,2/7/11 13:15,13809.0
543351,2/7/11 13:18,15407.0
543352,2/7/11 13:32,15577.0
C543353,2/7/11 13:41,16033.0
543354,2/7/11 13:50,13458.0
543355,2/7/11 13:50,16033.0
C543356,2/7/11 13:52,14443.0
543357,2/7/11 13:59,12388.0
543358,2/7/11 14:04,
543359,2/7/11 14:16,16332.0
543367,2/7/11 14:33,18225.0
C543368,2/7/11 14:46,18245.0
543369,2/7/11 14:49,16255.0
543370,2/7/11 14:51,12359.0
543371,2/7/11 14:53,14048.0
543372,2/7/11 15:01,16321.0
543373,2/7/11 15:04,16945.0
543374,2/7/11 15:05,16945.0
C543375,2/7/11 15:09,16321.0
543376,2/7/11 15:10,16321.0
543377,2/7/11 15:14,13725.0
543378,2/7/11 15:34,18102.0
543379,2/7/11 15:37,18102.0
543380,2/7/11 15:47,14293.0
C543381,2/7/11 15:52,15513.0
543382,2/7/11 16:21,14030.0
543383,2/7/11 16:23,
543385,2/7/11 16:24,
C543384,2/7/11 16:24,
543386,2/8/11 9:22,
543387,2/8/11 9:41,14646.0
C543388,2/8/11 9:44,14646.0
543389,2/8/11 9:56,17841.0
543390,2/8/11 10:02,
543391,2/8/11 10:12,14475.0
543392,2/8/11 10:15,16839.0
543393,2/8/11 10:17,13534.0
543394,2/8/11 10:17,15797.0
543395,2/8/11 10:17,13534.0
543396,2/8/11 10:28,15189.0
543397,2/8/11 10:32,17859.0
543398,2/8/11 10:47,16458.0
543399,2/8/11 11:07,
543400,2/8/11 11:27,14688.0
543411,2/8/11 11:31,12576.0
543413,2/8/11 11:32,13098.0
543428,2/8/11 11:36,17787.0
C543431,2/8/11 11:37,12474.0
C543442,2/8/11 11:40,14911.0
C543445,2/8/11 11:45,12662.0
543446,2/8/11 12:01,15827.0
543447,2/8/11 12:01,16265.0
543448,2/8/11 12:12,
543449,2/8/11 12:12,16553.0
543450,2/8/11 12:12,
543451,2/8/11 12:13,
543452,2/8/11 12:14,16037.0
543453,2/8/11 12:15,
543454,2/8/11 12:20,14527.0
543455,2/8/11 12:38,17858.0
543456,2/8/11 12:41,15753.0
543457,2/8/11 12:47,17428.0
543458,2/8/11 13:28,14587.0
543459,2/8/11 13:28,12599.0
543460,2/8/11 13:32,
543461,2/8/11 13:35,
543462,2/8/11 13:39,17655.0
543463,2/8/11 14:06,15311.0
543464,2/8/11 14:15,16779.0
C543465,2/8/11 14:32,13873.0
543466,2/8/11 14:34,16713.0
543467,2/8/11 14:35,
543468,2/8/11 14:45,14562.0
C543469,2/8/11 14:55,12709.0
543470,2/8/11 14:58,16951.0
543471,2/8/11 15:00,
543472,2/8/11 15:01,
543473,2/8/11 15:01,
543474,2/8/11 15:09,14415.0
C543475,2/8/11 15:15,14415.0
543476,2/8/11 15:24,13050.0
543477,2/8/11 15:30,17315.0
543478,2/8/11 15:38,13798.0
543479,2/8/11 15:42,16998.0
543480,2/8/11 15:48,13133.0
543481,2/8/11 16:25,14606.0
543482,2/8/11 17:16,17881.0
543483,2/9/11 9:10,18075.0
543484,2/9/11 10:11,12721.0
543485,2/9/11 10:19,15843.0
543486,2/9/11 10:24,13319.0
543487,2/9/11 10:25,13319.0
543492,2/9/11 10:41,12720.0
543507,2/9/11 10:49,15039.0
543518,2/9/11 11:21,12753.0
543519,2/9/11 11:38,17083.0
543520,2/9/11 11:43,15827.0
543521,2/9/11 11:49,
543523,2/9/11 12:07,12971.0
543527,2/9/11 12:08,15970.0
543529,2/9/11 12:16,18109.0
543530,2/9/11 12:46,
543532,2/9/11 12:59,
543533,2/9/11 13:00,
543534,2/9/11 13:25,13590.0
543535,2/9/11 13:37,17537.0
543536,2/9/11 13:41,
543537,2/9/11 13:50,12401.0
543538,2/9/11 13:57,16143.0
543539,2/9/11 14:18,17757.0
543540,2/9/11 14:44,17412.0
543541,2/9/11 14:44,12462.0
543542,2/9/11 15:25,16607.0
543543,2/9/11 15:33,17843.0
543544,2/9/11 15:39,
543545,2/9/11 15:50,
543546,2/9/11 16:52,
543547,2/9/11 16:57,17358.0
543548,2/10/11 9:21,13706.0
543549,2/10/11 9:29,17940.0
543550,2/10/11 9:43,12601.0
C543551,2/10/11 10:00,16716.0
543552,2/10/11 10:05,
543553,2/10/11 10:08,16359.0
543554,2/10/11 10:17,14733.0
543555,2/10/11 10:18,17686.0
543565,2/10/11 10:40,14431.0
543586,2/10/11 11:16,15809.0
543587,2/10/11 11:39,12561.0
543588,2/10/11 11:40,17381.0
543589,2/10/11 11:41,17381.0
543590,2/10/11 11:44,17377.0
543591,2/10/11 11:46,13854.0
543592,2/10/11 11:57,17243.0
543593,2/10/11 12:13,14465.0
543594,2/10/11 12:15,18093.0
543595,2/10/11 12:19,16027.0
543596,2/10/11 12:21,14898.0
543597,2/10/11 12:32,12857.0
543598,2/10/11 13:06,18230.0
543599,2/10/11 13:08,17560.0
543600,2/10/11 13:19,18168.0
543601,2/10/11 13:27,14560.0
543602,2/10/11 13:34,15570.0
C543603,2/10/11 13:40,15570.0
543604,2/10/11 13:54,16558.0
C543605,2/10/11 14:11,13110.0
C543606,2/10/11 14:13,14665.0
C543607,2/10/11 14:13,15602.0
C543608,2/10/11 14:15,17230.0
C543609,2/10/11 14:17,16705.0
543610,2/10/11 14:30,16425.0
C543611,2/10/11 14:38,17850.0
543612,2/10/11 14:46,16711.0
543618,2/10/11 14:49,13468.0
543619,2/10/11 14:51,16842.0
C543620,2/10/11 14:52,14081.0
543622,2/10/11 14:59,17334.0
C543621,2/10/11 14:59,14475.0
543623,2/10/11 15:24,16405.0
C543624,2/10/11 15:33,12931.0
543625,2/10/11 15:38,12583.0
543626,2/10/11 15:40,15796.0
C543627,2/10/11 15:50,15601.0
C543628,2/10/11 15:51,16558.0
543629,2/10/11 15:55,
543630,2/10/11 16:01,15046.0
543631,2/10/11 16:17,14081.0
C543632,2/10/11 16:22,14842.0
C543633,2/10/11 16:24,17188.0
C543634,2/10/11 16:31,13599.0
C543635,2/10/11 16:33,13894.0
C543636,2/10/11 16:34,13767.0
C543637,2/10/11 16:35,15738.0
C543638,2/10/11 16:40,16403.0
543639,2/10/11 16:52,16725.0
C543640,2/10/11 17:06,12967.0
543641,2/10/11 17:19,14555.0
543642,2/10/11 17:40,16161.0
C543643,2/10/11 17:44,16161.0
C543644,2/10/11 17:50,17609.0
543645,2/10/11 17:54,17609.0
543646,2/10/11 19:44,17790.0
543647,2/10/11 19:49,12841.0
543648,2/11/11 8:45,15114.0
543649,2/11/11 9:11,17809.0
543650,2/11/11 9:17,12980.0
543651,2/11/11 10:06,16306.0
543652,2/11/11 10:15,15544.0
543653,2/11/11 10:26,14796.0
543654,2/11/11 10:29,
543655,2/11/11 10:30,
543656,2/11/11 10:30,
543657,2/11/11 10:38,15133.0
543658,2/11/11 10:38,13819.0
543660,2/11/11 10:40,
C543659,2/11/11 10:40,16730.0
C543661,2/11/11 10:41,12471.0
C543662,2/11/11 10:49,14441.0
C543663,2/11/11 10:50,18118.0
543664,2/11/11 10:57,17705.0
543668,2/11/11 11:17,18118.0
543669,2/11/11 11:22,16029.0
543670,2/11/11 11:23,16013.0
C543671,2/11/11 11:24,18087.0
543672,2/11/11 11:25,16013.0
543673,2/11/11 11:28,16013.0
543674,2/11/11 11:28,16013.0
543675,2/11/11 11:31,16013.0
543688,2/11/11 11:36,15270.0
543691,2/11/11 11:38,17924.0
543693,2/11/11 11:40,12897.0
C543706,2/11/11 11:44,15044.0
543713,2/11/11 11:46,
C543729,2/11/11 11:55,15796.0
543730,2/11/11 11:57,16928.0
543731,2/11/11 11:57,17677.0
543732,2/11/11 12:02,
543733,2/11/11 12:16,12395.0
543734,2/11/11 12:22,17512.0
543735,2/11/11 12:32,16191.0
543736,2/11/11 12:36,15044.0
543737,2/11/11 12:45,12477.0
543738,2/11/11 12:48,13094.0
543739,2/11/11 12:49,15550.0
543740,2/11/11 13:36,15311.0
C543741,2/11/11 13:37,13021.0
C543742,2/11/11 13:38,14676.0
C543743,2/11/11 13:39,12505.0
C543744,2/11/11 13:43,13672.0
C543745,2/11/11 13:46,13672.0
543746,2/11/11 13:50,17675.0
543747,2/11/11 13:53,13672.0
543748,2/11/11 13:54,12913.0
C543749,2/11/11 13:55,13672.0
C543750,2/11/11 13:59,18250.0
543751,2/11/11 14:00,
C543752,2/11/11 14:12,14031.0
543753,2/11/11 14:15,
543754,2/11/11 14:26,18159.0
C543755,2/11/11 14:48,14304.0
C543756,2/11/11 14:50,13089.0
C543757,2/11/11 15:05,13115.0
C543758,2/11/11 15:07,15299.0
543759,2/11/11 15:12,12921.0
C543760,2/11/11 15:12,15638.0
C543761,2/11/11 15:13,12943.0
543762,2/11/11 15:14,
C543763,2/11/11 15:14,13050.0
C543764,2/11/11 15:16,17035.0
C543765,2/11/11 15:16,16265.0
C543766,2/11/11 15:18,13319.0
C543767,2/11/11 15:19,13767.0
C543768,2/11/11 15:20,14497.0
C543769,2/11/11 15:22,17213.0
543770,2/11/11 15:39,13875.0
C543771,2/11/11 15:43,15658.0
C543772,2/11/11 15:43,13534.0
C543773,2/11/11 15:47,12410.0
543774,2/11/11 15:56,15856.0
C543775,2/11/11 16:10,13102.0
C543776,2/11/11 16:12,14133.0
543777,2/11/11 16:19,15406.0
543777,2/11/11 16:20,15406.0
C543778,2/11/11 16:30,18084.0
C543779,2/11/11 16:32,15240.0
C543780,2/11/11 16:34,17334.0
543781,2/11/11 16:36,
543782,2/11/11 16:36,
543783,2/11/11 16:45,
C543784,2/11/11 16:59,13089.0
C543785,2/11/11 17:01,13098.0
C543786,2/11/11 17:01,13078.0
C543787,2/11/11 17:05,15061.0
543788,2/11/11 17:06,15061.0
C543789,2/11/11 17:10,17450.0
C543790,2/11/11 17:12,17071.0
C543791,2/11/11 17:13,15270.0
C543792,2/11/11 17:14,13725.0
543796,2/11/11 17:31,
543797,2/13/11 10:24,15465.0
543798,2/13/11 11:13,15058.0
543799,2/13/11 11:22,17236.0
543800,2/13/11 11:36,17282.0
543801,2/13/11 11:52,17811.0
543802,2/13/11 12:03,13742.0
543803,2/13/11 12:05,17126.0
543804,2/13/11 12:17,16434.0
543805,2/13/11 12:41,17050.0
543806,2/13/11 12:48,17085.0
543807,2/13/11 13:15,14692.0
543808,2/13/11 13:22,17454.0
543809,2/13/11 13:52,17095.0
543810,2/13/11 14:16,13171.0
C543811,2/13/11 14:28,15640.0
543812,2/13/11 14:40,17472.0
543813,2/13/11 15:02,16897.0
543814,2/13/11 15:17,15640.0
543815,2/13/11 15:18,17255.0
543816,2/13/11 15:26,17841.0
C543817,2/13/11 15:28,17841.0
C543818,2/13/11 15:45,16897.0
C543819,2/13/11 16:04,16928.0
543820,2/13/11 16:05,16084.0
543821,2/14/11 9:24,17667.0
543822,2/14/11 9:24,12507.0
543823,2/14/11 9:27,17937.0
543824,2/14/11 9:31,14631.0
543825,2/14/11 9:33,16098.0
543826,2/14/11 9:41,
543827,2/14/11 9:44,
543828,2/14/11 9:45,14156.0
543829,2/14/11 9:47,12939.0
C543830,2/14/11 9:54,12476.0
543831,2/14/11 9:57,15769.0
543832,2/14/11 10:10,13381.0
543833,2/14/11 10:24,12476.0
C543834,2/14/11 10:24,12553.0
C543835,2/14/11 10:40,12963.0
543836,2/14/11 10:52,15236.0
C543837,2/14/11 10:56,14431.0
C543838,2/14/11 10:59,15827.0
543839,2/14/11 11:08,17811.0
C543840,2/14/11 11:19,14527.0
C543841,2/14/11 11:20,17095.0
543842,2/14/11 11:22,16333.0
543852,2/14/11 11:57,14258.0
543899,2/14/11 12:11,
543900,2/14/11 12:11,12621.0
543901,2/14/11 12:13,17659.0
543907,2/14/11 12:16,17346.0
543908,2/14/11 12:28,16422.0
543909,2/14/11 12:32,
543910,2/14/11 12:36,13475.0
543911,2/14/11 12:46,17829.0
543912,2/14/11 12:53,16701.0
543913,2/14/11 13:11,17591.0
543914,2/14/11 13:19,14715.0
543915,2/14/11 13:21,13717.0
543916,2/14/11 13:22,
C543917,2/14/11 13:40,12951.0
C543918,2/14/11 13:42,12921.0
543919,2/14/11 14:03,13157.0
543920,2/14/11 14:12,
543921,2/14/11 14:13,13911.0
543922,2/14/11 14:13,
543923,2/14/11 14:14,14644.0
543924,2/14/11 14:14,16904.0
543934,2/14/11 14:29,12993.0
543935,2/14/11 14:39,12989.0
543973,2/14/11 15:15,17571.0
C543972,2/14/11 15:15,17924.0
C543974,2/14/11 15:20,14606.0
543975,2/14/11 15:23,17231.0
543976,2/14/11 15:26,13089.0
543977,2/14/11 15:35,15615.0
543978,2/14/11 15:37,12867.0
543979,2/14/11 15:43,14606.0
C543980,2/14/11 16:39,14189.0
543981,2/15/11 8:18,15358.0
543982,2/15/11 8:21,15358.0
543983,2/15/11 9:20,16979.0
543984,2/15/11 9:35,15601.0
543985,2/15/11 9:44,
543986,2/15/11 9:46,16738.0
543987,2/15/11 9:49,14849.0
543988,2/15/11 9:50,14849.0
543989,2/15/11 9:52,12415.0
543990,2/15/11 9:59,15122.0
543991,2/15/11 10:17,13848.0
C543992,2/15/11 10:29,12583.0
543993,2/15/11 10:40,17612.0
543994,2/15/11 10:41,12931.0
543995,2/15/11 10:45,13408.0
543996,2/15/11 10:46,15811.0
543997,2/15/11 10:49,17348.0
543998,2/15/11 10:52,18093.0
C544034,2/15/11 11:28,14701.0
544035,2/15/11 11:30,13893.0
544036,2/15/11 11:30,17315.0
544037,2/15/11 11:31,14961.0
C544038,2/15/11 11:32,14659.0
544039,2/15/11 11:33,14744.0
544040,2/15/11 11:40,14701.0
544041,2/15/11 11:50,17730.0
544042,2/15/11 11:52,14527.0
544043,2/15/11 11:58,14527.0
544044,2/15/11 12:05,14659.0
544045,2/15/11 12:12,13941.0
544046,2/15/11 12:34,
C544047,2/15/11 12:36,
C544049,2/15/11 12:39,
544051,2/15/11 12:40,16700.0
C544054,2/15/11 12:41,
544055,2/15/11 12:48,14035.0
544056,2/15/11 12:48,13004.0
C544057,2/15/11 12:55,13623.0
544058,2/15/11 12:56,14176.0
544059,2/15/11 13:00,14534.0
544060,2/15/11 13:08,13623.0
544061,2/15/11 13:12,14176.0
544062,2/15/11 13:19,15311.0
544063,2/15/11 13:37,
544064,2/15/11 13:50,17114.0
544065,2/15/11 13:52,14346.0
544066,2/15/11 13:53,12971.0
544067,2/15/11 14:02,16431.0
544068,2/15/11 14:08,16431.0
544069,2/15/11 14:17,12616.0
544070,2/15/11 14:19,15370.0
544071,2/15/11 14:30,16317.0
544072,2/15/11 14:32,
544073,2/15/11 14:44,14935.0
544074,2/15/11 14:49,14156.0
544075,2/15/11 14:50,14156.0
544076,2/15/11 15:00,16407.0
544077,2/15/11 15:04,14825.0
544078,2/15/11 15:41,16073.0
544079,2/15/11 15:44,14477.0
C544080,2/15/11 15:46,17819.0
544081,2/15/11 15:49,17819.0
544082,2/15/11 15:50,
544083,2/15/11 15:51,15606.0
544084,2/15/11 16:27,14760.0
544085,2/15/11 16:49,
544086,2/15/11 16:49,
544087,2/15/11 17:02,17530.0
544088,2/15/11 17:18,
544089,2/15/11 17:51,
544090,2/16/11 8:15,13880.0
544091,2/16/11 8:37,14897.0
544092,2/16/11 9:03,17512.0
544093,2/16/11 9:08,13750.0
544094,2/16/11 9:11,15810.0
544095,2/16/11 9:25,16509.0
544096,2/16/11 9:45,14386.0
544097,2/16/11 9:56,12455.0
544098,2/16/11 10:04,16019.0
C544099,2/16/11 10:17,15059.0
544100,2/16/11 10:25,15002.0
544101,2/16/11 10:32,16378.0
544102,2/16/11 10:32,14665.0
544103,2/16/11 10:33,17961.0
544104,2/16/11 10:34,14665.0
544105,2/16/11 10:38,17567.0
544106,2/16/11 10:47,14530.0
544107,2/16/11 10:50,15670.0
544108,2/16/11 10:53,12653.0
544109,2/16/11 10:56,12841.0
544110,2/16/11 11:03,15059.0
544111,2/16/11 11:18,16126.0
544112,2/16/11 11:37,15039.0
544115,2/16/11 11:45,12727.0
C544117,2/16/11 11:48,12727.0
C544118,2/16/11 11:49,16306.0
544125,2/16/11 11:53,13199.0
544129,2/16/11 11:54,13199.0
544143,2/16/11 11:58,15759.0
544147,2/16/11 11:59,16306.0
544150,2/16/11 11:59,14180.0
544151,2/16/11 12:02,15024.0
544152,2/16/11 12:10,14609.0
544153,2/16/11 12:11,15356.0
544154,2/16/11 12:13,13414.0
544155,2/16/11 12:15,12823.0
544156,2/16/11 12:33,12352.0
544157,2/16/11 12:46,12372.0
544158,2/16/11 12:47,14944.0
544159,2/16/11 12:48,14944.0
544160,2/16/11 12:49,16494.0
544161,2/16/11 12:59,16875.0
544162,2/16/11 13:00,14959.0
544163,2/16/11 13:02,16875.0
544164,2/16/11 13:02,17306.0
544165,2/16/11 13:11,14210.0
544166,2/16/11 13:14,14051.0
544167,2/16/11 13:14,14755.0
544168,2/16/11 13:16,13798.0
544169,2/16/11 13:44,13078.0
544170,2/16/11 14:01,16148.0
C544171,2/16/11 14:13,13001.0
C544174,2/16/11 14:13,13001.0
544176,2/16/11 14:18,18219.0
544177,2/16/11 14:27,13001.0
544178,2/16/11 14:40,14543.0
544179,2/16/11 14:44,17422.0
544180,2/16/11 14:48,14309.0
544181,2/16/11 14:56,17175.0
544182,2/16/11 15:13,18257.0
544183,2/16/11 15:43,17857.0
C544184,2/16/11 15:47,16684.0
544185,2/16/11 15:51,16684.0
544186,2/16/11 15:55,
544186,2/16/11 15:56,
544187,2/16/11 16:31,14107.0
544189,2/16/11 16:40,15867.0
544190,2/16/11 16:56,13089.0
544191,2/16/11 16:57,13089.0
544192,2/16/11 16:58,13089.0
544193,2/17/11 8:23,12431.0
544194,2/17/11 8:40,16839.0
544195,2/17/11 8:58,13305.0
544196,2/17/11 9:47,13327.0
544197,2/17/11 9:52,12971.0
544198,2/17/11 9:53,12971.0
544199,2/17/11 10:04,13777.0
544200,2/17/11 10:08,12494.0
544201,2/17/11 10:11,
544202,2/17/11 10:29,
544203,2/17/11 10:30,12362.0
544204,2/17/11 10:30,
544205,2/17/11 10:31,
544206,2/17/11 10:33,
544207,2/17/11 10:34,
544208,2/17/11 10:34,
544209,2/17/11 10:51,16235.0
544210,2/17/11 11:01,14911.0
544211,2/17/11 11:05,13018.0
544214,2/17/11 11:19,
544271,2/17/11 11:46,17083.0
544277,2/17/11 11:58,13718.0
544278,2/17/11 12:01,15382.0
C544279,2/17/11 12:03,17954.0
544280,2/17/11 12:21,14754.0
544281,2/17/11 12:23,12500.0
544282,2/17/11 12:24,17865.0
544283,2/17/11 12:27,13668.0
544286,2/17/11 12:29,13151.0
544292,2/17/11 12:33,16745.0
544293,2/17/11 12:42,17954.0
544294,2/17/11 12:42,15601.0
544295,2/17/11 12:43,14298.0
544296,2/17/11 12:47,14298.0
544297,2/17/11 12:48,14298.0
544298,2/17/11 12:51,14298.0
544299,2/17/11 12:55,13178.0
C544300,2/17/11 12:56,18125.0
544301,2/17/11 12:59,14606.0
544302,2/17/11 13:16,12654.0
544303,2/17/11 13:28,18116.0
544304,2/17/11 13:47,18125.0
544305,2/17/11 13:54,15044.0
544306,2/17/11 13:57,13085.0
544307,2/17/11 14:04,15903.0
544308,2/17/11 14:11,16525.0
544309,2/17/11 14:17,15785.0
544311,2/17/11 14:19,17841.0
C544310,2/17/11 14:19,17841.0
544312,2/17/11 14:26,17841.0
544313,2/17/11 14:36,14099.0
544314,2/17/11 14:42,13767.0
544315,2/17/11 14:42,12748.0
544316,2/17/11 14:49,16556.0
544317,2/17/11 14:51,18138.0
C544318,2/17/11 15:02,12989.0
544319,2/17/11 15:03,14379.0
544320,2/17/11 15:40,17381.0
544321,2/17/11 15:42,
544322,2/17/11 15:50,14211.0
544323,2/17/11 15:51,
544324,2/17/11 16:08,
544325,2/17/11 16:23,
544326,2/17/11 16:24,
544328,2/17/11 16:35,14371.0
544329,2/17/11 16:43,17288.0
544330,2/17/11 16:59,17576.0
544331,2/17/11 17:05,12455.0
544332,2/17/11 17:34,17419.0
544333,2/17/11 17:39,
544334,2/17/11 19:16,16353.0
544335,2/17/11 19:21,14702.0
544336,2/17/11 19:36,13230.0
544337,2/18/11 8:34,13425.0
544338,2/18/11 8:47,12852.0
544339,2/18/11 9:04,15228.0
544340,2/18/11 9:41,12527.0
544341,2/18/11 9:43,13012.0
544342,2/18/11 9:44,
544343,2/18/11 9:45,
544344,2/18/11 9:47,
544345,2/18/11 9:49,
544346,2/18/11 9:50,
544347,2/18/11 9:51,
544348,2/18/11 9:52,
544349,2/18/11 10:03,16713.0
544350,2/18/11 10:07,17389.0
544351,2/18/11 10:11,16182.0
544352,2/18/11 10:16,15290.0
544353,2/18/11 10:32,18229.0
544354,2/18/11 10:42,13489.0
544355,2/18/11 10:53,12714.0
544356,2/18/11 11:18,13904.0
544368,2/18/11 11:27,14057.0
544390,2/18/11 11:36,14911.0
544391,2/18/11 11:53,15755.0
544392,2/18/11 11:54,14680.0
544393,2/18/11 11:56,16393.0
544394,2/18/11 12:02,13932.0
544395,2/18/11 12:13,13397.0
544396,2/18/11 12:16,
C544397,2/18/11 12:21,12462.0
544398,2/18/11 12:27,15311.0
544399,2/18/11 12:28,12594.0
544400,2/18/11 12:31,14101.0
544404,2/18/11 12:56,16401.0
544405,2/18/11 13:10,16814.0
544406,2/18/11 13:26,16726.0
544407,2/18/11 13:26,14606.0
544408,2/18/11 13:29,16726.0
544409,2/18/11 13:32,16265.0
544410,2/18/11 13:54,
544411,2/18/11 14:18,13799.0
544412,2/18/11 14:21,16531.0
C544413,2/18/11 14:36,14760.0
C544414,2/18/11 14:54,13408.0
C544415,2/18/11 15:04,16133.0
C544416,2/18/11 15:11,16713.0
C544417,2/18/11 15:13,17512.0
544418,2/18/11 15:15,
C544419,2/18/11 15:16,12395.0
C544420,2/18/11 15:18,16191.0
544421,2/18/11 15:21,13951.0
C544422,2/18/11 15:22,12553.0
544423,2/18/11 15:23,12553.0
C544424,2/18/11 15:29,18093.0
C544425,2/18/11 15:40,13078.0
544426,2/18/11 15:41,16765.0
C544427,2/18/11 15:42,17612.0
C544428,2/18/11 15:44,16306.0
544430,2/18/11 15:45,16306.0
C544429,2/18/11 15:45,16306.0
544431,2/18/11 15:49,
C544432,2/18/11 15:54,16979.0
C544433,2/18/11 15:59,15601.0
544434,2/18/11 16:12,
C544435,2/18/11 16:32,15122.0
C544436,2/18/11 16:52,18172.0
C544437,2/18/11 17:19,16027.0
544438,2/18/11 17:24,
544439,2/20/11 10:16,13798.0
544440,2/20/11 10:28,15465.0
544441,2/20/11 10:29,16566.0
C544442,2/20/11 10:30,15465.0
544443,2/20/11 10:43,13725.0
544444,2/20/11 10:51,13246.0
544445,2/20/11 10:56,16746.0
544446,2/20/11 11:28,12891.0
544447,2/20/11 11:39,16466.0
544448,2/20/11 12:01,14878.0
544449,2/20/11 12:14,16115.0
544450,2/20/11 12:23,17811.0
C544451,2/20/11 12:31,13097.0
544452,2/20/11 12:32,14162.0
544453,2/20/11 13:06,17214.0
544454,2/20/11 13:13,13301.0
544455,2/20/11 13:18,13097.0
544456,2/20/11 13:21,14803.0
544457,2/20/11 13:46,14667.0
C544458,2/20/11 13:48,14667.0
544459,2/20/11 13:52,17838.0
544460,2/20/11 14:01,16931.0
544461,2/20/11 14:08,13744.0
544462,2/20/11 14:21,17050.0
544463,2/20/11 14:31,12988.0
544464,2/20/11 14:38,17323.0
544465,2/20/11 15:06,13168.0
544466,2/20/11 15:43,14606.0
544467,2/20/11 15:51,14502.0
544468,2/21/11 8:33,
544469,2/21/11 8:35,
544470,2/21/11 8:38,12707.0
544471,2/21/11 8:50,18094.0
544472,2/21/11 9:09,15129.0
544473,2/21/11 9:45,14229.0
544474,2/21/11 9:52,12423.0
544475,2/21/11 9:55,17361.0
544476,2/21/11 9:58,14796.0
544477,2/21/11 10:07,16029.0
544478,2/21/11 10:11,16333.0
544479,2/21/11 10:28,14646.0
544480,2/21/11 10:32,14646.0
544481,2/21/11 10:36,18155.0
544482,2/21/11 10:41,16656.0
544483,2/21/11 10:53,12524.0
544484,2/21/11 11:10,15321.0
544485,2/21/11 11:35,17757.0
544495,2/21/11 11:42,12766.0
C544507,2/21/11 11:46,17865.0
C544553,2/21/11 12:09,14092.0
544554,2/21/11 12:12,
544556,2/21/11 12:29,13477.0
C544557,2/21/11 12:31,17422.0
C544558,2/21/11 12:33,16073.0
C544559,2/21/11 12:38,14329.0
C544560,2/21/11 12:43,17677.0
C544561,2/21/11 12:44,15687.0
544565,2/21/11 12:53,18055.0
544568,2/21/11 12:54,15065.0
544569,2/21/11 12:58,16980.0
C544570,2/21/11 12:59,12471.0
544571,2/21/11 13:07,15146.0
544572,2/21/11 13:21,14639.0
544573,2/21/11 13:40,12621.0
544574,2/21/11 13:51,12365.0
C544575,2/21/11 13:58,
C544576,2/21/11 14:01,
C544577,2/21/11 14:02,12365.0
544578,2/21/11 14:04,12365.0
544579,2/21/11 14:05,
C544580,2/21/11 14:25,
C544581,2/21/11 14:32,
544582,2/21/11 14:38,13410.0
C544583,2/21/11 14:48,
C544584,2/21/11 14:52,
544585,2/21/11 14:58,12523.0
544586,2/21/11 15:04,17338.0
C544587,2/21/11 15:07,
C544589,2/21/11 15:11,
C544590,2/21/11 15:12,14744.0
544591,2/21/11 15:20,13044.0
544592,2/21/11 15:30,16775.0
C544594,2/21/11 16:58,15079.0
544595,2/21/11 17:28,
544596,2/21/11 17:35,16441.0
544597,2/21/11 17:42,16014.0
544598,2/21/11 18:10,
544599,2/21/11 18:15,
544600,2/22/11 8:24,18061.0
544601,2/22/11 9:00,16638.0
544602,2/22/11 9:01,13767.0
544603,2/22/11 9:10,17526.0
544604,2/22/11 9:11,13576.0
544605,2/22/11 9:13,17512.0
544606,2/22/11 9:15,14520.0
544607,2/22/11 10:00,13862.0
C544608,2/22/11 10:00,15290.0
C544609,2/22/11 10:03,12494.0
544610,2/22/11 10:09,16912.0
544611,2/22/11 10:09,16912.0
544612,2/22/11 10:43,18087.0
544633,2/22/11 10:59,17315.0
544634,2/22/11 11:02,17994.0
C544635,2/22/11 11:04,18257.0
544636,2/22/11 11:05,18257.0
544637,2/22/11 11:20,16546.0
544638,2/22/11 11:33,14688.0
544642,2/22/11 11:41,17811.0
544643,2/22/11 11:43,13038.0
544644,2/22/11 11:46,17002.0
544645,2/22/11 11:58,16843.0
544646,2/22/11 12:06,17075.0
544647,2/22/11 12:13,14060.0
544648,2/22/11 12:24,15722.0
544649,2/22/11 12:37,
544650,2/22/11 12:40,16349.0
544651,2/22/11 12:51,13694.0
544652,2/22/11 12:53,13694.0
C544653,2/22/11 12:55,13113.0
544654,2/22/11 12:56,16913.0
C544655,2/22/11 12:57,13113.0
544656,2/22/11 13:02,17442.0
544657,2/22/11 13:08,14895.0
544658,2/22/11 13:18,13113.0
544659,2/22/11 13:20,18114.0
544660,2/22/11 13:47,15078.0
544661,2/22/11 13:59,15303.0
544662,2/22/11 14:10,12845.0
544663,2/22/11 14:43,18188.0
544664,2/22/11 14:55,16045.0
C544665,2/22/11 14:56,12852.0
544666,2/22/11 15:00,16907.0
544667,2/22/11 15:09,17511.0
544667,2/22/11 15:10,17511.0
544668,2/22/11 15:14,16573.0
544670,2/22/11 15:22,16161.0
C544669,2/22/11 15:22,18055.0
544672,2/22/11 15:45,14646.0
C544671,2/22/11 15:45,
544673,2/22/11 15:46,13421.0
C544674,2/22/11 15:48,13421.0
544675,2/22/11 15:59,16011.0
544676,2/22/11 16:03,17841.0
544677,2/22/11 16:13,18196.0
544678,2/22/11 16:15,13077.0
C544679,2/22/11 16:15,12616.0
544680,2/22/11 16:19,13077.0
544681,2/22/11 16:28,
C544682,2/22/11 16:29,17511.0
544684,2/22/11 16:32,
544685,2/22/11 17:13,13285.0
544686,2/22/11 17:20,12748.0
544687,2/22/11 17:25,13184.0
544688,2/23/11 8:29,18151.0
544689,2/23/11 8:46,12980.0
544690,2/23/11 8:48,14156.0
544691,2/23/11 9:09,13804.0
544692,2/23/11 9:14,17499.0
544693,2/23/11 9:25,15397.0
544694,2/23/11 9:30,17706.0
544695,2/23/11 9:38,14276.0
C544696,2/23/11 9:41,14735.0
544697,2/23/11 9:44,13453.0
544698,2/23/11 9:53,17949.0
544699,2/23/11 9:54,17949.0
544700,2/23/11 10:10,18041.0
544701,2/23/11 10:27,17428.0
544702,2/23/11 10:27,17135.0
544703,2/23/11 10:35,
544717,2/23/11 10:44,18172.0
544724,2/23/11 10:46,15605.0
544749,2/23/11 10:57,15373.0
544754,2/23/11 10:58,16394.0
544766,2/23/11 11:09,
544767,2/23/11 11:10,
544768,2/23/11 11:10,
544769,2/23/11 11:11,16422.0
544770,2/23/11 11:11,
544771,2/23/11 11:12,
544772,2/23/11 11:12,
544773,2/23/11 11:13,
544774,2/23/11 11:32,17711.0
C544775,2/23/11 11:35,14211.0
544776,2/23/11 11:39,
544777,2/23/11 12:00,15311.0
544778,2/23/11 12:03,14978.0
544779,2/23/11 12:04,13865.0
C544780,2/23/11 12:05,16701.0
544788,2/23/11 12:18,13089.0
544789,2/23/11 12:25,13993.0
544790,2/23/11 12:27,16940.0
544791,2/23/11 12:33,14289.0
544792,2/23/11 12:37,18172.0
544793,2/23/11 12:41,13694.0
544794,2/23/11 12:50,13854.0
544795,2/23/11 13:21,15858.0
544796,2/23/11 13:37,16208.0
544797,2/23/11 13:43,13489.0
544798,2/23/11 13:44,17063.0
544799,2/23/11 13:45,17063.0
544800,2/23/11 13:45,15687.0
544801,2/23/11 13:48,16145.0
544802,2/23/11 13:57,13149.0
544803,2/23/11 14:29,14606.0
544804,2/23/11 14:40,17504.0
544805,2/23/11 14:50,18068.0
544806,2/23/11 14:50,15932.0
544807,2/23/11 15:03,12823.0
544808,2/23/11 15:11,14562.0
544809,2/23/11 15:41,16692.0
544810,2/23/11 15:53,17675.0
544811,2/23/11 15:53,12471.0
544812,2/23/11 15:58,
544813,2/23/11 16:23,15984.0
C544814,2/23/11 16:36,15590.0
544815,2/23/11 16:37,17171.0
544816,2/23/11 16:41,13090.0
544817,2/23/11 16:44,12437.0
544818,2/23/11 16:45,12437.0
544819,2/23/11 17:15,12748.0
544820,2/23/11 17:23,
544821,2/24/11 9:05,12971.0
544822,2/24/11 9:08,18231.0
544823,2/24/11 9:28,14004.0
544824,2/24/11 9:32,17139.0
544825,2/24/11 9:32,15606.0
544826,2/24/11 9:36,14513.0
C544827,2/24/11 9:45,17147.0
C544828,2/24/11 9:49,17147.0
C544829,2/24/11 9:53,17314.0
C544830,2/24/11 9:59,13118.0
C544831,2/24/11 10:01,15146.0
544832,2/24/11 10:05,
544833,2/24/11 10:10,15974.0
544834,2/24/11 10:15,
544835,2/24/11 10:15,17830.0
544836,2/24/11 10:25,17613.0
544837,2/24/11 10:29,15910.0
544838,2/24/11 10:34,12565.0
544839,2/24/11 10:50,14841.0
C544840,2/24/11 11:06,16719.0
544846,2/24/11 11:11,16719.0
544847,2/24/11 11:15,16086.0
544885,2/24/11 11:38,14243.0
544886,2/24/11 11:42,12582.0
544887,2/24/11 11:54,17364.0
544888,2/24/11 11:55,14231.0
544892,2/24/11 12:00,14527.0
544893,2/24/11 12:01,17865.0
544894,2/24/11 12:09,15805.0
544895,2/24/11 12:22,14189.0
544896,2/24/11 12:25,17867.0
544898,2/24/11 12:27,14880.0
C544897,2/24/11 12:27,17867.0
544899,2/24/11 12:32,13118.0
544900,2/24/11 12:41,15121.0
C544901,2/24/11 13:02,15078.0
C544902,2/24/11 13:05,12362.0
544903,2/24/11 13:43,18065.0
544904,2/24/11 13:46,13018.0
544905,2/24/11 13:54,17117.0
544906,2/24/11 14:13,17017.0
544907,2/24/11 14:15,12945.0
544908,2/24/11 14:27,18056.0
544909,2/24/11 14:32,14298.0
544910,2/24/11 14:32,16072.0
544911,2/24/11 15:01,16838.0
544912,2/24/11 15:12,18198.0
544913,2/24/11 15:26,15543.0
544914,2/24/11 15:39,16722.0
544915,2/24/11 15:41,13777.0
544916,2/24/11 15:42,17377.0
544917,2/24/11 15:56,13751.0
544918,2/24/11 16:30,13081.0
544919,2/24/11 16:31,13725.0
544920,2/24/11 16:31,13081.0
544921,2/24/11 16:35,17090.0
544922,2/24/11 16:46,15847.0
544923,2/24/11 17:14,12877.0
544924,2/24/11 17:18,13851.0
544925,2/24/11 17:28,16997.0
544926,2/24/11 17:50,13468.0
544926,2/24/11 17:51,13468.0
544927,2/24/11 18:02,
544928,2/24/11 18:07,
544929,2/24/11 18:14,15189.0
544930,2/24/11 18:26,17472.0
544931,2/24/11 18:59,13501.0
544932,2/25/11 8:14,16133.0
544933,2/25/11 8:44,12633.0
544934,2/25/11 9:01,13345.0
544935,2/25/11 9:09,13870.0
544936,2/25/11 9:37,15769.0
544937,2/25/11 10:09,12839.0
544938,2/25/11 10:10,
544939,2/25/11 10:10,17034.0
544940,2/25/11 10:19,16592.0
544941,2/25/11 10:25,12841.0
544942,2/25/11 10:29,15544.0
544943,2/25/11 10:39,15845.0
544944,2/25/11 10:46,14541.0
544945,2/25/11 10:53,17735.0
544968,2/25/11 11:30,13458.0
544969,2/25/11 11:32,15712.0
544970,2/25/11 11:33,13362.0
544996,2/25/11 11:53,12474.0
544998,2/25/11 11:56,14470.0
544999,2/25/11 12:28,17388.0
545000,2/25/11 12:37,15281.0
545001,2/25/11 12:40,16841.0
545002,2/25/11 12:43,13001.0
C545003,2/25/11 12:46,18231.0
545004,2/25/11 12:48,13753.0
545011,2/25/11 13:05,13666.0
545012,2/25/11 13:08,13666.0
545013,2/25/11 13:09,13093.0
545014,2/25/11 13:15,18223.0
545015,2/25/11 13:40,13742.0
545016,2/25/11 13:51,16473.0
545017,2/25/11 13:51,12361.0
545018,2/25/11 13:53,14481.0
545019,2/25/11 13:56,15093.0
545020,2/25/11 14:03,13792.0
545021,2/25/11 14:11,17663.0
545022,2/25/11 14:24,12921.0
545023,2/25/11 14:25,12921.0
545024,2/25/11 14:38,
545025,2/25/11 14:40,
545026,2/25/11 14:51,15939.0
545027,2/25/11 14:59,
545028,2/25/11 15:21,13973.0
545029,2/25/11 15:27,14541.0
545030,2/25/11 15:32,13798.0
545031,2/25/11 15:35,15990.0
545032,2/25/11 15:37,14051.0
C545033,2/25/11 16:26,14156.0
545034,2/25/11 16:42,13493.0
545035,2/25/11 17:03,15078.0
545036,2/25/11 17:25,14573.0
545037,2/27/11 10:02,14532.0
545038,2/27/11 10:13,13684.0
545039,2/27/11 10:22,17243.0
C545040,2/27/11 10:25,13684.0
545041,2/27/11 10:30,14952.0
545042,2/27/11 10:41,13261.0
545043,2/27/11 11:05,16407.0
545044,2/27/11 11:31,15738.0
545045,2/27/11 11:40,15708.0
545046,2/27/11 11:42,16598.0
545047,2/27/11 11:42,14147.0
545048,2/27/11 11:48,14810.0
545049,2/27/11 11:53,15046.0
545050,2/27/11 11:57,15951.0
545051,2/27/11 11:58,12599.0
545052,2/27/11 12:27,13971.0
545053,2/27/11 12:41,17516.0
545054,2/27/11 12:41,14472.0
545055,2/27/11 12:45,17516.0
545056,2/27/11 12:48,16745.0
545057,2/27/11 12:49,13630.0
545058,2/27/11 13:03,13767.0
545059,2/27/11 13:04,14157.0
545060,2/27/11 13:47,15547.0
545061,2/27/11 13:52,15547.0
545062,2/27/11 14:07,12748.0
545063,2/27/11 14:26,14606.0
545064,2/27/11 14:29,13636.0
545065,2/27/11 14:43,12431.0
545066,2/27/11 14:44,13610.0
545067,2/27/11 14:49,17894.0
C545068,2/27/11 15:07,14157.0
545069,2/27/11 15:25,14745.0
545070,2/27/11 15:42,16493.0
545071,2/27/11 15:59,15996.0
545072,2/28/11 8:43,12781.0
545073,2/28/11 9:26,14036.0
545074,2/28/11 9:28,17655.0
545075,2/28/11 9:33,14211.0
545076,2/28/11 9:43,15235.0
545077,2/28/11 10:07,14616.0
545078,2/28/11 10:15,
545079,2/28/11 10:30,18283.0
545080,2/28/11 10:33,13004.0
545081,2/28/11 10:35,16057.0
545082,2/28/11 10:37,16992.0
545083,2/28/11 10:40,15724.0
545084,2/28/11 10:55,12458.0
545085,2/28/11 11:19,15039.0
545086,2/28/11 11:43,12678.0
545087,2/28/11 11:46,16422.0
545103,2/28/11 11:57,15039.0
545105,2/28/11 11:58,12598.0
545127,2/28/11 12:04,
545135,2/28/11 12:06,
545140,2/28/11 12:08,12464.0
545148,2/28/11 12:14,13675.0
545149,2/28/11 12:19,15062.0
545150,2/28/11 12:27,14227.0
545151,2/28/11 12:46,16668.0
545152,2/28/11 12:47,15227.0
545153,2/28/11 12:57,16667.0
545154,2/28/11 13:09,12921.0
545155,2/28/11 13:25,14527.0
545156,2/28/11 13:27,13509.0
545157,2/28/11 13:27,14239.0
545158,2/28/11 13:28,15874.0
545159,2/28/11 13:31,12748.0
545160,2/28/11 13:31,
545161,2/28/11 13:34,16187.0
545162,2/28/11 13:35,16187.0
545163,2/28/11 13:39,16607.0
545164,2/28/11 13:40,16458.0
545165,2/28/11 13:41,16339.0
545166,2/28/11 14:03,17027.0
545170,2/28/11 14:15,14078.0
545176,2/28/11 14:19,
545180,2/28/11 14:42,12728.0
545181,2/28/11 14:45,12509.0
545182,2/28/11 14:48,14046.0
545183,2/28/11 14:59,15570.0
545184,2/28/11 15:00,13292.0
545185,2/28/11 15:04,16027.0
545186,2/28/11 15:05,17841.0
545187,2/28/11 15:18,16427.0
545188,2/28/11 15:19,14056.0
C545189,2/28/11 15:19,17841.0
545190,2/28/11 15:32,15656.0
545191,2/28/11 15:39,12811.0
545213,2/28/11 16:36,16518.0
545214,2/28/11 16:39,17165.0
545215,2/28/11 16:47,
545216,2/28/11 16:50,
545217,2/28/11 16:59,
545218,2/28/11 17:01,17462.0
545219,2/28/11 17:04,
545220,3/1/11 8:30,14620.0
545221,3/1/11 8:35,14740.0
545222,3/1/11 8:49,13880.0
545223,3/1/11 8:58,16462.0
545224,3/1/11 9:03,17068.0
545225,3/1/11 9:22,12971.0
545226,3/1/11 9:33,12428.0
545227,3/1/11 9:35,12428.0
545228,3/1/11 9:47,16078.0
545229,3/1/11 9:52,16915.0
545230,3/1/11 9:55,
545231,3/1/11 10:08,15194.0
545232,3/1/11 10:19,15676.0
545233,3/1/11 10:25,18044.0
545234,3/1/11 10:26,18075.0
545235,3/1/11 10:31,12683.0
545236,3/1/11 10:32,
545237,3/1/11 10:38,15709.0
545238,3/1/11 11:02,15241.0
545276,3/1/11 11:30,12933.0
C545277,3/1/11 11:31,12933.0
545279,3/1/11 11:36,17811.0
545287,3/1/11 11:42,15971.0
545288,3/1/11 11:48,15311.0
545289,3/1/11 11:55,14732.0
545290,3/1/11 12:01,14688.0
545294,3/1/11 12:07,17965.0
545295,3/1/11 12:09,12709.0
545299,3/1/11 12:19,
545300,3/1/11 12:24,15092.0
545301,3/1/11 12:26,12679.0
545302,3/1/11 12:46,14506.0
545303,3/1/11 12:48,15319.0
545304,3/1/11 12:51,16212.0
545305,3/1/11 12:58,15257.0
545306,3/1/11 13:04,17027.0
C545307,3/1/11 13:05,17027.0
545308,3/1/11 13:19,14656.0
545309,3/1/11 13:40,13884.0
545310,3/1/11 13:45,15456.0
545311,3/1/11 13:45,15660.0
545312,3/1/11 13:51,15456.0
545313,3/1/11 13:55,15953.0
545314,3/1/11 14:11,12866.0
545315,3/1/11 14:14,
545316,3/1/11 14:14,
545317,3/1/11 14:14,
545318,3/1/11 14:26,14676.0
545319,3/1/11 14:42,16839.0
545320,3/1/11 14:47,14156.0
545321,3/1/11 14:53,12747.0
545322,3/1/11 14:56,13599.0
545323,3/1/11 14:57,12352.0
545324,3/1/11 14:58,13110.0
545325,3/1/11 15:01,16525.0
545326,3/1/11 15:12,14560.0
545327,3/1/11 15:16,13166.0
545328,3/1/11 15:47,16389.0
C545329,3/1/11 15:47,12352.0
545331,3/1/11 15:49,17961.0
C545330,3/1/11 15:49,12352.0
545332,3/1/11 15:52,12352.0
545333,3/1/11 16:22,
545334,3/1/11 16:34,15750.0
545336,3/1/11 16:53,12428.0
545337,3/1/11 17:28,15984.0
545338,3/1/11 17:32,17449.0
545339,3/2/11 8:26,14292.0
545340,3/2/11 8:41,15416.0
545341,3/2/11 9:03,17949.0
545342,3/2/11 9:04,13497.0
545343,3/2/11 9:05,15733.0
545344,3/2/11 9:24,16678.0
545345,3/2/11 9:33,14180.0
545346,3/2/11 9:49,12834.0
545347,3/2/11 10:20,13094.0
545348,3/2/11 10:49,12913.0
545349,3/2/11 11:07,18118.0
545377,3/2/11 11:32,14606.0
545398,3/2/11 11:43,13722.0
545399,3/2/11 11:48,14934.0
545400,3/2/11 12:03,17048.0
545401,3/2/11 12:03,
545402,3/2/11 12:07,
545408,3/2/11 12:10,15067.0
545410,3/2/11 12:18,16670.0
545411,3/2/11 12:21,16128.0
545412,3/2/11 12:24,15061.0
545413,3/2/11 12:24,15061.0
545414,3/2/11 12:43,12980.0
545415,3/2/11 13:03,15641.0
545416,3/2/11 13:35,17770.0
545417,3/2/11 13:42,15622.0
545418,3/2/11 13:56,14473.0
545419,3/2/11 14:16,15104.0
C545421,3/2/11 14:28,13166.0
545423,3/2/11 14:34,15643.0
545424,3/2/11 14:34,
545425,3/2/11 14:39,16792.0
545426,3/2/11 14:41,15189.0
545427,3/2/11 14:41,16792.0
545428,3/2/11 14:43,14239.0
545429,3/2/11 14:46,15031.0
545430,3/2/11 14:50,15636.0
545431,3/2/11 14:58,12873.0
545433,3/2/11 15:15,17923.0
C545432,3/2/11 15:15,14657.0
C545434,3/2/11 15:24,13410.0
545435,3/2/11 15:28,16217.0
C545436,3/2/11 15:52,13093.0
C545437,3/2/11 15:52,13093.0
C545438,3/2/11 15:54,14231.0
C545439,3/2/11 15:58,14243.0
C545440,3/2/11 16:03,16843.0
545441,3/2/11 16:17,14657.0
C545442,3/2/11 16:17,17063.0
C545443,3/2/11 16:20,17442.0
C545444,3/2/11 16:24,13767.0
545445,3/2/11 16:26,17738.0
C545446,3/2/11 16:33,12753.0
545447,3/2/11 16:34,17426.0
545448,3/2/11 16:35,12753.0
C545449,3/2/11 16:38,16573.0
C545450,3/2/11 16:46,16839.0
C545451,3/2/11 16:53,13477.0
C545452,3/2/11 16:56,16422.0
C545453,3/2/11 16:57,14639.0
C545454,3/2/11 17:04,15189.0
C545455,3/2/11 17:11,16473.0
C545456,3/2/11 17:15,17865.0
C545457,3/2/11 17:18,17428.0
C545458,3/2/11 17:19,13018.0
545459,3/2/11 17:21,17576.0
545460,3/2/11 17:32,13230.0
545460,3/2/11 17:33,13230.0
545461,3/3/11 8:24,14388.0
545462,3/3/11 8:24,17567.0
545463,3/3/11 8:36,13784.0
545464,3/3/11 9:10,
545465,3/3/11 9:25,16957.0
545466,3/3/11 9:26,18102.0
545467,3/3/11 9:39,15304.0
545468,3/3/11 9:41,16571.0
545469,3/3/11 10:09,17646.0
545470,3/3/11 10:26,14483.0
545471,3/3/11 10:34,15087.0
545474,3/3/11 10:55,16709.0
545475,3/3/11 10:59,12415.0
C545476,3/3/11 11:05,14527.0
545477,3/3/11 11:07,14573.0
C545478,3/3/11 11:08,16422.0
C545502,3/3/11 11:33,15078.0
545503,3/3/11 11:34,15719.0
C545504,3/3/11 11:35,13630.0
545505,3/3/11 11:40,17856.0
C545506,3/3/11 11:42,
C545507,3/3/11 11:43,12565.0
C545508,3/3/11 11:53,17017.0
C545509,3/3/11 11:54,17017.0
C545510,3/3/11 11:56,15281.0
C545511,3/3/11 11:57,18198.0
545512,3/3/11 12:00,17389.0
C545513,3/3/11 12:02,15932.0
545514,3/3/11 12:06,15053.0
545515,3/3/11 12:06,12727.0
C545516,3/3/11 12:11,14276.0
545517,3/3/11 12:20,12727.0
545518,3/3/11 12:24,18218.0
545519,3/3/11 12:27,16159.0
545521,3/3/11 12:30,17995.0
C545520,3/3/11 12:30,14744.0
545522,3/3/11 12:35,15596.0
545523,3/3/11 12:41,14524.0
545524,3/3/11 12:53,17374.0
C545525,3/3/11 13:11,12415.0
545526,3/3/11 13:14,17789.0
C545529,3/3/11 13:26,16191.0
545530,3/3/11 13:45,17416.0
C545531,3/3/11 13:45,17675.0
C545532,3/3/11 13:57,15257.0
545533,3/3/11 14:04,12524.0
545534,3/3/11 14:05,17652.0
545535,3/3/11 14:09,13199.0
545536,3/3/11 14:12,12417.0
C545537,3/3/11 14:14,16212.0
545543,3/3/11 14:43,13476.0
545544,3/3/11 14:56,14057.0
545545,3/3/11 15:02,17841.0
545546,3/3/11 15:03,
545547,3/3/11 15:07,
545548,3/3/11 15:08,
545549,3/3/11 15:10,
545550,3/3/11 15:11,18041.0
545551,3/3/11 15:11,
545552,3/3/11 15:11,
545553,3/3/11 15:12,
545554,3/3/11 15:12,
545555,3/3/11 15:17,17757.0
C545556,3/3/11 15:21,15005.0
545557,3/3/11 15:30,12500.0
545558,3/3/11 15:31,17873.0
545559,3/3/11 15:31,15005.0
545560,3/3/11 16:12,
545561,3/3/11 16:12,
545562,3/3/11 16:12,
545563,3/3/11 16:13,
545564,3/3/11 16:13,
545565,3/3/11 16:14,
545566,3/3/11 16:14,
545567,3/3/11 16:14,
545568,3/3/11 16:22,
C545569,3/3/11 16:25,14239.0
C545569,3/3/11 16:26,14239.0
545570,3/3/11 16:28,12817.0
545571,3/3/11 16:34,17700.0
545573,3/3/11 16:58,15393.0
545574,3/3/11 18:16,13959.0
545575,3/3/11 18:28,13014.0
545576,3/3/11 18:46,15611.0
545577,3/3/11 19:18,14702.0
545578,3/3/11 19:21,13715.0
545579,3/4/11 8:10,17508.0
545580,3/4/11 8:43,13931.0
545581,3/4/11 9:03,
545582,3/4/11 9:05,13694.0
545583,3/4/11 9:08,12553.0
545584,3/4/11 9:11,
545585,3/4/11 9:32,12541.0
545586,3/4/11 9:44,
545587,3/4/11 9:46,14796.0
545588,3/4/11 10:03,13382.0
545589,3/4/11 10:21,17001.0
545590,3/4/11 10:24,15220.0
545591,3/4/11 10:28,17581.0
545592,3/4/11 10:30,17581.0
545593,3/4/11 10:31,17581.0
545595,3/4/11 10:39,14570.0
545596,3/4/11 10:49,14447.0
545597,3/4/11 10:58,14570.0
545598,3/4/11 11:16,
545599,3/4/11 11:17,
545600,3/4/11 11:45,
545601,3/4/11 11:49,15827.0
545602,3/4/11 11:49,17315.0
545603,3/4/11 11:49,15827.0
545630,3/4/11 12:06,14466.0
545634,3/4/11 12:12,14911.0
545635,3/4/11 12:14,13557.0
545636,3/4/11 12:15,16449.0
545637,3/4/11 12:16,15514.0
545638,3/4/11 12:26,13113.0
C545639,3/4/11 12:28,13113.0
545644,3/4/11 12:37,16333.0
545645,3/4/11 12:42,12755.0
545646,3/4/11 12:42,14779.0
545647,3/4/11 12:46,12547.0
545648,3/4/11 13:09,17325.0
545649,3/4/11 13:14,14995.0
545651,3/4/11 13:14,
C545650,3/4/11 13:14,15311.0
545652,3/4/11 13:27,16414.0
545653,3/4/11 13:39,15311.0
545654,3/4/11 13:46,15681.0
545655,3/4/11 13:58,14670.0
545656,3/4/11 13:58,14057.0
545657,3/4/11 14:02,14911.0
545658,3/4/11 14:13,14670.0
545659,3/4/11 14:21,15675.0
545660,3/4/11 14:28,17191.0
545661,3/4/11 14:41,15358.0
545662,3/4/11 14:42,15358.0
545663,3/4/11 14:52,13491.0
545664,3/4/11 15:15,12584.0
545665,3/4/11 15:20,17535.0
545666,3/4/11 15:33,
545667,3/4/11 16:07,
545668,3/4/11 17:02,14031.0
545669,3/6/11 10:05,17243.0
545670,3/6/11 10:07,15465.0
C545671,3/6/11 10:08,15465.0
C545672,3/6/11 10:13,15304.0
C545673,3/6/11 10:14,14745.0
C545674,3/6/11 10:25,18223.0
545675,3/6/11 10:26,18223.0
545676,3/6/11 10:26,15034.0
C545677,3/6/11 10:48,14543.0
C545678,3/6/11 10:49,16678.0
C545679,3/6/11 11:07,16923.0
545680,3/6/11 11:27,15400.0
545681,3/6/11 11:28,16923.0
545682,3/6/11 11:39,14701.0
545683,3/6/11 11:50,14903.0
545684,3/6/11 11:52,15606.0
545685,3/6/11 11:55,14499.0
545686,3/6/11 12:09,18211.0
545687,3/6/11 12:20,17769.0
545688,3/6/11 12:42,16033.0
C545689,3/6/11 12:43,16033.0
545690,3/6/11 12:46,13263.0
545691,3/6/11 12:52,14161.0
545692,3/6/11 12:58,17428.0
545693,3/6/11 14:09,16422.0
545694,3/6/11 14:10,16422.0
545695,3/6/11 14:15,17050.0
545696,3/6/11 14:21,15696.0
545697,3/6/11 14:38,14504.0
545698,3/6/11 14:44,15572.0
545699,3/6/11 14:50,15572.0
545700,3/6/11 14:57,17811.0
545701,3/6/11 15:17,17107.0
545702,3/6/11 15:21,14247.0
545703,3/6/11 16:05,
545704,3/7/11 8:30,16638.0
545705,3/7/11 9:00,15554.0
545706,3/7/11 9:10,12712.0
545707,3/7/11 9:35,13881.0
545708,3/7/11 9:39,14915.0
545709,3/7/11 9:49,12708.0
545710,3/7/11 9:52,13117.0
545711,3/7/11 9:52,16136.0
545712,3/7/11 9:52,18280.0
545713,3/7/11 10:11,
545713,3/7/11 10:12,
545714,3/7/11 10:12,
545715,3/7/11 10:13,
545716,3/7/11 10:15,
545717,3/7/11 10:15,
545718,3/7/11 10:22,12614.0
545719,3/7/11 10:28,13344.0
C545720,3/7/11 10:33,15039.0
545721,3/7/11 10:52,15039.0
545722,3/7/11 11:06,16013.0
C545723,3/7/11 11:16,17048.0
C545724,3/7/11 11:18,14051.0
545725,3/7/11 11:32,16621.0
C545728,3/7/11 11:41,12484.0
545738,3/7/11 11:44,17571.0
C545739,3/7/11 11:46,12754.0
C545740,3/7/11 11:47,18257.0
545748,3/7/11 11:52,17381.0
545752,3/7/11 11:54,17381.0
545759,3/7/11 11:56,16316.0
545764,3/7/11 12:00,13408.0
C545769,3/7/11 12:05,14903.0
C545773,3/7/11 12:06,17139.0
545790,3/7/11 12:12,16316.0
545797,3/7/11 12:17,16225.0
545812,3/7/11 12:26,14214.0
545815,3/7/11 12:26,14012.0
545819,3/7/11 12:31,16356.0
545820,3/7/11 12:46,13884.0
545821,3/7/11 12:50,13001.0
545822,3/7/11 12:53,13884.0
C545823,3/7/11 12:54,13884.0
C545824,3/7/11 13:00,15241.0
C545825,3/7/11 13:01,12839.0
545826,3/7/11 13:03,17696.0
545827,3/7/11 13:03,
C545828,3/7/11 13:05,15189.0
C545829,3/7/11 13:08,15290.0
545830,3/7/11 13:10,17634.0
C545831,3/7/11 13:10,15194.0
545832,3/7/11 13:12,
C545833,3/7/11 13:14,16013.0
C545834,3/7/11 13:16,13458.0
545835,3/7/11 13:17,17654.0
C545836,3/7/11 13:19,14606.0
C545837,3/7/11 13:32,12598.0
545838,3/7/11 13:33,14606.0
C545839,3/7/11 13:33,15110.0
C545840,3/7/11 13:35,13089.0
C545841,3/7/11 13:36,17675.0
545842,3/7/11 13:37,15498.0
C545843,3/7/11 13:37,12921.0
545845,3/7/11 13:38,12754.0
C545844,3/7/11 13:38,16838.0
C545846,3/7/11 13:39,13081.0
C545847,3/7/11 13:40,15903.0
C545848,3/7/11 13:41,17672.0
C545849,3/7/11 13:42,16598.0
545851,3/7/11 13:45,15026.0
C545850,3/7/11 13:45,15811.0
C545852,3/7/11 13:49,14048.0
545853,3/7/11 13:50,16517.0
545854,3/7/11 13:51,14817.0
545855,3/7/11 13:52,15290.0
545856,3/7/11 13:54,16225.0
545857,3/7/11 13:56,
545858,3/7/11 14:00,
545859,3/7/11 14:10,15498.0
545865,3/7/11 14:17,15769.0
C545866,3/7/11 14:27,17841.0
C545867,3/7/11 14:29,17841.0
545868,3/7/11 14:33,17841.0
545869,3/7/11 14:45,17162.0
545870,3/7/11 14:45,17162.0
545871,3/7/11 14:51,17092.0
545872,3/7/11 14:51,15752.0
545873,3/7/11 14:54,13092.0
545874,3/7/11 15:02,12841.0
545875,3/7/11 15:18,
545883,3/7/11 15:40,15974.0
C545884,3/7/11 15:49,
C545885,3/7/11 15:52,15827.0
C545886,3/7/11 15:53,
C545887,3/7/11 15:54,
545888,3/7/11 16:14,13798.0
545889,3/7/11 16:14,15291.0
545890,3/7/11 16:39,16782.0
C545891,3/7/11 16:40,12754.0
C545892,3/7/11 16:41,12755.0
545894,3/7/11 17:04,16242.0
545895,3/7/11 17:14,
545896,3/7/11 17:19,15869.0
545897,3/7/11 17:22,
545898,3/7/11 17:23,15869.0
545899,3/7/11 17:30,17817.0
545900,3/7/11 17:42,17817.0
545901,3/7/11 17:52,15834.0
545902,3/7/11 17:55,15834.0
C545903,3/8/11 8:34,13345.0
545904,3/8/11 8:52,13468.0
545905,3/8/11 8:53,15234.0
545906,3/8/11 9:23,15764.0
545907,3/8/11 9:24,15806.0
545908,3/8/11 9:26,14709.0
545909,3/8/11 9:45,15819.0
545910,3/8/11 10:04,14586.0
545911,3/8/11 10:12,17940.0
545912,3/8/11 10:33,15944.0
545913,3/8/11 10:39,16779.0
545914,3/8/11 11:39,13340.0
545915,3/8/11 11:44,17419.0
545916,3/8/11 11:46,12528.0
545918,3/8/11 11:55,16917.0
545928,3/8/11 11:59,14407.0
545933,3/8/11 12:04,13908.0
545937,3/8/11 12:05,12758.0
545945,3/8/11 12:07,16710.0
545978,3/8/11 12:19,13975.0
545979,3/8/11 12:30,12748.0
545980,3/8/11 12:49,14730.0
545987,3/8/11 12:51,17389.0
545988,3/8/11 12:52,12662.0
545989,3/8/11 12:57,14560.0
545990,3/8/11 13:07,
545991,3/8/11 13:12,15311.0
545992,3/8/11 13:21,16927.0
545993,3/8/11 13:23,13777.0
545994,3/8/11 13:50,12623.0
545995,3/8/11 13:54,15023.0
545996,3/8/11 14:12,14367.0
545998,3/8/11 14:35,13373.0
C545997,3/8/11 14:35,12679.0
545999,3/8/11 14:44,13089.0
546000,3/8/11 14:47,13089.0
546001,3/8/11 15:03,13854.0
546002,3/8/11 15:06,
546003,3/8/11 15:07,16712.0
546004,3/8/11 15:13,
546005,3/8/11 15:17,14426.0
546006,3/8/11 15:22,17639.0
546007,3/8/11 15:34,
546008,3/8/11 15:43,
546009,3/8/11 15:45,16426.0
546010,3/8/11 15:55,
546011,3/8/11 16:31,17306.0
546013,3/8/11 16:38,16495.0
546014,3/8/11 16:39,16495.0
546015,3/8/11 16:48,14336.0
546016,3/8/11 17:21,
546017,3/8/11 17:23,14507.0
546018,3/8/11 17:23,
546019,3/8/11 17:25,14507.0
546020,3/8/11 17:27,
546021,3/8/11 17:27,
C546022,3/8/11 17:28,14507.0
546023,3/8/11 17:29,
546024,3/8/11 17:31,
546025,3/8/11 17:31,
546026,3/8/11 17:43,
546027,3/9/11 8:09,12759.0
546028,3/9/11 8:33,17049.0
546029,3/9/11 8:59,15206.0
546030,3/9/11 8:59,14013.0
546031,3/9/11 9:11,13267.0
546032,3/9/11 9:11,13267.0
546033,3/9/11 9:12,13267.0
546034,3/9/11 9:44,14032.0
546035,3/9/11 9:50,12924.0
546036,3/9/11 9:52,14645.0
546037,3/9/11 10:00,14825.0
546038,3/9/11 10:19,15071.0
546062,3/9/11 10:51,16221.0
546067,3/9/11 10:58,17450.0
546079,3/9/11 11:05,14534.0
C546080,3/9/11 11:18,15078.0
C546081,3/9/11 11:23,15974.0
546082,3/9/11 11:25,12971.0
546083,3/9/11 11:27,12971.0
546084,3/9/11 11:28,14112.0
546085,3/9/11 11:32,
546087,3/9/11 11:35,13026.0
546088,3/9/11 11:44,12881.0
546089,3/9/11 11:44,17864.0
546090,3/9/11 11:48,16525.0
546091,3/9/11 11:53,14936.0
546092,3/9/11 11:54,17138.0
546096,3/9/11 11:59,15502.0
546100,3/9/11 12:04,16572.0
546101,3/9/11 12:12,14803.0
546102,3/9/11 12:12,16316.0
546103,3/9/11 12:14,13093.0
546104,3/9/11 12:19,14527.0
546105,3/9/11 12:21,14662.0
C546106,3/9/11 12:21,14527.0
546107,3/9/11 12:33,17238.0
546108,3/9/11 12:35,15529.0
546109,3/9/11 12:37,
546110,3/9/11 12:38,17770.0
546111,3/9/11 12:39,14165.0
546112,3/9/11 12:44,15769.0
546113,3/9/11 13:18,14344.0
546114,3/9/11 13:47,
546115,3/9/11 13:50,15379.0
546116,3/9/11 13:53,15367.0
546117,3/9/11 13:56,16771.0
546118,3/9/11 14:14,13078.0
546119,3/9/11 14:22,16945.0
546120,3/9/11 14:23,16945.0
546121,3/9/11 14:30,14085.0
546122,3/9/11 14:32,15581.0
546123,3/9/11 14:49,16419.0
546124,3/9/11 14:50,
546126,3/9/11 14:52,
C546125,3/9/11 14:52,16316.0
546127,3/9/11 14:57,17730.0
C546128,3/9/11 15:05,15622.0
546129,3/9/11 15:07,
546130,3/9/11 15:08,
C546131,3/9/11 15:08,16057.0
546132,3/9/11 15:17,15057.0
546133,3/9/11 15:20,14291.0
546134,3/9/11 15:35,13493.0
546135,3/9/11 15:47,12388.0
546136,3/9/11 16:32,
546137,3/9/11 16:33,
546138,3/9/11 16:34,
546139,3/9/11 16:35,
546140,3/9/11 16:35,
546141,3/9/11 16:36,
546142,3/9/11 16:37,
546145,3/9/11 16:39,
546146,3/9/11 16:41,
546147,3/9/11 16:42,
546148,3/9/11 16:43,
546149,3/9/11 17:02,
546150,3/9/11 17:03,
546151,3/9/11 17:04,
546152,3/9/11 17:25,
546153,3/10/11 7:42,13538.0
546154,3/10/11 7:43,13953.0
546155,3/10/11 8:29,15632.0
546156,3/10/11 8:31,14297.0
546157,3/10/11 8:40,13502.0
546158,3/10/11 9:30,13899.0
546159,3/10/11 9:41,16471.0
546160,3/10/11 9:49,15838.0
546161,3/10/11 9:52,17404.0
C546162,3/10/11 9:53,17404.0
546163,3/10/11 10:03,17377.0
546164,3/10/11 10:04,15939.0
546165,3/10/11 10:08,18183.0
546166,3/10/11 10:10,16553.0
C546167,3/10/11 10:13,15611.0
C546168,3/10/11 10:22,16670.0
546169,3/10/11 10:27,14603.0
C546170,3/10/11 10:29,15034.0
546171,3/10/11 10:31,16359.0
546172,3/10/11 10:32,14156.0
C546173,3/10/11 10:34,14227.0
C546174,3/10/11 10:38,13094.0
546182,3/10/11 10:53,14334.0
546189,3/10/11 10:56,13102.0
546190,3/10/11 10:57,13102.0
C546191,3/10/11 10:57,16422.0
C546203,3/10/11 11:13,16839.0
C546204,3/10/11 11:13,13599.0
C546205,3/10/11 11:14,18223.0
C546206,3/10/11 11:15,13014.0
C546207,3/10/11 11:17,14211.0
C546208,3/10/11 11:19,12417.0
C546209,3/10/11 11:31,15596.0
C546210,3/10/11 11:31,14713.0
C546211,3/10/11 11:32,15358.0
546212,3/10/11 11:33,14156.0
546213,3/10/11 11:37,14156.0
C546214,3/10/11 11:45,15724.0
546215,3/10/11 11:52,14713.0
546216,3/10/11 11:56,18173.0
C546217,3/10/11 12:04,14057.0
546218,3/10/11 12:11,14667.0
546220,3/10/11 12:16,16745.0
546223,3/10/11 12:22,14854.0
546230,3/10/11 12:26,13871.0
C546234,3/10/11 12:31,13599.0
546235,3/10/11 12:42,14976.0
546236,3/10/11 12:48,12370.0
546237,3/10/11 12:50,16625.0
C546238,3/10/11 12:58,13767.0
546239,3/10/11 12:59,14064.0
546240,3/10/11 13:00,
C546241,3/10/11 13:04,14903.0
546242,3/10/11 13:07,16743.0
546243,3/10/11 13:08,15308.0
546244,3/10/11 13:24,
546245,3/10/11 13:26,
546246,3/10/11 13:28,14841.0
546247,3/10/11 13:34,18086.0
546248,3/10/11 13:46,16477.0
546249,3/10/11 13:58,14606.0
546250,3/10/11 14:14,14350.0
546251,3/10/11 14:37,16553.0
546252,3/10/11 14:42,14930.0
546253,3/10/11 14:44,16080.0
546254,3/10/11 14:45,14727.0
546255,3/10/11 14:56,13468.0
C546256,3/10/11 14:56,15738.0
546261,3/10/11 15:01,17841.0
546263,3/10/11 15:01,14156.0
C546267,3/10/11 15:02,15093.0
C546270,3/10/11 15:03,17567.0
546275,3/10/11 15:06,13126.0
C546278,3/10/11 15:06,13476.0
546279,3/10/11 15:08,17841.0
546293,3/10/11 15:13,
546301,3/10/11 15:21,16778.0
C546302,3/10/11 15:27,14214.0
546303,3/10/11 15:30,
546304,3/10/11 15:52,14077.0
546305,3/10/11 16:16,14056.0
546306,3/10/11 16:16,
546307,3/10/11 16:22,
546308,3/10/11 16:23,
546309,3/10/11 16:24,
546310,3/10/11 16:26,15291.0
546311,3/10/11 17:35,
546312,3/10/11 18:13,
C546313,3/10/11 18:18,13094.0
546314,3/10/11 19:05,16808.0
546315,3/11/11 8:31,16558.0
546316,3/11/11 8:59,17076.0
546317,3/11/11 9:07,14913.0
546318,3/11/11 9:20,16013.0
546319,3/11/11 9:23,17949.0
546321,3/11/11 9:39,16475.0
C546320,3/11/11 9:39,12708.0
546322,3/11/11 9:42,14114.0
C546323,3/11/11 9:48,13975.0
546324,3/11/11 9:54,13265.0
546326,3/11/11 10:15,13798.0
C546325,3/11/11 10:15,14911.0
C546327,3/11/11 10:18,14911.0
546328,3/11/11 10:19,14911.0
546329,3/11/11 10:22,14911.0
546330,3/11/11 10:30,16817.0
546331,3/11/11 10:31,13133.0
C546362,3/11/11 11:18,16419.0
C546363,3/11/11 11:30,16912.0
546364,3/11/11 11:33,
546365,3/11/11 11:35,12520.0
546366,3/11/11 11:37,12748.0
546367,3/11/11 11:38,15513.0
546368,3/11/11 11:38,
546369,3/11/11 11:41,15513.0
546372,3/11/11 11:47,13098.0
546373,3/11/11 12:00,12583.0
546374,3/11/11 12:05,17194.0
546375,3/11/11 12:07,
546376,3/11/11 12:11,13842.0
546377,3/11/11 12:13,15049.0
546378,3/11/11 12:17,14329.0
546379,3/11/11 12:21,
546380,3/11/11 12:26,12748.0
546381,3/11/11 12:29,12748.0
546382,3/11/11 12:44,18149.0
546383,3/11/11 12:54,13654.0
546384,3/11/11 13:03,15311.0
546385,3/11/11 13:13,16652.0
546386,3/11/11 13:31,14312.0
546387,3/11/11 13:34,16766.0
546388,3/11/11 13:42,
546388,3/11/11 13:43,
546389,3/11/11 13:56,16801.0
546390,3/11/11 14:03,14083.0
546391,3/11/11 14:06,17800.0
546392,3/11/11 14:15,14587.0
546393,3/11/11 14:21,
546394,3/11/11 14:26,17164.0
C546395,3/11/11 14:29,14214.0
546396,3/11/11 14:35,13226.0
546397,3/11/11 14:37,12971.0
546398,3/11/11 14:52,13043.0
546399,3/11/11 14:58,14352.0
C546400,3/11/11 15:02,17994.0
546401,3/11/11 15:14,17994.0
546402,3/11/11 15:22,13305.0
546403,3/11/11 15:22,16766.0
546404,3/11/11 15:42,13509.0
546405,3/11/11 16:05,17351.0
546406,3/11/11 16:21,
546407,3/11/11 16:24,
546408,3/11/11 16:25,
546409,3/11/11 16:27,
546411,3/11/11 16:43,12939.0
546412,3/11/11 16:50,12748.0
546413,3/11/11 16:54,17961.0
546414,3/13/11 10:25,16768.0
546415,3/13/11 10:27,17975.0
546417,3/13/11 10:48,14800.0
C546416,3/13/11 10:48,14800.0
546418,3/13/11 10:57,17315.0
546419,3/13/11 11:06,16693.0
546420,3/13/11 11:18,14810.0
546421,3/13/11 11:21,13700.0
546422,3/13/11 11:38,15547.0
546423,3/13/11 12:39,14502.0
546424,3/13/11 12:51,13956.0
546425,3/13/11 13:36,16983.0
546426,3/13/11 13:46,13708.0
546427,3/13/11 14:29,14606.0
546428,3/13/11 14:55,12681.0
546429,3/13/11 15:25,17611.0
546430,3/13/11 15:55,15918.0
546431,3/14/11 8:05,16954.0
546432,3/14/11 8:21,14180.0
546433,3/14/11 8:37,12778.0
546434,3/14/11 8:41,12383.0
546435,3/14/11 9:37,15671.0
546436,3/14/11 9:42,14962.0
546437,3/14/11 9:46,16807.0
546438,3/14/11 9:59,15125.0
546440,3/14/11 10:31,16871.0
546441,3/14/11 10:36,15159.0
546442,3/14/11 10:38,15159.0
546443,3/14/11 10:41,12901.0
546444,3/14/11 10:47,
546462,3/14/11 10:55,12845.0
546464,3/14/11 10:57,13225.0
546465,3/14/11 10:57,14395.0
546466,3/14/11 11:04,18118.0
546479,3/14/11 11:38,12682.0
546480,3/14/11 11:38,13452.0
546486,3/14/11 11:41,15039.0
546498,3/14/11 11:44,15493.0
C546496,3/14/11 11:44,17646.0
C546501,3/14/11 11:45,12584.0
546502,3/14/11 11:46,16005.0
C546507,3/14/11 11:47,12712.0
546508,3/14/11 12:11,15971.0
546509,3/14/11 12:15,14911.0
546510,3/14/11 12:17,16353.0
C546511,3/14/11 12:19,12921.0
C546517,3/14/11 12:24,15308.0
C546519,3/14/11 12:27,14350.0
546520,3/14/11 12:28,14911.0
546521,3/14/11 12:34,16013.0
546522,3/14/11 12:41,13319.0
546523,3/14/11 12:42,13319.0
546524,3/14/11 12:51,17811.0
546525,3/14/11 12:58,14733.0
546526,3/14/11 12:59,15061.0
546527,3/14/11 13:00,15061.0
546528,3/14/11 13:04,15311.0
C546529,3/14/11 13:05,15502.0
546530,3/14/11 13:25,17404.0
546531,3/14/11 13:35,15738.0
546532,3/14/11 13:36,14060.0
546533,3/14/11 13:53,15388.0
546534,3/14/11 13:56,16150.0
C546535,3/14/11 14:11,15502.0
C546536,3/14/11 14:28,15493.0
546537,3/14/11 14:32,15005.0
546538,3/14/11 14:51,16327.0
546539,3/14/11 15:01,
546540,3/14/11 15:05,15061.0
546541,3/14/11 15:11,14911.0
546542,3/14/11 15:13,13263.0
546543,3/14/11 15:40,17841.0
546544,3/14/11 15:41,16570.0
546545,3/14/11 15:48,16804.0
C546548,3/14/11 16:42,16518.0
546549,3/14/11 16:46,17799.0
546550,3/14/11 16:54,17799.0
546551,3/14/11 17:33,
546552,3/15/11 8:18,13082.0
546553,3/15/11 8:52,13499.0
546554,3/15/11 9:13,16037.0
546555,3/15/11 9:22,17675.0
546556,3/15/11 9:32,16156.0
C546557,3/15/11 9:44,
546558,3/15/11 9:50,
C546559,3/15/11 10:24,12727.0
546560,3/15/11 10:26,12931.0
546561,3/15/11 10:34,18260.0
546562,3/15/11 10:45,16293.0
546563,3/15/11 10:49,15047.0
546569,3/15/11 10:53,14016.0
546580,3/15/11 11:09,14911.0
546622,3/15/11 11:30,17954.0
C546623,3/15/11 11:36,17954.0
546624,3/15/11 11:38,14193.0
546625,3/15/11 11:45,17542.0
546631,3/15/11 12:03,15181.0
546632,3/15/11 12:05,17080.0
546633,3/15/11 12:06,16168.0
546634,3/15/11 12:10,14527.0
546635,3/15/11 12:11,16392.0
546636,3/15/11 12:19,14534.0
546637,3/15/11 12:37,13854.0
546638,3/15/11 12:52,15106.0
546639,3/15/11 12:54,13971.0
546640,3/15/11 12:56,14092.0
C546641,3/15/11 13:01,13451.0
546642,3/15/11 13:13,12779.0
546643,3/15/11 13:23,16214.0
546644,3/15/11 13:28,15932.0
C546645,3/15/11 13:32,15311.0
546646,3/15/11 13:49,13716.0
C546647,3/15/11 13:55,17419.0
546648,3/15/11 14:15,
546649,3/15/11 14:17,
546650,3/15/11 14:17,
546651,3/15/11 14:17,
546652,3/15/11 14:18,
546653,3/15/11 14:18,
546654,3/15/11 14:18,
546655,3/15/11 14:19,
546656,3/15/11 14:19,
546657,3/15/11 14:20,17816.0
546658,3/15/11 14:21,15150.0
546659,3/15/11 14:25,16996.0
546660,3/15/11 14:32,14156.0
546661,3/15/11 14:33,
546662,3/15/11 14:36,16782.0
546663,3/15/11 14:36,
C546664,3/15/11 14:41,16061.0
546665,3/15/11 15:06,15867.0
546666,3/15/11 15:14,
546667,3/15/11 15:31,14735.0
546668,3/15/11 15:33,14735.0
546669,3/15/11 15:36,14226.0
546670,3/15/11 15:37,13451.0
C546671,3/15/11 15:42,15215.0
546672,3/15/11 15:47,
546673,3/15/11 16:11,
546677,3/15/11 16:29,18144.0
546678,3/15/11 16:39,12681.0
546679,3/15/11 16:47,13121.0
C546680,3/15/11 16:51,13121.0
546681,3/16/11 8:29,16297.0
546682,3/16/11 8:31,12994.0
546683,3/16/11 9:38,12868.0
546684,3/16/11 9:47,16152.0
546685,3/16/11 9:52,15687.0
546686,3/16/11 9:52,14636.0
546687,3/16/11 9:58,16040.0
546688,3/16/11 10:17,16497.0
546689,3/16/11 10:24,16985.0
546690,3/16/11 10:25,16985.0
546691,3/16/11 10:45,15793.0
546724,3/16/11 11:02,12845.0
546728,3/16/11 11:09,13983.0
546729,3/16/11 11:36,18231.0
546731,3/16/11 11:39,13089.0
C546730,3/16/11 11:39,18183.0
546732,3/16/11 11:41,14606.0
546733,3/16/11 11:47,16029.0
546734,3/16/11 11:49,16029.0
C546735,3/16/11 11:50,16029.0
546736,3/16/11 11:52,16013.0
546737,3/16/11 11:52,13358.0
546738,3/16/11 11:57,16422.0
546739,3/16/11 12:12,17511.0
C546740,3/16/11 12:13,16983.0
546741,3/16/11 12:22,13261.0
546742,3/16/11 12:26,12849.0
546748,3/16/11 12:42,15182.0
546749,3/16/11 12:43,14543.0
546750,3/16/11 12:44,14543.0
546751,3/16/11 12:45,13668.0
546752,3/16/11 12:55,13299.0
546753,3/16/11 13:00,16383.0
546754,3/16/11 13:13,13027.0
546755,3/16/11 13:29,12502.0
546756,3/16/11 13:31,
546757,3/16/11 13:44,15381.0
C546758,3/16/11 13:47,
546759,3/16/11 13:58,12712.0
546760,3/16/11 14:00,12597.0
546761,3/16/11 14:02,17858.0
546762,3/16/11 14:12,17961.0
546763,3/16/11 14:24,
546764,3/16/11 14:31,15671.0
546765,3/16/11 14:37,12437.0
546766,3/16/11 14:49,12971.0
546767,3/16/11 14:51,12971.0
546768,3/16/11 14:54,15694.0
546769,3/16/11 14:57,17504.0
546770,3/16/11 15:17,12523.0
546771,3/16/11 15:19,17515.0
546772,3/16/11 15:34,15030.0
C546773,3/16/11 15:42,14505.0
546774,3/16/11 15:45,14505.0
546775,3/16/11 15:58,17306.0
546776,3/16/11 16:08,17460.0
C546777,3/16/11 16:23,17080.0
546778,3/16/11 16:38,14572.0
546779,3/16/11 17:19,
546780,3/17/11 7:40,12435.0
546781,3/17/11 9:03,12955.0
546782,3/17/11 9:13,15291.0
C546783,3/17/11 9:32,12924.0
546784,3/17/11 9:49,18189.0
546785,3/17/11 9:56,15189.0
546786,3/17/11 9:57,16523.0
546787,3/17/11 10:01,14035.0
546788,3/17/11 10:02,13946.0
546789,3/17/11 10:17,15769.0
546790,3/17/11 10:26,14713.0
546791,3/17/11 10:38,17716.0
546827,3/17/11 10:52,15301.0
546828,3/17/11 11:56,13185.0
546829,3/17/11 12:00,14840.0
546830,3/17/11 12:10,16839.0
546831,3/17/11 12:15,13199.0
546832,3/17/11 12:18,13216.0
546837,3/17/11 12:37,13650.0
546843,3/17/11 12:40,12472.0
546846,3/17/11 12:47,13533.0
546847,3/17/11 12:51,12989.0
546848,3/17/11 12:53,13533.0
546849,3/17/11 13:13,13623.0
546850,3/17/11 13:20,13268.0
546851,3/17/11 13:23,12480.0
546852,3/17/11 13:27,13104.0
546853,3/17/11 13:34,12845.0
C546854,3/17/11 13:55,17511.0
546855,3/17/11 13:58,18168.0
546856,3/17/11 14:12,15433.0
546857,3/17/11 14:19,12937.0
C546858,3/17/11 14:24,14081.0
C546859,3/17/11 14:39,17603.0
546860,3/17/11 14:47,18198.0
546861,3/17/11 15:03,14911.0
546862,3/17/11 15:34,16216.0
546863,3/17/11 15:41,16377.0
C546864,3/17/11 15:42,13319.0
C546865,3/17/11 15:46,14226.0
546866,3/17/11 15:47,14462.0
C546867,3/17/11 15:48,18218.0
C546868,3/17/11 15:49,15671.0
546869,3/17/11 16:00,12352.0
C546870,3/17/11 16:07,14462.0
546871,3/17/11 16:10,16746.0
546872,3/17/11 16:11,14462.0
546873,3/17/11 16:23,17591.0
546874,3/17/11 16:33,16976.0
546875,3/17/11 16:38,12514.0
546876,3/17/11 16:45,
546877,3/17/11 16:58,18210.0
546878,3/17/11 17:13,13631.0
C546879,3/17/11 17:14,16422.0
C546880,3/17/11 17:16,13093.0
C546881,3/17/11 17:17,15159.0
546882,3/17/11 17:26,14422.0
546883,3/17/11 18:03,13707.0
546884,3/17/11 18:08,
C546885,3/17/11 18:11,15671.0
C546886,3/17/11 18:13,12520.0
C546887,3/17/11 18:14,14329.0
546888,3/17/11 18:15,
C546889,3/17/11 18:16,13971.0
546890,3/17/11 18:18,13394.0
546891,3/17/11 18:18,
546892,3/17/11 18:20,
C546893,3/17/11 18:20,14156.0
C546894,3/17/11 18:21,14334.0
C546895,3/17/11 18:22,15358.0
546896,3/17/11 18:24,
C546897,3/17/11 18:25,18183.0
546898,3/17/11 18:27,17961.0
546899,3/17/11 18:27,14298.0
546900,3/17/11 18:28,14298.0
C546901,3/17/11 18:29,14112.0
546902,3/17/11 18:30,14298.0
C546903,3/17/11 18:31,16217.0
C546904,3/17/11 18:33,16150.0
C546905,3/17/11 18:42,15061.0
C546906,3/17/11 18:44,17675.0
C546907,3/17/11 18:46,16422.0
546908,3/17/11 18:59,15648.0
546909,3/17/11 19:01,14056.0
546910,3/17/11 19:46,13969.0
546911,3/17/11 19:47,17725.0
546912,3/17/11 20:12,15861.0
546913,3/17/11 20:18,15861.0
546914,3/18/11 8:12,13072.0
546915,3/18/11 8:31,15695.0
546916,3/18/11 8:32,15695.0
546917,3/18/11 9:17,14911.0
546918,3/18/11 9:19,15854.0
546919,3/18/11 9:55,12500.0
546920,3/18/11 9:55,12471.0
546921,3/18/11 9:57,12471.0
546922,3/18/11 9:59,14110.0
546923,3/18/11 10:03,16716.0
546924,3/18/11 10:06,14059.0
546925,3/18/11 10:09,12647.0
546926,3/18/11 10:11,17857.0
546927,3/18/11 10:15,16672.0
546928,3/18/11 10:16,17685.0
546929,3/18/11 10:34,13090.0
C546930,3/18/11 10:37,14701.0
C546931,3/18/11 10:40,12989.0
C546932,3/18/11 11:01,16297.0
546933,3/18/11 11:02,
C546943,3/18/11 11:11,
546944,3/18/11 11:13,14701.0
C546948,3/18/11 11:20,
546949,3/18/11 11:22,
546950,3/18/11 11:24,16511.0
546951,3/18/11 11:30,17673.0
546957,3/18/11 11:32,
546963,3/18/11 11:39,16779.0
546972,3/18/11 12:04,
546973,3/18/11 12:07,
546974,3/18/11 12:08,
546976,3/18/11 12:08,
546977,3/18/11 12:08,
C546975,3/18/11 12:08,
C546978,3/18/11 12:15,17857.0
546979,3/18/11 12:18,16256.0
546980,3/18/11 12:18,13591.0
546981,3/18/11 12:21,14066.0
546982,3/18/11 12:26,15483.0
546983,3/18/11 12:27,16626.0
546984,3/18/11 12:35,15019.0
546985,3/18/11 12:41,18270.0
546986,3/18/11 12:55,14194.0
546986,3/18/11 12:56,14194.0
C546987,3/18/11 12:56,
546988,3/18/11 12:57,14194.0
546990,3/18/11 12:59,14315.0
C546989,3/18/11 12:59,
546991,3/18/11 13:08,12748.0
546992,3/18/11 13:18,16684.0
546993,3/18/11 13:19,17921.0
546994,3/18/11 13:20,16684.0
546995,3/18/11 13:25,14041.0
546996,3/18/11 13:27,17060.0
546998,3/18/11 13:32,16023.0
C546997,3/18/11 13:32,12748.0
546999,3/18/11 13:47,17133.0
547000,3/18/11 13:51,14282.0
547001,3/18/11 13:52,16656.0
547002,3/18/11 14:02,12878.0
547003,3/18/11 14:13,14155.0
547004,3/18/11 14:14,17419.0
547005,3/18/11 14:20,12474.0
547006,3/18/11 14:22,
547007,3/18/11 14:38,
C547008,3/18/11 14:39,
547009,3/18/11 14:40,
547017,3/18/11 14:51,13468.0
547018,3/18/11 14:53,17043.0
547019,3/18/11 14:54,17841.0
547020,3/18/11 15:42,17017.0
547021,3/18/11 15:43,13046.0
547022,3/18/11 15:44,17961.0
547023,3/18/11 15:54,16422.0
C547024,3/18/11 16:36,15065.0
547025,3/18/11 16:50,
547026,3/18/11 17:07,14633.0
547028,3/20/11 10:13,13593.0
547029,3/20/11 10:17,15465.0
547030,3/20/11 10:17,12948.0
C547031,3/20/11 10:17,15465.0
547032,3/20/11 10:24,13798.0
547033,3/20/11 10:28,15898.0
547034,3/20/11 10:30,18229.0
547035,3/20/11 10:33,13911.0
547036,3/20/11 10:35,17017.0
547037,3/20/11 10:37,14101.0
547038,3/20/11 10:51,15703.0
547039,3/20/11 10:51,14560.0
547040,3/20/11 10:53,15938.0
547041,3/20/11 10:56,13777.0
547042,3/20/11 11:00,
C547043,3/20/11 11:19,16156.0
547044,3/20/11 11:33,14071.0
547045,3/20/11 11:37,17856.0
547046,3/20/11 11:43,13725.0
547047,3/20/11 11:46,14258.0
547048,3/20/11 11:52,14911.0
547049,3/20/11 11:56,17134.0
547050,3/20/11 12:02,17795.0
547051,3/20/11 12:06,12902.0
547052,3/20/11 12:07,18225.0
547053,3/20/11 12:08,13001.0
C547054,3/20/11 12:11,16444.0
547055,3/20/11 12:14,16444.0
547056,3/20/11 12:25,16402.0
547057,3/20/11 12:28,14217.0
547058,3/20/11 12:44,14232.0
547059,3/20/11 12:50,14693.0
547060,3/20/11 12:57,17954.0
547061,3/20/11 13:21,12407.0
547062,3/20/11 13:28,16728.0
547063,3/20/11 13:33,14769.0
547064,3/20/11 13:38,16096.0
547065,3/20/11 13:38,17068.0
547066,3/20/11 13:41,12921.0
547067,3/20/11 13:43,12921.0
547068,3/20/11 13:48,13985.0
547069,3/20/11 13:52,16710.0
547070,3/20/11 13:58,16115.0
547071,3/20/11 13:59,12693.0
547072,3/20/11 14:01,13592.0
547073,3/20/11 14:23,17211.0
547074,3/20/11 14:35,13102.0
547075,3/20/11 14:35,15288.0
547076,3/20/11 14:37,15140.0
547077,3/20/11 14:38,12843.0
547078,3/20/11 14:41,14408.0
547079,3/20/11 15:02,15408.0
547080,3/20/11 15:06,15445.0
547081,3/20/11 15:07,14205.0
547082,3/20/11 15:15,
547083,3/20/11 15:21,15452.0
547084,3/20/11 15:24,17690.0
547085,3/20/11 15:41,12600.0
547086,3/20/11 15:46,12428.0
547087,3/20/11 15:58,12726.0
547088,3/20/11 16:02,14223.0
547089,3/20/11 16:10,
547090,3/20/11 16:12,17230.0
C547091,3/20/11 16:14,
547092,3/21/11 8:18,16619.0
547093,3/21/11 8:20,14762.0
547094,3/21/11 8:39,13934.0
547095,3/21/11 9:03,13018.0
547096,3/21/11 9:13,15669.0
547097,3/21/11 9:33,13021.0
547098,3/21/11 10:13,16384.0
547099,3/21/11 10:30,18224.0
547100,3/21/11 10:31,15615.0
547101,3/21/11 10:34,16029.0
547102,3/21/11 10:41,14245.0
547103,3/21/11 10:54,15218.0
C547104,3/21/11 11:02,16817.0
547105,3/21/11 11:20,13854.0
547106,3/21/11 11:24,15039.0
547107,3/21/11 11:34,17315.0
547108,3/21/11 11:36,14659.0
547109,3/21/11 11:46,12423.0
547114,3/21/11 11:49,14688.0
547122,3/21/11 11:52,17678.0
547134,3/21/11 11:57,15996.0
547154,3/21/11 12:06,15299.0
547165,3/21/11 12:10,13593.0
C547168,3/21/11 12:10,13593.0
547171,3/21/11 12:13,17849.0
C547187,3/21/11 12:20,12779.0
547192,3/21/11 12:32,15855.0
C547193,3/21/11 12:38,17811.0
547194,3/21/11 12:42,12637.0
547195,3/21/11 12:42,17204.0
547196,3/21/11 12:44,12637.0
547197,3/21/11 12:45,17811.0
C547198,3/21/11 12:50,14606.0
547199,3/21/11 12:53,14606.0
547200,3/21/11 13:01,16036.0
547201,3/21/11 13:35,13113.0
547202,3/21/11 13:38,17841.0
547203,3/21/11 13:51,17146.0
547204,3/21/11 13:58,13491.0
547205,3/21/11 14:00,16558.0
547206,3/21/11 14:18,16791.0
547207,3/21/11 14:25,17763.0
C547208,3/21/11 14:39,15189.0
547209,3/21/11 14:44,13081.0
547219,3/21/11 14:51,
547220,3/21/11 15:02,13410.0
547221,3/21/11 15:06,13262.0
547222,3/21/11 15:07,18008.0
547223,3/21/11 15:10,12867.0
547224,3/21/11 15:15,
547225,3/21/11 15:20,
547226,3/21/11 15:33,14167.0
547227,3/21/11 15:40,12748.0
C547228,3/21/11 15:48,16626.0
C547229,3/21/11 15:49,17213.0
C547230,3/21/11 16:06,18189.0
C547231,3/21/11 16:07,15291.0
C547232,3/21/11 16:15,12994.0
547233,3/21/11 16:20,17152.0
C547234,3/21/11 16:21,12428.0
C547235,3/21/11 16:25,15291.0
C547236,3/21/11 16:27,14180.0
C547237,3/21/11 16:29,16080.0
547238,3/21/11 16:31,
547239,3/21/11 16:32,
547240,3/21/11 16:32,17585.0
C547241,3/21/11 16:34,16817.0
547243,3/21/11 16:59,17231.0
547244,3/21/11 17:10,16427.0
547245,3/22/11 8:49,14632.0
547246,3/22/11 8:54,16191.0
547247,3/22/11 9:01,18225.0
547248,3/22/11 9:23,
547249,3/22/11 9:27,
547250,3/22/11 9:30,
547251,3/22/11 9:43,17865.0
547252,3/22/11 10:13,13900.0
547253,3/22/11 10:44,13869.0
547273,3/22/11 11:05,14530.0
C547309,3/22/11 11:17,17416.0
547324,3/22/11 11:27,13014.0
547327,3/22/11 11:28,12681.0
547328,3/22/11 11:37,
547329,3/22/11 11:38,
547330,3/22/11 11:40,
547331,3/22/11 11:41,
547332,3/22/11 11:42,
547333,3/22/11 11:43,
547334,3/22/11 11:43,15044.0
547335,3/22/11 11:44,
547336,3/22/11 11:45,
547337,3/22/11 11:47,
547338,3/22/11 11:49,
547339,3/22/11 11:51,
547340,3/22/11 11:53,14875.0
547341,3/22/11 11:53,
547343,3/22/11 11:54,
C547342,3/22/11 11:54,15044.0
547344,3/22/11 11:55,
547345,3/22/11 11:55,
547346,3/22/11 11:56,
547347,3/22/11 11:56,
547348,3/22/11 11:57,
547349,3/22/11 12:02,15132.0
547350,3/22/11 12:05,17272.0
547357,3/22/11 12:15,17613.0
547358,3/22/11 12:25,15998.0
547359,3/22/11 12:27,15719.0
547360,3/22/11 12:30,16135.0
547361,3/22/11 12:31,15298.0
547362,3/22/11 12:33,13694.0
547363,3/22/11 12:33,
547364,3/22/11 12:34,
547365,3/22/11 12:36,12775.0
547366,3/22/11 13:02,12831.0
547367,3/22/11 13:11,15437.0
C547368,3/22/11 13:13,16809.0
547369,3/22/11 13:24,
547370,3/22/11 13:32,14711.0
547371,3/22/11 13:38,14377.0
547372,3/22/11 13:46,16374.0
547373,3/22/11 13:52,13798.0
547374,3/22/11 13:54,16110.0
547375,3/22/11 14:24,13196.0
C547376,3/22/11 14:40,14227.0
547377,3/22/11 14:43,13050.0
547378,3/22/11 14:56,14051.0
547379,3/22/11 15:13,12720.0
547380,3/22/11 15:20,16809.0
547381,3/22/11 15:25,18041.0
547382,3/22/11 15:31,15457.0
547383,3/22/11 15:42,12613.0
547384,3/22/11 15:46,12613.0
547385,3/22/11 15:48,
547386,3/22/11 15:52,
547387,3/22/11 16:00,12539.0
C547388,3/22/11 16:07,12352.0
547389,3/22/11 16:08,16721.0
547390,3/22/11 16:08,12352.0
547391,3/22/11 16:32,14735.0
547393,3/22/11 16:35,
547394,3/22/11 16:38,
547395,3/22/11 16:38,
547396,3/22/11 16:54,
547397,3/22/11 16:55,
547398,3/22/11 16:55,
547399,3/22/11 16:55,
547400,3/22/11 16:56,
547401,3/22/11 17:00,17576.0
547402,3/22/11 17:04,
547403,3/22/11 17:05,
547404,3/22/11 17:05,
547405,3/23/11 8:22,17705.0
547406,3/23/11 8:26,16948.0
547407,3/23/11 8:54,15658.0
C547408,3/23/11 8:55,15658.0
C547409,3/23/11 8:59,13092.0
C547410,3/23/11 9:02,18183.0
547411,3/23/11 9:42,
547412,3/23/11 9:42,12399.0
547413,3/23/11 9:43,13475.0
547414,3/23/11 9:54,17733.0
547415,3/23/11 10:08,17102.0
547416,3/23/11 10:15,15410.0
547417,3/23/11 10:25,13239.0
547418,3/23/11 10:25,13148.0
547419,3/23/11 10:27,15061.0
547420,3/23/11 10:43,15449.0
547428,3/23/11 10:51,14870.0
547444,3/23/11 10:55,12811.0
547485,3/23/11 11:16,17019.0
547486,3/23/11 11:18,13576.0
547487,3/23/11 11:29,
547488,3/23/11 11:30,13821.0
547489,3/23/11 11:44,17830.0
547490,3/23/11 11:48,17507.0
547491,3/23/11 12:05,17096.0
547492,3/23/11 12:06,12604.0
547493,3/23/11 12:06,12818.0
547494,3/23/11 12:08,18191.0
C547495,3/23/11 12:11,15021.0
547496,3/23/11 12:13,18075.0
547497,3/23/11 12:15,14461.0
547498,3/23/11 12:24,15021.0
547500,3/23/11 12:39,13408.0
547501,3/23/11 12:41,13408.0
C547502,3/23/11 12:42,14513.0
547503,3/23/11 12:44,13132.0
547504,3/23/11 13:33,12683.0
547505,3/23/11 13:36,
547506,3/23/11 13:38,
547507,3/23/11 13:39,16859.0
547508,3/23/11 13:39,12683.0
547509,3/23/11 13:42,15606.0
547510,3/23/11 13:42,15245.0
547511,3/23/11 13:44,17411.0
547512,3/23/11 13:46,17262.0
547513,3/23/11 13:59,17519.0
547514,3/23/11 14:00,17486.0
547515,3/23/11 14:02,13267.0
547516,3/23/11 14:04,15189.0
547517,3/23/11 14:33,12395.0
547518,3/23/11 14:39,13694.0
547519,3/23/11 14:46,16308.0
547520,3/23/11 14:55,12564.0
547521,3/23/11 15:00,16713.0
547522,3/23/11 15:02,
547523,3/23/11 15:03,
547524,3/23/11 15:03,
547525,3/23/11 15:04,
547526,3/23/11 15:04,
547527,3/23/11 15:04,
547528,3/23/11 15:05,
547529,3/23/11 15:05,
547530,3/23/11 15:05,
547531,3/23/11 15:06,
547532,3/23/11 15:06,
547533,3/23/11 15:06,
547534,3/23/11 15:06,
547535,3/23/11 15:07,16250.0
547536,3/23/11 15:07,
547537,3/23/11 15:16,13534.0
547538,3/23/11 15:17,13534.0
547539,3/23/11 15:19,16943.0
547541,3/23/11 15:22,14607.0
547546,3/23/11 15:26,13249.0
547547,3/23/11 15:30,
547548,3/23/11 15:37,15644.0
547549,3/23/11 15:40,14794.0
547550,3/23/11 15:41,16839.0
547551,3/23/11 15:55,
547552,3/23/11 15:55,
547553,3/23/11 16:00,15644.0
547554,3/23/11 16:22,17858.0
547555,3/23/11 16:35,14075.0
547556,3/23/11 16:45,17250.0
547557,3/23/11 16:53,
547558,3/23/11 17:25,17966.0
547559,3/23/11 17:27,
547560,3/23/11 17:28,
547561,3/24/11 8:44,14129.0
547562,3/24/11 8:47,16525.0
547563,3/24/11 8:56,15651.0
547564,3/24/11 9:21,17512.0
547565,3/24/11 9:21,13035.0
547566,3/24/11 9:42,12811.0
547567,3/24/11 9:44,17644.0
547568,3/24/11 9:50,13341.0
547569,3/24/11 9:50,17491.0
547570,3/24/11 9:50,13636.0
547571,3/24/11 9:52,16265.0
547572,3/24/11 10:03,13512.0
547573,3/24/11 10:04,12948.0
C547574,3/24/11 10:13,14223.0
547575,3/24/11 10:18,
547576,3/24/11 10:37,16620.0
547577,3/24/11 10:37,13183.0
547578,3/24/11 10:38,13089.0
547579,3/24/11 10:40,13089.0
547580,3/24/11 10:48,13488.0
C547581,3/24/11 10:58,12474.0
C547582,3/24/11 11:06,12474.0
547583,3/24/11 11:07,12901.0
547593,3/24/11 11:18,
C547594,3/24/11 11:19,12693.0
547595,3/24/11 11:20,
547596,3/24/11 11:20,
547597,3/24/11 11:21,
547598,3/24/11 11:24,
547599,3/24/11 11:24,
547606,3/24/11 11:26,
547611,3/24/11 11:26,
547618,3/24/11 11:28,
547623,3/24/11 11:29,15641.0
547626,3/24/11 11:30,
547639,3/24/11 11:34,17698.0
547644,3/24/11 11:38,14267.0
547645,3/24/11 11:40,12676.0
547646,3/24/11 11:42,
547647,3/24/11 11:43,15144.0
547648,3/24/11 11:44,15144.0
547649,3/24/11 12:02,18118.0
547650,3/24/11 12:08,17059.0
547651,3/24/11 12:11,16904.0
547652,3/24/11 12:15,14606.0
547653,3/24/11 12:21,16745.0
547654,3/24/11 12:32,14527.0
547655,3/24/11 12:52,14267.0
547656,3/24/11 12:53,13263.0
547657,3/24/11 12:58,13871.0
547658,3/24/11 13:04,13736.0
547659,3/24/11 13:05,12434.0
C547661,3/24/11 13:09,13736.0
547662,3/24/11 13:12,14085.0
547663,3/24/11 13:16,16022.0
547664,3/24/11 13:16,13069.0
547665,3/24/11 13:17,14256.0
547666,3/24/11 13:23,14235.0
547667,3/24/11 13:25,16700.0
547668,3/24/11 13:28,14071.0
547669,3/24/11 13:37,12748.0
547670,3/24/11 13:41,16769.0
547671,3/24/11 13:45,14560.0
547672,3/24/11 13:54,17754.0
547673,3/24/11 13:57,
547674,3/24/11 13:59,15835.0
C547675,3/24/11 14:07,17754.0
C547676,3/24/11 14:15,15189.0
547684,3/24/11 14:46,12408.0
547685,3/24/11 14:47,12408.0
547686,3/24/11 14:49,15513.0
547687,3/24/11 14:52,15078.0
547688,3/24/11 14:54,12971.0
547689,3/24/11 14:55,17757.0
547690,3/24/11 14:55,16063.0
547690,3/24/11 14:56,16063.0
547691,3/24/11 15:02,16767.0
547694,3/24/11 15:12,15178.0
547695,3/24/11 15:15,18239.0
547696,3/24/11 16:07,
547697,3/24/11 16:23,14348.0
547698,3/24/11 16:30,15304.0
547699,3/24/11 16:38,
547700,3/24/11 16:39,
547701,3/24/11 16:42,
547702,3/24/11 16:45,14911.0
547703,3/24/11 17:10,12540.0
547704,3/24/11 17:51,
547705,3/24/11 18:20,14056.0
547706,3/24/11 18:25,12901.0
547707,3/24/11 18:28,18008.0
547708,3/24/11 18:34,17450.0
547709,3/24/11 18:43,18109.0
C547710,3/24/11 19:27,14875.0
547712,3/24/11 19:31,16905.0
C547711,3/24/11 19:31,13534.0
547713,3/25/11 8:41,16458.0
547714,3/25/11 8:43,15815.0
547715,3/25/11 8:50,12520.0
547716,3/25/11 8:52,16833.0
547717,3/25/11 8:53,16833.0
547718,3/25/11 9:39,17450.0
547719,3/25/11 10:05,14404.0
547720,3/25/11 10:08,14209.0
547721,3/25/11 10:14,13000.0
547722,3/25/11 10:19,12553.0
547723,3/25/11 10:39,
547724,3/25/11 10:42,13468.0
C547725,3/25/11 10:43,
547726,3/25/11 10:49,16029.0
547727,3/25/11 10:50,16029.0
547728,3/25/11 10:51,16029.0
547729,3/25/11 10:52,15529.0
547730,3/25/11 11:01,14796.0
547762,3/25/11 11:31,13695.0
C547763,3/25/11 11:31,14194.0
547772,3/25/11 11:34,17979.0
547785,3/25/11 11:41,13097.0
547786,3/25/11 11:44,14587.0
547787,3/25/11 11:57,13139.0
547788,3/25/11 12:00,
547789,3/25/11 12:04,14911.0
547790,3/25/11 12:04,12545.0
547792,3/25/11 12:07,17979.0
C547791,3/25/11 12:07,17979.0
547793,3/25/11 12:10,14758.0
547794,3/25/11 12:13,14085.0
547795,3/25/11 12:21,14536.0
547796,3/25/11 12:34,14646.0
C547797,3/25/11 12:34,17460.0
C547798,3/25/11 12:43,17204.0
547799,3/25/11 12:48,17139.0
547800,3/25/11 12:55,14504.0
547801,3/25/11 12:57,14107.0
C547802,3/25/11 13:12,12921.0
547803,3/25/11 13:23,13662.0
547804,3/25/11 13:30,16817.0
547805,3/25/11 13:35,13327.0
C547806,3/25/11 13:37,12528.0
C547807,3/25/11 13:41,14194.0
C547808,3/25/11 13:42,13014.0
547809,3/25/11 13:54,12748.0
547810,3/25/11 14:00,
547811,3/25/11 14:01,17368.0
547812,3/25/11 14:06,18102.0
547813,3/25/11 14:11,
547814,3/25/11 14:19,13452.0
547815,3/25/11 14:19,13520.0
547816,3/25/11 14:30,12748.0
547817,3/25/11 14:34,17946.0
547818,3/25/11 14:39,12748.0
547819,3/25/11 14:45,12748.0
547820,3/25/11 14:46,13743.0
547821,3/25/11 14:50,12621.0
547822,3/25/11 14:53,12668.0
547825,3/25/11 15:01,12778.0
547826,3/25/11 15:08,18078.0
547827,3/25/11 15:10,
547828,3/25/11 15:18,16618.0
547829,3/25/11 15:24,16081.0
547830,3/25/11 15:50,
547832,3/25/11 16:25,17511.0
547833,3/25/11 17:34,16780.0
547834,3/27/11 10:16,17937.0
547835,3/27/11 10:18,15465.0
C547836,3/27/11 10:19,15465.0
547837,3/27/11 10:26,17243.0
C547838,3/27/11 10:47,12916.0
547839,3/27/11 10:54,12916.0
547840,3/27/11 10:56,15133.0
547841,3/27/11 11:02,16923.0
547842,3/27/11 11:14,13875.0
547843,3/27/11 11:22,18273.0
547844,3/27/11 11:44,15045.0
547845,3/27/11 11:51,16434.0
547846,3/27/11 11:59,18071.0
C547847,3/27/11 12:04,14232.0
C547848,3/27/11 12:05,12921.0
547850,3/27/11 12:06,14472.0
C547849,3/27/11 12:06,12471.0
C547851,3/27/11 12:08,16782.0
C547852,3/27/11 12:11,15065.0
C547853,3/27/11 12:11,15615.0
C547854,3/27/11 12:12,14586.0
C547855,3/27/11 12:13,14194.0
C547856,3/27/11 12:14,16256.0
C547857,3/27/11 12:14,13050.0
C547858,3/27/11 12:16,14911.0
C547859,3/27/11 12:16,13725.0
547860,3/27/11 12:21,17625.0
547861,3/27/11 12:36,16701.0
547862,3/27/11 12:54,12841.0
547863,3/27/11 13:07,12728.0
547864,3/27/11 13:10,15716.0
547865,3/27/11 13:15,
547866,3/27/11 13:21,14878.0
547867,3/27/11 13:56,13357.0
547870,3/27/11 14:18,13668.0
547871,3/27/11 14:28,16931.0
547872,3/27/11 14:34,16777.0
547873,3/27/11 15:33,13240.0
547874,3/27/11 15:39,14476.0
547875,3/27/11 15:40,13408.0
547876,3/27/11 15:41,16638.0
547877,3/27/11 15:46,14573.0
547878,3/27/11 16:01,15939.0
547879,3/27/11 16:03,12877.0
547880,3/27/11 16:05,15426.0
547881,3/27/11 16:08,13110.0
547882,3/28/11 7:53,14911.0
547883,3/28/11 8:40,14755.0
547884,3/28/11 9:07,13481.0
547885,3/28/11 9:16,17314.0
547886,3/28/11 9:21,13652.0
547887,3/28/11 9:30,16245.0
547888,3/28/11 9:59,13368.0
C547889,3/28/11 10:02,14410.0
547890,3/28/11 10:03,17227.0
547891,3/28/11 10:14,13266.0
547892,3/28/11 10:15,12669.0
547893,3/28/11 10:25,13552.0
547894,3/28/11 10:26,13552.0
547895,3/28/11 10:52,18118.0
547896,3/28/11 11:34,17841.0
547897,3/28/11 11:36,12792.0
547898,3/28/11 11:49,16523.0
547900,3/28/11 11:51,13649.0
C547899,3/28/11 11:51,
547901,3/28/11 11:57,
547902,3/28/11 11:58,17765.0
547903,3/28/11 11:59,15039.0
C547904,3/28/11 12:02,
C547905,3/28/11 12:10,
547906,3/28/11 12:13,14410.0
547907,3/28/11 12:18,15083.0
C547908,3/28/11 12:18,
547909,3/28/11 12:22,15033.0
547910,3/28/11 12:23,14159.0
547911,3/28/11 12:25,14127.0
547912,3/28/11 12:27,18010.0
C547913,3/28/11 12:34,
547914,3/28/11 12:35,12594.0
C547915,3/28/11 12:37,
547916,3/28/11 12:46,
547917,3/28/11 12:46,
547918,3/28/11 12:49,15249.0
547919,3/28/11 12:52,13760.0
547920,3/28/11 12:52,14730.0
547921,3/28/11 13:28,14766.0
547922,3/28/11 13:32,15624.0
547923,3/28/11 13:35,14344.0
547924,3/28/11 13:39,17749.0
547925,3/28/11 13:57,12481.0
547926,3/28/11 13:59,12481.0
547927,3/28/11 13:59,
547928,3/28/11 14:00,
547929,3/28/11 14:00,
C547930,3/28/11 14:00,12594.0
547931,3/28/11 14:01,12594.0
547932,3/28/11 14:01,
547933,3/28/11 14:02,
547934,3/28/11 14:07,12474.0
547935,3/28/11 14:19,15874.0
547936,3/28/11 14:23,15874.0
547937,3/28/11 14:27,15068.0
547938,3/28/11 14:33,13901.0
547939,3/28/11 14:42,15611.0
547940,3/28/11 14:43,16814.0
547941,3/28/11 14:46,16692.0
547942,3/28/11 14:57,14538.0
547943,3/28/11 14:58,
547944,3/28/11 14:59,12971.0
547945,3/28/11 14:59,14851.0
547946,3/28/11 14:59,12971.0
547947,3/28/11 15:03,15032.0
547948,3/28/11 15:06,
547949,3/28/11 15:10,14021.0
547950,3/28/11 15:11,
547957,3/28/11 15:16,
C547958,3/28/11 15:18,15032.0
547959,3/28/11 15:19,
547960,3/28/11 15:27,15644.0
C547961,3/28/11 15:30,15032.0
547962,3/28/11 15:38,12957.0
547963,3/28/11 15:42,13037.0
547964,3/28/11 15:45,
547965,3/28/11 15:47,15809.0
547966,3/28/11 15:49,
547967,3/28/11 15:49,
C547968,3/28/11 16:02,12471.0
547969,3/28/11 16:27,17238.0
547970,3/28/11 16:28,17238.0
547971,3/28/11 16:37,17917.0
547972,3/28/11 16:41,12557.0
547985,3/29/11 8:43,16455.0
547986,3/29/11 8:46,18177.0
547987,3/29/11 9:11,17428.0
C547988,3/29/11 9:19,13477.0
547989,3/29/11 9:36,
547990,3/29/11 9:53,15589.0
547991,3/29/11 9:54,15589.0
C547992,3/29/11 9:58,18225.0
547993,3/29/11 9:59,
547994,3/29/11 10:18,
547995,3/29/11 10:20,
547996,3/29/11 10:22,
547997,3/29/11 10:22,
547998,3/29/11 10:23,
547999,3/29/11 10:24,
548000,3/29/11 10:24,
548001,3/29/11 10:26,
548002,3/29/11 10:27,
548003,3/29/11 10:39,18044.0
548005,3/29/11 10:49,14128.0
548006,3/29/11 10:50,18226.0
548007,3/29/11 10:51,13769.0
548008,3/29/11 10:52,
C548009,3/29/11 10:55,14245.0
548010,3/29/11 11:04,14646.0
548011,3/29/11 11:14,14646.0
548012,3/29/11 11:15,17377.0
548013,3/29/11 11:25,17874.0
548014,3/29/11 11:29,17719.0
C548015,3/29/11 11:30,13802.0
548016,3/29/11 11:39,16871.0
548017,3/29/11 11:42,16871.0
548033,3/29/11 12:01,14441.0
548038,3/29/11 12:03,15696.0
548069,3/29/11 12:10,
548095,3/29/11 12:17,
548098,3/29/11 12:17,
548104,3/29/11 12:18,
548110,3/29/11 12:20,
548144,3/29/11 12:29,13798.0
548148,3/29/11 12:31,17931.0
548149,3/29/11 12:36,
548150,3/29/11 12:55,17315.0
548151,3/29/11 12:57,13803.0
548152,3/29/11 13:04,17398.0
548153,3/29/11 13:05,15129.0
548154,3/29/11 13:06,17675.0
C548155,3/29/11 13:18,15906.0
548156,3/29/11 13:22,14871.0
548157,3/29/11 13:27,14298.0
548158,3/29/11 13:28,15906.0
548159,3/29/11 13:32,15906.0
548160,3/29/11 13:33,16253.0
548161,3/29/11 13:40,
548162,3/29/11 13:42,
548163,3/29/11 13:43,
548164,3/29/11 13:44,
548165,3/29/11 13:44,
548166,3/29/11 13:45,
548167,3/29/11 13:45,
548168,3/29/11 13:46,
548169,3/29/11 13:48,14680.0
548170,3/29/11 13:53,15290.0
548171,3/29/11 13:58,16422.0
548172,3/29/11 14:13,15738.0
548173,3/29/11 14:17,
C548174,3/29/11 14:17,13662.0
548175,3/29/11 14:19,
548176,3/29/11 14:20,13439.0
548177,3/29/11 14:31,12888.0
548178,3/29/11 14:35,14367.0
548185,3/29/11 14:58,15628.0
548186,3/29/11 15:02,13777.0
C548187,3/29/11 15:06,17511.0
548188,3/29/11 15:12,13263.0
548189,3/29/11 15:15,16607.0
548190,3/29/11 15:18,17511.0
548191,3/29/11 15:20,
548192,3/29/11 15:22,17364.0
C548193,3/29/11 15:27,14680.0
548194,3/29/11 15:30,
548195,3/29/11 15:36,
548196,3/29/11 15:44,16011.0
548197,3/29/11 15:53,13588.0
548198,3/29/11 16:05,16712.0
548199,3/29/11 16:12,16945.0
548202,3/29/11 16:36,16980.0
548203,3/29/11 16:40,
548203,3/29/11 16:41,
548204,3/29/11 16:41,
548205,3/29/11 16:51,
548206,3/29/11 16:56,
548207,3/29/11 17:11,
548208,3/29/11 17:12,14189.0
548209,3/29/11 17:21,
548210,3/29/11 17:23,14606.0
548211,3/30/11 9:06,14646.0
548212,3/30/11 9:12,12456.0
548213,3/30/11 9:15,15521.0
548214,3/30/11 9:17,13720.0
548215,3/30/11 9:19,15674.0
548216,3/30/11 9:27,12971.0
548217,3/30/11 9:31,17616.0
548218,3/30/11 9:36,13999.0
548219,3/30/11 9:46,
548220,3/30/11 9:47,
548221,3/30/11 9:47,
548222,3/30/11 10:16,17306.0
548223,3/30/11 10:18,17306.0
548224,3/30/11 10:23,
548227,3/30/11 10:24,
548234,3/30/11 10:32,17594.0
548242,3/30/11 10:34,16218.0
548245,3/30/11 10:36,12823.0
548255,3/30/11 10:46,13078.0
548256,3/30/11 10:50,17775.0
548257,3/30/11 10:54,13802.0
548258,3/30/11 11:04,14146.0
548259,3/30/11 11:12,14099.0
548260,3/30/11 11:18,15373.0
548261,3/30/11 11:19,
548267,3/30/11 11:32,16954.0
548269,3/30/11 11:35,
548276,3/30/11 11:39,17863.0
548286,3/30/11 11:47,
548289,3/30/11 11:48,13988.0
548293,3/30/11 11:51,13798.0
C548307,3/30/11 11:59,17314.0
548308,3/30/11 12:00,17220.0
548309,3/30/11 12:02,16657.0
548310,3/30/11 12:04,
548311,3/30/11 12:05,13728.0
548312,3/30/11 12:12,16059.0
548313,3/30/11 12:15,15353.0
548314,3/30/11 12:24,16949.0
548315,3/30/11 12:34,16019.0
548316,3/30/11 12:35,17929.0
548317,3/30/11 12:43,18179.0
548318,3/30/11 12:45,13113.0
548319,3/30/11 12:48,14180.0
548320,3/30/11 12:54,12709.0
548321,3/30/11 12:55,
548322,3/30/11 13:00,
548323,3/30/11 13:00,15424.0
548324,3/30/11 13:01,13316.0
548325,3/30/11 13:01,13509.0
548326,3/30/11 13:02,15424.0
548327,3/30/11 13:05,16788.0
548328,3/30/11 13:11,
548329,3/30/11 13:14,16584.0
548330,3/30/11 13:26,14810.0
548331,3/30/11 13:28,13047.0
548332,3/30/11 13:39,15364.0
548333,3/30/11 13:44,15189.0
548334,3/30/11 13:56,18108.0
548335,3/30/11 13:57,14272.0
548336,3/30/11 14:06,13082.0
548337,3/30/11 14:06,18198.0
548338,3/30/11 14:08,16558.0
548339,3/30/11 14:08,
548340,3/30/11 14:23,13426.0
C548341,3/30/11 14:30,13089.0
548349,3/30/11 14:39,15812.0
C548350,3/30/11 14:49,15648.0
548351,3/30/11 14:51,13001.0
C548352,3/30/11 14:57,12921.0
548353,3/30/11 15:05,15980.0
548354,3/30/11 15:06,15981.0
C548355,3/30/11 15:06,12921.0
C548356,3/30/11 15:12,12472.0
C548357,3/30/11 15:14,15785.0
548358,3/30/11 15:29,15832.0
548359,3/30/11 15:31,14828.0
C548360,3/30/11 15:35,13534.0
548361,3/30/11 15:38,16092.0
C548362,3/30/11 15:40,13268.0
548363,3/30/11 15:48,12428.0
548364,3/30/11 15:49,
548365,3/30/11 15:49,
548366,3/30/11 15:50,
548367,3/30/11 15:51,17677.0
548368,3/30/11 15:52,17677.0
548369,3/30/11 16:00,
548370,3/30/11 16:14,15528.0
548371,3/30/11 16:28,17757.0
548372,3/30/11 16:34,14572.0
548373,3/30/11 16:34,
C548374,3/30/11 16:36,13047.0
548376,3/30/11 16:39,
C548375,3/30/11 16:39,14256.0
548377,3/30/11 16:40,
548378,3/30/11 16:41,
548379,3/30/11 16:41,
548380,3/30/11 16:44,
548381,3/30/11 16:45,
548382,3/30/11 16:46,
548383,3/30/11 16:46,
548384,3/30/11 16:47,
548385,3/30/11 16:47,
548386,3/30/11 16:48,
C548387,3/30/11 16:49,14794.0
548388,3/30/11 16:52,13268.0
C548389,3/30/11 16:54,16713.0
548390,3/30/11 17:05,
C548391,3/30/11 17:06,13488.0
C548392,3/30/11 17:09,18075.0
548393,3/30/11 17:12,
548394,3/30/11 17:18,
548395,3/30/11 17:20,
548396,3/30/11 17:21,
548397,3/30/11 17:23,
548398,3/30/11 17:24,
548399,3/30/11 17:25,
548400,3/30/11 17:33,17400.0
548401,3/31/11 9:07,14479.0
548402,3/31/11 9:26,
548403,3/31/11 9:36,14794.0
548404,3/31/11 9:38,16398.0
548405,3/31/11 9:48,17088.0
548406,3/31/11 9:57,15061.0
548407,3/31/11 10:07,16401.0
548408,3/31/11 10:26,17438.0
548409,3/31/11 10:27,12731.0
548410,3/31/11 10:29,12731.0
C548411,3/31/11 10:36,13316.0
548412,3/31/11 10:38,12601.0
548447,3/31/11 10:53,17315.0
548448,3/31/11 11:07,18041.0
548449,3/31/11 11:08,14911.0
548450,3/31/11 11:20,15856.0
548451,3/31/11 11:25,17365.0
548452,3/31/11 11:37,13060.0
C548453,3/31/11 11:37,17428.0
C548454,3/31/11 11:42,16422.0
548455,3/31/11 11:49,14790.0
C548456,3/31/11 11:49,16422.0
548457,3/31/11 11:52,13468.0
548458,3/31/11 11:53,15632.0
548459,3/31/11 11:57,14890.0
C548460,3/31/11 11:58,16801.0
548461,3/31/11 12:08,14527.0
C548462,3/31/11 12:11,14527.0
C548463,3/31/11 12:11,13225.0
C548464,3/31/11 12:14,13043.0
C548465,3/31/11 12:17,17526.0
548466,3/31/11 12:19,16386.0
C548467,3/31/11 12:20,16619.0
548468,3/31/11 12:28,14818.0
C548469,3/31/11 12:32,14543.0
548470,3/31/11 12:36,12782.0
C548471,3/31/11 12:38,14267.0
548484,3/31/11 12:43,13571.0
C548485,3/31/11 12:50,14051.0
548486,3/31/11 12:51,12909.0
C548487,3/31/11 12:57,14952.0
C548488,3/31/11 13:03,16638.0
548489,3/31/11 13:10,12619.0
548490,3/31/11 13:13,12909.0
548491,3/31/11 13:14,14064.0
548492,3/31/11 13:14,17841.0
548493,3/31/11 13:14,16839.0
548494,3/31/11 13:33,16698.0
C548495,3/31/11 13:34,17075.0
548496,3/31/11 13:40,12678.0
548497,3/31/11 13:43,13089.0
548498,3/31/11 13:46,16681.0
548499,3/31/11 13:47,17075.0
548500,3/31/11 13:49,17071.0
548501,3/31/11 13:50,15894.0
548502,3/31/11 14:17,
C548503,3/31/11 14:23,14410.0
548504,3/31/11 14:33,
548505,3/31/11 14:34,
548506,3/31/11 14:42,18037.0
548507,3/31/11 14:47,13573.0
C548508,3/31/11 14:51,14189.0
548509,3/31/11 15:00,14543.0
548510,3/31/11 15:02,17861.0
548511,3/31/11 15:43,14056.0
548512,3/31/11 15:54,14410.0
C548513,3/31/11 15:54,13777.0
548514,3/31/11 16:03,
548515,3/31/11 16:19,
548516,3/31/11 16:28,
548520,3/31/11 16:40,13126.0
548521,3/31/11 16:41,17735.0
548522,3/31/11 16:43,
548529,3/31/11 16:56,18223.0
548530,3/31/11 17:06,17400.0
548531,3/31/11 17:12,14031.0
C548532,3/31/11 17:16,14031.0
548533,3/31/11 17:17,13883.0
548534,3/31/11 17:28,18172.0
548535,3/31/11 17:33,
548536,3/31/11 17:34,
548537,3/31/11 17:35,
548538,3/31/11 17:36,
548539,3/31/11 17:37,
548540,3/31/11 17:51,
548541,3/31/11 17:59,14957.0
548542,3/31/11 18:05,13918.0
C548543,3/31/11 18:44,14525.0
548544,3/31/11 18:49,14525.0
548545,3/31/11 19:12,13118.0
548546,3/31/11 19:20,16600.0
548547,3/31/11 19:42,17212.0
548548,3/31/11 19:54,17781.0
548549,3/31/11 19:55,16365.0
548550,4/1/11 8:22,18161.0
548551,4/1/11 8:56,14886.0
548552,4/1/11 9:06,17613.0
548553,4/1/11 9:19,12523.0
548554,4/1/11 9:19,13694.0
548555,4/1/11 9:21,13758.0
548556,4/1/11 9:25,13694.0
548557,4/1/11 9:56,15018.0
548558,4/1/11 10:05,13626.0
548559,4/1/11 10:08,16214.0
548560,4/1/11 10:10,13468.0
548561,4/1/11 10:11,16609.0
548562,4/1/11 10:18,
548563,4/1/11 10:21,18118.0
C548564,4/1/11 10:22,12616.0
548565,4/1/11 10:23,16180.0
548566,4/1/11 10:27,17288.0
548567,4/1/11 10:34,17965.0
548568,4/1/11 10:43,14543.0
C548573,4/1/11 10:45,15045.0
C548576,4/1/11 10:46,15696.0
C548577,4/1/11 10:46,13694.0
548604,4/1/11 10:58,
C548605,4/1/11 11:03,
548606,4/1/11 11:10,12731.0
548608,4/1/11 11:20,13462.0
C548607,4/1/11 11:20,16700.0
C548609,4/1/11 11:22,15589.0
548610,4/1/11 11:28,15860.0
548611,4/1/11 11:31,18230.0
548612,4/1/11 11:34,13137.0
548613,4/1/11 11:46,13694.0
548614,4/1/11 11:47,14419.0
548615,4/1/11 11:47,
548616,4/1/11 11:48,18263.0
548617,4/1/11 11:50,16592.0
548618,4/1/11 11:50,15197.0
548619,4/1/11 11:51,16592.0
548620,4/1/11 11:53,
548621,4/1/11 11:54,16960.0
548622,4/1/11 12:09,13636.0
548623,4/1/11 12:10,13841.0
548624,4/1/11 12:12,
C548625,4/1/11 12:14,13078.0
C548626,4/1/11 12:16,15622.0
548627,4/1/11 12:19,16333.0
C548628,4/1/11 12:19,13184.0
548629,4/1/11 12:21,16333.0
548630,4/1/11 12:22,16333.0
548631,4/1/11 12:24,13184.0
548632,4/1/11 12:25,17701.0
548633,4/1/11 12:25,16333.0
548634,4/1/11 12:26,12877.0
548635,4/1/11 12:27,16333.0
548636,4/1/11 12:29,15601.0
548637,4/1/11 12:32,
548638,4/1/11 12:34,
548639,4/1/11 12:34,
548640,4/1/11 12:41,17580.0
548641,4/1/11 12:56,16333.0
548642,4/1/11 13:00,17287.0
548643,4/1/11 13:01,14680.0
548644,4/1/11 13:02,15291.0
548645,4/1/11 13:04,17457.0
548646,4/1/11 13:15,
C548647,4/1/11 13:17,12888.0
548648,4/1/11 13:20,12949.0
548649,4/1/11 13:21,18179.0
548650,4/1/11 13:22,14852.0
548651,4/1/11 13:33,14970.0
548652,4/1/11 13:34,16928.0
548653,4/1/11 13:46,
548654,4/1/11 13:47,12569.0
548655,4/1/11 13:47,15605.0
548656,4/1/11 14:05,12748.0
548657,4/1/11 14:07,12748.0
548658,4/1/11 14:19,15179.0
548659,4/1/11 14:19,13418.0
548660,4/1/11 14:24,13169.0
548661,4/1/11 14:28,12415.0
548662,4/1/11 14:31,
548663,4/1/11 14:44,
548664,4/1/11 14:45,14911.0
548665,4/1/11 14:53,14854.0
548666,4/1/11 14:58,13124.0
C548667,4/1/11 15:00,12781.0
548668,4/1/11 15:03,16162.0
548669,4/1/11 15:13,15691.0
548670,4/1/11 15:37,15356.0
548673,4/1/11 16:18,13767.0
548674,4/1/11 16:38,
548675,4/1/11 16:39,
548676,4/1/11 16:40,
548677,4/1/11 16:40,
548678,4/1/11 16:41,
548679,4/1/11 16:42,
548680,4/1/11 16:43,
548681,4/1/11 16:43,
548682,4/1/11 16:44,
548683,4/1/11 16:45,
548684,4/1/11 16:46,
548685,4/1/11 16:47,
548686,4/1/11 16:49,15856.0
548687,4/1/11 16:50,14195.0
548692,4/1/11 17:04,
548693,4/1/11 17:25,
548694,4/1/11 17:28,
C548695,4/3/11 10:08,17243.0
548696,4/3/11 10:10,17243.0
548697,4/3/11 10:49,15482.0
548698,4/3/11 10:55,18109.0
548699,4/3/11 11:08,
548700,4/3/11 11:11,13623.0
548701,4/3/11 11:36,17629.0
548702,4/3/11 11:36,17085.0
548703,4/3/11 11:37,16010.0
548704,4/3/11 11:45,17381.0
548705,4/3/11 11:47,17381.0
548706,4/3/11 11:51,13408.0
548707,4/3/11 12:08,13781.0
548708,4/3/11 12:41,13269.0
548709,4/3/11 12:46,17744.0
548710,4/3/11 13:24,16678.0
548711,4/3/11 14:24,18116.0
548712,4/3/11 14:42,17050.0
C548713,4/3/11 14:53,17337.0
548714,4/3/11 15:07,17337.0
548715,4/3/11 15:22,17758.0
548716,4/3/11 15:50,14023.0
548718,4/4/11 8:50,14156.0
C548717,4/4/11 8:50,16297.0
548720,4/4/11 8:58,
C548721,4/4/11 8:59,12957.0
C548722,4/4/11 9:00,13481.0
C548723,4/4/11 9:02,15874.0
C548724,4/4/11 9:04,15632.0
548725,4/4/11 9:08,12678.0
548726,4/4/11 9:38,13767.0
C548727,4/4/11 9:45,17725.0
548728,4/4/11 9:55,13198.0
C548729,4/4/11 9:57,12434.0
548730,4/4/11 10:11,17669.0
C548731,4/4/11 10:12,12755.0
548732,4/4/11 10:16,16142.0
548733,4/4/11 10:29,17648.0
548734,4/4/11 10:40,13059.0
548735,4/4/11 10:52,15039.0
548736,4/4/11 11:01,13984.0
548737,4/4/11 11:18,12682.0
C548738,4/4/11 11:22,14711.0
548739,4/4/11 11:28,15493.0
548740,4/4/11 11:34,13319.0
548741,4/4/11 12:00,16224.0
548742,4/4/11 12:00,14688.0
548743,4/4/11 12:05,14895.0
548744,4/4/11 12:07,17725.0
548745,4/4/11 12:10,12471.0
548746,4/4/11 12:11,12471.0
548747,4/4/11 12:17,15223.0
C548748,4/4/11 12:28,15223.0
548749,4/4/11 12:29,13004.0
548757,4/4/11 12:31,17419.0
548768,4/4/11 12:34,17886.0
548780,4/4/11 12:37,13294.0
548792,4/4/11 12:42,14711.0
548796,4/4/11 12:42,15752.0
548801,4/4/11 12:44,15289.0
548806,4/4/11 12:52,13098.0
548807,4/4/11 12:54,16422.0
548808,4/4/11 12:55,17774.0
548813,4/4/11 13:03,12744.0
548820,4/4/11 13:04,12744.0
C548830,4/4/11 13:08,12744.0
C548834,4/4/11 13:09,12744.0
C548851,4/4/11 13:14,15311.0
548856,4/4/11 13:26,15311.0
C548857,4/4/11 13:28,15311.0
548858,4/4/11 13:29,14911.0
548859,4/4/11 13:32,13668.0
548860,4/4/11 13:38,13263.0
548861,4/4/11 13:42,18185.0
548862,4/4/11 13:47,17956.0
548863,4/4/11 13:57,15311.0
548864,4/4/11 14:00,15756.0
548865,4/4/11 14:09,14747.0
C548866,4/4/11 14:09,14606.0
548867,4/4/11 14:17,14719.0
548868,4/4/11 14:28,13015.0
548869,4/4/11 14:31,17114.0
548870,4/4/11 14:41,14606.0
548871,4/4/11 14:42,14410.0
548872,4/4/11 14:42,13015.0
548873,4/4/11 15:10,12971.0
548874,4/4/11 15:18,17716.0
548886,4/4/11 15:23,
548887,4/4/11 15:24,
548888,4/4/11 15:25,
548889,4/4/11 15:26,
548890,4/4/11 15:26,
C548891,4/4/11 15:34,13418.0
548892,4/4/11 15:35,18044.0
548893,4/4/11 15:54,
548894,4/4/11 16:01,
548895,4/4/11 16:14,
548896,4/4/11 16:21,13767.0
548897,4/4/11 16:22,
548898,4/4/11 16:28,17214.0
548899,4/4/11 16:31,15838.0
548900,4/4/11 16:36,17848.0
548901,4/4/11 16:47,
C548906,4/5/11 8:24,13636.0
548907,4/5/11 8:25,15521.0
C548908,4/5/11 8:25,18108.0
548909,4/5/11 8:43,12779.0
548910,4/5/11 8:51,17940.0
548911,4/5/11 9:09,12951.0
548912,4/5/11 9:32,16586.0
548913,4/5/11 9:45,12669.0
C548914,4/5/11 9:46,12669.0
C548915,4/5/11 9:53,12668.0
548916,4/5/11 10:07,14849.0
548917,4/5/11 10:13,16817.0
548918,4/5/11 10:13,16105.0
548919,4/5/11 10:18,13013.0
548920,4/5/11 10:19,13018.0
548940,4/5/11 10:31,15061.0
C548941,4/5/11 10:32,15061.0
548942,4/5/11 10:40,15938.0
548945,4/5/11 10:45,
C548947,4/5/11 10:45,14546.0
548952,4/5/11 10:46,15572.0
548955,4/5/11 10:47,12348.0
548968,4/5/11 10:58,12744.0
548969,4/5/11 11:01,14646.0
548970,4/5/11 11:03,14646.0
548971,4/5/11 11:29,16919.0
C548972,4/5/11 11:42,15674.0
548973,4/5/11 11:44,15674.0
548974,4/5/11 11:47,15194.0
548975,4/5/11 11:47,17596.0
C548976,4/5/11 11:50,17725.0
548977,4/5/11 11:54,
548978,4/5/11 12:08,15727.0
548979,4/5/11 12:12,13798.0
548980,4/5/11 12:21,
548981,4/5/11 12:24,15442.0
C548982,4/5/11 12:27,15018.0
548983,4/5/11 12:30,16906.0
548984,4/5/11 12:37,14546.0
548985,4/5/11 12:46,16422.0
548986,4/5/11 12:46,
548987,4/5/11 12:50,14535.0
548988,4/5/11 13:07,17618.0
548989,4/5/11 13:19,
548990,4/5/11 13:42,16170.0
548991,4/5/11 13:48,16915.0
548992,4/5/11 13:52,13089.0
548993,4/5/11 13:56,12753.0
548994,4/5/11 14:07,
C548995,4/5/11 14:08,17841.0
548996,4/5/11 14:12,
548997,4/5/11 14:33,
548998,4/5/11 14:34,
548999,4/5/11 14:34,
549000,4/5/11 14:35,
549001,4/5/11 14:35,
549002,4/5/11 14:36,
549003,4/5/11 14:36,
549004,4/5/11 14:37,
549005,4/5/11 14:37,
549006,4/5/11 14:38,
549007,4/5/11 14:38,17470.0
549008,4/5/11 14:38,
549009,4/5/11 14:39,
549010,4/5/11 14:39,
549011,4/5/11 14:41,
549012,4/5/11 14:51,16394.0
C549013,4/5/11 14:52,15648.0
549014,4/5/11 15:00,17841.0
549015,4/5/11 15:12,15244.0
549016,4/5/11 15:20,16696.0
549017,4/5/11 15:20,15145.0
549018,4/5/11 15:21,17492.0
C549019,4/5/11 15:22,12474.0
549020,4/5/11 15:36,13525.0
549021,4/5/11 16:13,13468.0
549022,4/5/11 16:23,12901.0
549023,4/5/11 16:27,
549026,4/5/11 16:42,17409.0
549027,4/5/11 17:02,17857.0
549028,4/5/11 17:02,
549029,4/5/11 17:03,
549030,4/5/11 17:03,
549031,4/5/11 17:04,
549032,4/5/11 17:06,
549033,4/5/11 17:08,
549034,4/5/11 17:08,
549035,4/5/11 17:09,
549036,4/5/11 17:09,
549037,4/5/11 17:09,
549038,4/5/11 17:10,
C549039,4/5/11 17:16,17675.0
549040,4/5/11 17:22,
C549041,4/5/11 17:22,17644.0
549042,4/5/11 17:24,
549043,4/5/11 17:26,
549044,4/6/11 9:11,16161.0
C549045,4/6/11 9:25,14407.0
549046,4/6/11 10:07,15291.0
549047,4/6/11 10:07,17783.0
549048,4/6/11 10:14,17811.0
C549049,4/6/11 10:15,17677.0
C549050,4/6/11 10:17,13767.0
C549051,4/6/11 10:17,14747.0
549052,4/6/11 10:19,17682.0
549053,4/6/11 10:20,13863.0
549054,4/6/11 10:21,17719.0
549055,4/6/11 10:33,13515.0
549056,4/6/11 10:40,15917.0
549059,4/6/11 10:46,15529.0
C549098,4/6/11 11:06,12481.0
549099,4/6/11 11:07,16241.0
549100,4/6/11 11:14,
549101,4/6/11 11:34,14606.0
549102,4/6/11 11:34,13266.0
549103,4/6/11 11:39,
549104,4/6/11 11:43,15311.0
549105,4/6/11 12:05,17440.0
549106,4/6/11 12:08,17045.0
549107,4/6/11 12:08,17440.0
549115,4/6/11 12:41,13098.0
549116,4/6/11 12:49,16670.0
549117,4/6/11 12:56,13491.0
549118,4/6/11 13:18,14911.0
549119,4/6/11 13:23,14220.0
549120,4/6/11 13:28,14587.0
549121,4/6/11 13:33,17140.0
549122,4/6/11 13:53,
549123,4/6/11 14:02,15201.0
549124,4/6/11 14:03,16672.0
549125,4/6/11 14:13,14964.0
549126,4/6/11 14:23,16031.0
549127,4/6/11 14:23,14403.0
549128,4/6/11 14:25,16713.0
549129,4/6/11 14:53,17042.0
549130,4/6/11 15:02,14701.0
549131,4/6/11 15:07,16378.0
549132,4/6/11 15:22,
549133,4/6/11 15:22,
549134,4/6/11 15:22,
549135,4/6/11 15:23,
549136,4/6/11 15:23,
549137,4/6/11 15:24,
549138,4/6/11 15:25,
549139,4/6/11 15:26,
549140,4/6/11 15:26,
549141,4/6/11 15:26,
549142,4/6/11 15:26,
549143,4/6/11 15:27,
549144,4/6/11 15:28,
549145,4/6/11 15:28,
549146,4/6/11 15:29,
549147,4/6/11 15:30,
549148,4/6/11 15:31,14534.0
549149,4/6/11 15:31,
549150,4/6/11 15:32,
549151,4/6/11 15:33,
549153,4/6/11 15:47,13771.0
549154,4/6/11 16:47,17690.0
549155,4/6/11 17:08,
549156,4/6/11 17:11,
549157,4/6/11 17:13,
549158,4/6/11 17:13,
549159,4/6/11 17:14,
549160,4/6/11 17:15,
549161,4/6/11 17:15,
C549162,4/6/11 17:16,17438.0
549163,4/6/11 17:18,
549164,4/6/11 17:20,
549165,4/6/11 17:20,
549166,4/6/11 17:21,
549167,4/6/11 17:24,
549168,4/6/11 17:24,
549169,4/6/11 17:25,17906.0
549170,4/6/11 17:25,
549171,4/6/11 17:26,
549172,4/6/11 17:27,
549173,4/6/11 17:28,
549174,4/6/11 17:30,
549175,4/6/11 17:30,
549176,4/6/11 17:31,
549177,4/6/11 17:32,
549178,4/6/11 17:33,
549179,4/6/11 17:34,
549180,4/6/11 17:34,
549181,4/7/11 8:58,
549182,4/7/11 9:12,15646.0
549183,4/7/11 9:16,14239.0
C549184,4/7/11 9:28,12428.0
549185,4/7/11 9:35,18272.0
549186,4/7/11 9:39,15838.0
549187,4/7/11 10:09,16144.0
549188,4/7/11 10:10,13731.0
549189,4/7/11 10:11,15235.0
549190,4/7/11 10:13,13748.0
C549191,4/7/11 10:15,16422.0
549192,4/7/11 10:20,14961.0
549193,4/7/11 10:24,12580.0
549196,4/7/11 10:33,14911.0
549206,4/7/11 10:38,15281.0
549222,4/7/11 10:43,12347.0
549225,4/7/11 10:54,13777.0
C549230,4/7/11 10:59,12949.0
549233,4/7/11 11:06,14912.0
549234,4/7/11 11:12,16515.0
549235,4/7/11 11:16,15530.0
549236,4/7/11 11:29,
549237,4/7/11 11:29,13950.0
549238,4/7/11 11:30,14667.0
549239,4/7/11 11:37,13102.0
549240,4/7/11 11:37,15910.0
549241,4/7/11 11:40,15719.0
549242,4/7/11 11:41,14911.0
549243,4/7/11 11:47,16043.0
549244,4/7/11 11:53,
549245,4/7/11 11:59,15005.0
549245,4/7/11 12:00,15005.0
549246,4/7/11 12:02,15939.0
549247,4/7/11 12:04,13752.0
549248,4/7/11 12:04,13892.0
549249,4/7/11 12:04,12423.0
549250,4/7/11 12:10,14446.0
549251,4/7/11 12:16,14449.0
C549252,4/7/11 12:18,16584.0
C549253,4/7/11 12:20,12408.0
C549254,4/7/11 12:21,13769.0
549255,4/7/11 12:23,16209.0
549256,4/7/11 12:24,15754.0
549257,4/7/11 12:29,14465.0
549258,4/7/11 12:30,13102.0
549259,4/7/11 12:33,13712.0
549260,4/7/11 12:34,17790.0
549261,4/7/11 12:35,14903.0
549262,4/7/11 12:38,14465.0
549263,4/7/11 12:39,15800.0
549264,4/7/11 12:45,
549266,4/7/11 12:45,
C549265,4/7/11 12:45,16245.0
549267,4/7/11 12:46,
549268,4/7/11 12:47,
C549269,4/7/11 12:47,16701.0
549270,4/7/11 12:48,
549271,4/7/11 12:48,
549272,4/7/11 12:59,17133.0
549273,4/7/11 13:05,13089.0
549274,4/7/11 13:07,12721.0
549275,4/7/11 13:09,15916.0
549276,4/7/11 13:11,16745.0
549277,4/7/11 13:11,16469.0
549278,4/7/11 13:16,16255.0
549279,4/7/11 13:16,16469.0
549280,4/7/11 13:18,13854.0
549281,4/7/11 13:19,17735.0
549282,4/7/11 13:24,13718.0
549283,4/7/11 13:32,13005.0
549284,4/7/11 13:37,15694.0
549285,4/7/11 13:45,14981.0
549286,4/7/11 18:03,17928.0
549287,4/7/11 18:05,14527.0
C549288,4/7/11 18:06,14527.0
549289,4/7/11 18:09,14395.0
C549290,4/7/11 18:10,14395.0
549291,4/7/11 19:05,16261.0
549292,4/7/11 19:10,17869.0
549293,4/7/11 19:16,17883.0
549294,4/7/11 19:27,13230.0
549295,4/7/11 19:49,
549296,4/8/11 7:37,14619.0
549297,4/8/11 7:49,18061.0
549298,4/8/11 8:20,13015.0
549299,4/8/11 8:20,13995.0
549300,4/8/11 8:21,13362.0
549301,4/8/11 8:24,16643.0
549302,4/8/11 8:25,14246.0
549303,4/8/11 8:27,18040.0
549304,4/8/11 8:39,16133.0
549305,4/8/11 8:40,15189.0
549306,4/8/11 8:48,16837.0
549307,4/8/11 9:08,15119.0
549308,4/8/11 9:13,13767.0
549309,4/8/11 9:15,15114.0
549310,4/8/11 9:20,16325.0
549311,4/8/11 9:25,14924.0
549312,4/8/11 9:26,14217.0
549313,4/8/11 9:45,12393.0
549314,4/8/11 9:50,
C549315,4/8/11 9:51,12949.0
549316,4/8/11 9:54,12705.0
549317,4/8/11 9:58,15109.0
549318,4/8/11 10:01,13911.0
549319,4/8/11 10:09,16623.0
549320,4/8/11 10:14,16010.0
549321,4/8/11 10:19,14243.0
549322,4/8/11 10:20,16558.0
549323,4/8/11 10:26,12999.0
549324,4/8/11 10:32,16045.0
549325,4/8/11 10:32,12717.0
549326,4/8/11 10:45,
549327,4/8/11 10:46,
549328,4/8/11 10:49,
549329,4/8/11 10:49,
549330,4/8/11 10:53,
549331,4/8/11 10:54,
549332,4/8/11 10:55,
549340,4/8/11 11:02,
549342,4/8/11 11:06,
549343,4/8/11 11:07,
549344,4/8/11 11:08,
549345,4/8/11 11:10,
549346,4/8/11 11:10,
549347,4/8/11 11:11,
549348,4/8/11 11:13,
549349,4/8/11 11:13,
549350,4/8/11 11:14,
549351,4/8/11 11:14,
549353,4/8/11 11:21,13962.0
549355,4/8/11 11:21,
549360,4/8/11 11:23,17035.0
549368,4/8/11 11:26,18036.0
549371,4/8/11 11:27,
549372,4/8/11 11:28,14958.0
549373,4/8/11 11:28,
549374,4/8/11 11:29,
549375,4/8/11 11:29,
549376,4/8/11 11:29,
549387,4/8/11 11:33,13178.0
549412,4/8/11 11:43,14258.0
549417,4/8/11 11:44,14258.0
549424,4/8/11 11:50,15367.0
549425,4/8/11 11:54,14030.0
549426,4/8/11 11:55,
549427,4/8/11 11:56,
549428,4/8/11 12:01,15815.0
549429,4/8/11 12:06,17001.0
C549430,4/8/11 12:09,13846.0
549431,4/8/11 12:17,15874.0
549432,4/8/11 12:20,14264.0
549433,4/8/11 12:28,16709.0
549434,4/8/11 12:30,12647.0
549435,4/8/11 12:33,12356.0
549436,4/8/11 12:34,18041.0
C549437,4/8/11 12:37,13005.0
C549438,4/8/11 12:39,12471.0
549439,4/8/11 12:42,13562.0
549440,4/8/11 12:42,17162.0
549441,4/8/11 12:43,17162.0
549442,4/8/11 12:56,16996.0
549443,4/8/11 12:56,15775.0
549444,4/8/11 13:00,16013.0
549445,4/8/11 13:01,17809.0
549446,4/8/11 13:14,17054.0
549447,4/8/11 13:20,17268.0
549448,4/8/11 14:07,13078.0
549449,4/8/11 14:12,14227.0
C549450,4/8/11 14:13,13089.0
549451,4/8/11 14:14,16556.0
C549452,4/8/11 14:17,17940.0
549453,4/8/11 14:18,
549454,4/8/11 14:18,
549455,4/8/11 14:18,
549456,4/8/11 14:19,
549457,4/8/11 14:19,
549458,4/8/11 14:19,
549459,4/8/11 14:20,
549460,4/8/11 14:20,
549461,4/8/11 14:20,
549462,4/8/11 14:21,
549463,4/8/11 14:21,
549464,4/8/11 14:21,
549465,4/8/11 14:22,
549466,4/8/11 14:22,
549467,4/8/11 14:26,13305.0
549468,4/8/11 14:27,17940.0
549470,4/8/11 14:28,
549471,4/8/11 14:39,17389.0
549489,4/8/11 15:05,
549492,4/8/11 15:06,
549494,4/8/11 15:06,
549497,4/8/11 15:06,
549498,4/8/11 15:06,
549500,4/8/11 15:06,
549502,4/8/11 15:07,
549506,4/8/11 15:07,
549510,4/8/11 15:08,
549514,4/8/11 15:09,
549520,4/8/11 15:19,13265.0
549522,4/8/11 15:34,16873.0
549523,4/8/11 15:35,12748.0
549524,4/8/11 15:41,
549524,4/8/11 15:42,
549525,4/8/11 15:44,
549526,4/8/11 15:49,13630.0
549527,4/8/11 16:03,
549528,4/8/11 16:44,
549529,4/8/11 16:56,
C549530,4/8/11 17:03,13863.0
549531,4/8/11 17:05,
C549532,4/8/11 17:07,16217.0
C549533,4/8/11 17:08,12408.0
549534,4/8/11 17:09,
C549535,4/8/11 17:14,14110.0
549536,4/8/11 17:16,
549537,4/8/11 17:22,
549538,4/8/11 17:25,17961.0
549539,4/10/11 10:10,15465.0
C549540,4/10/11 10:12,17114.0
549541,4/10/11 10:16,17268.0
549542,4/10/11 11:11,15311.0
549543,4/10/11 11:14,18118.0
C549544,4/10/11 11:15,15311.0
C549545,4/10/11 11:19,18118.0
549546,4/10/11 11:24,16889.0
549547,4/10/11 11:33,16359.0
549548,4/10/11 11:35,13548.0
C549549,4/10/11 11:37,16359.0
549550,4/10/11 11:45,15038.0
549551,4/10/11 11:48,15955.0
549552,4/10/11 11:58,13508.0
549553,4/10/11 12:22,16931.0
549554,4/10/11 12:36,16779.0
549555,4/10/11 12:52,13606.0
549556,4/10/11 12:53,17372.0
549557,4/10/11 12:59,14450.0
549558,4/10/11 13:21,15058.0
549559,4/10/11 13:25,12447.0
549560,4/10/11 13:26,15058.0
549561,4/10/11 13:36,13570.0
549562,4/10/11 13:48,13232.0
549563,4/10/11 14:02,14030.0
549564,4/10/11 14:16,18129.0
C549565,4/10/11 14:26,13610.0
549566,4/10/11 14:27,13610.0
549567,4/10/11 15:07,13632.0
549568,4/10/11 15:09,15665.0
549569,4/10/11 15:15,15547.0
549570,4/10/11 15:19,17550.0
549571,4/10/11 15:25,15655.0
549572,4/10/11 15:32,17757.0
549573,4/10/11 16:01,14504.0
549574,4/10/11 16:02,18226.0
549575,4/10/11 16:04,13956.0
549576,4/11/11 8:14,17069.0
549577,4/11/11 8:16,14286.0
549578,4/11/11 8:49,17340.0
549579,4/11/11 9:18,15780.0
C549580,4/11/11 9:35,13501.0
549581,4/11/11 9:44,16188.0
C549582,4/11/11 9:45,12656.0
549583,4/11/11 9:46,15214.0
549584,4/11/11 9:47,17574.0
549585,4/11/11 9:54,14616.0
549586,4/11/11 10:00,
549587,4/11/11 10:01,15737.0
549588,4/11/11 10:04,12428.0
549589,4/11/11 10:04,16552.0
549590,4/11/11 10:09,13324.0
549591,4/11/11 10:10,18080.0
549592,4/11/11 10:14,14311.0
549593,4/11/11 10:18,18008.0
549594,4/11/11 10:25,16029.0
549595,4/11/11 10:59,13324.0
549596,4/11/11 11:06,14339.0
549597,4/11/11 11:23,16133.0
549614,4/11/11 11:38,12720.0
549619,4/11/11 11:40,13798.0
549628,4/11/11 11:43,13798.0
549633,4/11/11 11:45,15671.0
549646,4/11/11 11:51,12982.0
549664,4/11/11 12:13,13113.0
549665,4/11/11 12:17,14541.0
C549666,4/11/11 12:17,13113.0
549667,4/11/11 12:20,14911.0
549668,4/11/11 12:21,
549669,4/11/11 12:21,13113.0
549670,4/11/11 12:45,16168.0
549678,4/11/11 12:57,16525.0
549679,4/11/11 12:59,16407.0
549680,4/11/11 13:02,12701.0
549681,4/11/11 13:19,13881.0
549682,4/11/11 13:22,12596.0
549683,4/11/11 13:24,14273.0
549684,4/11/11 13:24,
C549685,4/11/11 13:26,13266.0
C549686,4/11/11 13:26,15646.0
549687,4/11/11 13:29,12363.0
C549688,4/11/11 13:36,15449.0
549689,4/11/11 13:40,15971.0
549690,4/11/11 13:41,17841.0
549691,4/11/11 13:42,13549.0
549693,4/11/11 13:43,14696.0
C549692,4/11/11 13:43,13668.0
549694,4/11/11 13:45,15414.0
549695,4/11/11 13:50,
549696,4/11/11 13:55,13089.0
549705,4/11/11 14:00,13668.0
549711,4/11/11 14:07,13654.0
549712,4/11/11 14:10,
549713,4/11/11 14:11,17611.0
549714,4/11/11 14:13,
549715,4/11/11 14:40,13203.0
549716,4/11/11 14:43,14628.0
549717,4/11/11 14:56,14606.0
549718,4/11/11 15:03,13846.0
549719,4/11/11 15:04,14326.0
549720,4/11/11 15:25,14606.0
549721,4/11/11 15:35,14911.0
549722,4/11/11 15:59,17236.0
C549723,4/11/11 16:05,13995.0
549728,4/11/11 16:15,17799.0
549729,4/11/11 16:17,13634.0
549730,4/11/11 16:35,15867.0
C549731,4/11/11 16:36,13266.0
549732,4/11/11 16:47,15615.0
549733,4/11/11 16:56,17827.0
549734,4/11/11 17:12,16409.0
549735,4/12/11 8:42,13824.0
549736,4/12/11 9:02,13599.0
549737,4/12/11 9:03,13599.0
549738,4/12/11 9:28,
549739,4/12/11 9:35,15935.0
549740,4/12/11 9:49,15981.0
549741,4/12/11 9:53,13655.0
549742,4/12/11 10:01,12910.0
549743,4/12/11 10:05,16186.0
549744,4/12/11 10:30,15240.0
549745,4/12/11 10:33,13577.0
549746,4/12/11 10:38,15251.0
549747,4/12/11 10:41,17428.0
549748,4/12/11 10:42,17428.0
549749,4/12/11 10:45,12928.0
549750,4/12/11 10:48,18109.0
549751,4/12/11 10:58,13089.0
549752,4/12/11 11:01,13089.0
C549753,4/12/11 11:17,13268.0
549754,4/12/11 11:32,13700.0
549755,4/12/11 11:34,16843.0
549756,4/12/11 11:36,14111.0
549771,4/12/11 11:43,14669.0
C549783,4/12/11 11:50,16558.0
549787,4/12/11 11:58,13268.0
C549786,4/12/11 11:58,14071.0
C549788,4/12/11 11:59,13098.0
549789,4/12/11 12:00,17160.0
549790,4/12/11 12:02,16172.0
549813,4/12/11 12:16,17972.0
C549822,4/12/11 12:35,12854.0
C549823,4/12/11 12:40,16875.0
C549824,4/12/11 12:43,15189.0
549825,4/12/11 12:47,12463.0
549826,4/12/11 12:53,15044.0
C549827,4/12/11 12:55,12463.0
549828,4/12/11 12:56,15044.0
549829,4/12/11 12:56,16713.0
549830,4/12/11 13:01,17811.0
549831,4/12/11 13:10,14844.0
549832,4/12/11 13:10,17278.0
549833,4/12/11 13:19,13458.0
549834,4/12/11 13:20,16672.0
549835,4/12/11 13:24,17511.0
549836,4/12/11 13:32,16814.0
549837,4/12/11 13:38,16705.0
549838,4/12/11 13:39,16705.0
549839,4/12/11 13:45,15212.0
C549840,4/12/11 13:51,15189.0
549841,4/12/11 13:52,15189.0
549842,4/12/11 13:55,14738.0
549843,4/12/11 14:04,13157.0
549844,4/12/11 14:17,12854.0
549845,4/12/11 14:22,16729.0
549846,4/12/11 14:30,
549847,4/12/11 14:43,15358.0
549848,4/12/11 14:51,
549849,4/12/11 14:51,
549850,4/12/11 14:58,16168.0
549851,4/12/11 15:08,16062.0
549852,4/12/11 15:08,14289.0
549874,4/12/11 15:23,16919.0
549880,4/12/11 15:30,15932.0
549881,4/12/11 15:30,14032.0
549885,4/12/11 15:32,17204.0
C549895,4/12/11 15:40,16553.0
549896,4/12/11 15:43,
C549897,4/12/11 15:48,15363.0
C549898,4/12/11 16:00,13078.0
C549899,4/12/11 16:07,14961.0
C549900,4/12/11 16:10,17180.0
549901,4/12/11 16:17,17180.0
549902,4/12/11 16:17,14006.0
549903,4/12/11 16:19,17576.0
549904,4/12/11 16:20,17180.0
C549905,4/12/11 16:21,17576.0
549906,4/12/11 16:28,14998.0
549907,4/12/11 16:30,13484.0
C549908,4/12/11 16:39,13324.0
549909,4/12/11 16:43,15777.0
549910,4/12/11 17:12,16697.0
549911,4/13/11 8:26,14060.0
C549912,4/13/11 9:02,15737.0
C549913,4/13/11 9:02,14267.0
549914,4/13/11 9:32,14931.0
549915,4/13/11 9:32,18231.0
549916,4/13/11 9:39,13717.0
549917,4/13/11 9:42,16607.0
549918,4/13/11 9:48,17017.0
C549919,4/13/11 9:50,15201.0
549920,4/13/11 9:52,18236.0
C549921,4/13/11 9:53,15109.0
C549922,4/13/11 9:55,15674.0
549923,4/13/11 9:59,13138.0
549924,4/13/11 10:10,16837.0
549925,4/13/11 10:12,16333.0
549926,4/13/11 10:14,16333.0
549927,4/13/11 10:19,16684.0
549928,4/13/11 10:20,16684.0
549929,4/13/11 10:32,13740.0
C549930,4/13/11 10:36,16454.0
549932,4/13/11 10:40,13534.0
C549931,4/13/11 10:40,
549933,4/13/11 11:04,15230.0
549934,4/13/11 11:05,15134.0
549935,4/13/11 11:16,
549936,4/13/11 11:29,15465.0
549937,4/13/11 11:40,15046.0
549938,4/13/11 11:42,13199.0
549939,4/13/11 11:46,16309.0
549940,4/13/11 11:48,13694.0
549941,4/13/11 11:53,13694.0
549942,4/13/11 12:04,12971.0
549943,4/13/11 12:09,13544.0
549944,4/13/11 12:23,14262.0
C549945,4/13/11 12:39,18270.0
549946,4/13/11 12:44,17819.0
549947,4/13/11 12:47,18260.0
549948,4/13/11 12:55,
549949,4/13/11 12:57,13208.0
549950,4/13/11 12:57,
549951,4/13/11 12:57,13134.0
549952,4/13/11 13:05,
549953,4/13/11 13:15,12766.0
549954,4/13/11 13:25,13700.0
C549955,4/13/11 13:38,12359.0
549956,4/13/11 13:42,14898.0
549957,4/13/11 13:45,13539.0
549958,4/13/11 13:47,17589.0
549959,4/13/11 13:47,16097.0
C549960,4/13/11 13:49,16652.0
549961,4/13/11 13:51,16652.0
C549962,4/13/11 13:51,16652.0
549964,4/13/11 14:12,13122.0
549965,4/13/11 14:17,16966.0
549966,4/13/11 14:17,16224.0
549967,4/13/11 14:21,17873.0
549969,4/13/11 14:24,13408.0
C549968,4/13/11 14:24,14064.0
549970,4/13/11 14:25,15026.0
549971,4/13/11 14:25,13408.0
549972,4/13/11 14:27,13408.0
C549973,4/13/11 14:30,17873.0
549974,4/13/11 14:31,17746.0
549975,4/13/11 14:38,16175.0
549976,4/13/11 14:39,15855.0
549977,4/13/11 14:54,14810.0
549978,4/13/11 15:00,14834.0
549979,4/13/11 15:06,17511.0
549980,4/13/11 15:36,14062.0
549981,4/13/11 15:49,16348.0
549982,4/13/11 15:52,17091.0
549983,4/13/11 15:55,16348.0
549984,4/13/11 15:57,15147.0
549985,4/13/11 15:58,15640.0
C549986,4/13/11 16:03,18178.0
C549987,4/13/11 16:06,14367.0
549988,4/13/11 16:43,14367.0
549989,4/13/11 16:58,13221.0
549990,4/13/11 17:31,16678.0
549991,4/14/11 8:13,18229.0
549992,4/14/11 8:14,17669.0
549993,4/14/11 8:26,14057.0
549994,4/14/11 8:27,14057.0
549995,4/14/11 8:32,16131.0
549996,4/14/11 8:45,15189.0
549997,4/14/11 8:46,15189.0
549998,4/14/11 8:49,17675.0
549999,4/14/11 9:09,15813.0
550000,4/14/11 9:18,17058.0
550001,4/14/11 9:28,17704.0
550002,4/14/11 9:30,12709.0
550003,4/14/11 9:43,14428.0
550004,4/14/11 9:56,12569.0
550005,4/14/11 9:58,17677.0
550006,4/14/11 10:10,17841.0
550007,4/14/11 10:13,15125.0
550008,4/14/11 10:17,15570.0
C550009,4/14/11 10:24,16422.0
C550010,4/14/11 10:29,15299.0
550011,4/14/11 10:40,
550012,4/14/11 10:42,
C550013,4/14/11 10:49,12982.0
C550014,4/14/11 10:52,16133.0
550015,4/14/11 10:54,17735.0
550016,4/14/11 10:54,15416.0
550017,4/14/11 11:07,17865.0
550025,4/14/11 11:19,17315.0
C550024,4/14/11 11:19,13089.0
C550026,4/14/11 11:22,14339.0
C550027,4/14/11 11:26,14195.0
C550028,4/14/11 11:26,14606.0
C550029,4/14/11 11:27,13539.0
550030,4/14/11 11:28,17315.0
550031,4/14/11 11:32,13629.0
550032,4/14/11 11:39,15139.0
550033,4/14/11 11:45,15005.0
550034,4/14/11 11:48,16187.0
550035,4/14/11 11:48,15039.0
550052,4/14/11 12:00,17068.0
550054,4/14/11 12:00,14040.0
550057,4/14/11 12:01,14606.0
550071,4/14/11 12:12,16735.0
C550099,4/14/11 12:28,16933.0
550106,4/14/11 12:31,13772.0
550120,4/14/11 12:35,17071.0
550121,4/14/11 12:38,15271.0
550122,4/14/11 12:39,12931.0
550123,4/14/11 12:39,
550124,4/14/11 12:41,12853.0
550125,4/14/11 12:42,13317.0
550126,4/14/11 12:43,12853.0
C550127,4/14/11 13:12,15212.0
550128,4/14/11 13:13,
550129,4/14/11 13:17,13001.0
550130,4/14/11 13:17,14390.0
550131,4/14/11 13:27,15935.0
550132,4/14/11 13:33,16933.0
550133,4/14/11 13:49,
550134,4/14/11 13:50,16249.0
550135,4/14/11 13:52,15769.0
550136,4/14/11 13:56,16957.0
550137,4/14/11 13:59,12477.0
550138,4/14/11 14:02,12841.0
550144,4/14/11 14:14,16520.0
550145,4/14/11 14:15,12637.0
C550147,4/14/11 14:23,12637.0
550148,4/14/11 14:36,16882.0
550149,4/14/11 14:37,13069.0
550150,4/14/11 14:39,15230.0
550151,4/14/11 14:41,13089.0
550152,4/14/11 14:43,17362.0
550153,4/14/11 14:44,
550154,4/14/11 14:45,13069.0
550155,4/14/11 14:54,14198.0
550156,4/14/11 15:02,17381.0
550157,4/14/11 15:26,16393.0
550158,4/14/11 15:39,13989.0
550159,4/14/11 15:46,14062.0
550160,4/14/11 15:46,17930.0
550161,4/14/11 15:58,14154.0
550162,4/14/11 16:23,12569.0
550163,4/14/11 16:26,14154.0
550164,4/14/11 16:31,13590.0
C550165,4/14/11 16:34,15358.0
550167,4/14/11 16:38,14206.0
550169,4/14/11 16:41,14482.0
C550168,4/14/11 16:41,14339.0
C550170,4/14/11 16:43,17017.0
C550171,4/14/11 16:53,12585.0
C550172,4/14/11 16:54,17440.0
550173,4/14/11 16:58,15235.0
C550174,4/14/11 17:07,16394.0
C550176,4/14/11 17:13,14619.0
C550177,4/14/11 17:17,13534.0
550178,4/14/11 17:25,12662.0
550179,4/14/11 17:29,15220.0
550180,4/14/11 17:33,14163.0
C550181,4/14/11 17:43,13069.0
550182,4/14/11 17:44,18198.0
550183,4/14/11 17:58,14105.0
550184,4/14/11 18:02,17601.0
550185,4/14/11 18:22,17142.0
550186,4/14/11 18:28,14051.0
550187,4/14/11 18:40,13811.0
550188,4/14/11 18:57,12457.0
550189,4/14/11 19:15,13230.0
550190,4/14/11 19:16,15135.0
550191,4/14/11 19:59,16806.0
550192,4/15/11 8:45,12582.0
550193,4/15/11 9:27,13952.0
550194,4/15/11 9:43,15270.0
C550195,4/15/11 9:55,14796.0
550196,4/15/11 10:09,14796.0
550197,4/15/11 10:14,15581.0
550198,4/15/11 10:19,13120.0
550199,4/15/11 10:20,16523.0
550200,4/15/11 10:21,16523.0
550201,4/15/11 10:25,12769.0
550202,4/15/11 10:27,13090.0
550203,4/15/11 10:37,
550204,4/15/11 10:37,
550205,4/15/11 10:37,
550206,4/15/11 10:38,
550207,4/15/11 10:38,
550208,4/15/11 10:39,
550209,4/15/11 10:39,
550210,4/15/11 10:40,
550211,4/15/11 10:41,
550212,4/15/11 10:41,
550213,4/15/11 10:42,
550214,4/15/11 10:43,
550215,4/15/11 10:43,
550216,4/15/11 11:06,13516.0
550218,4/15/11 11:15,14408.0
550242,4/15/11 11:31,13117.0
550249,4/15/11 11:35,
550250,4/15/11 11:36,18171.0
550251,4/15/11 11:44,14323.0
550255,4/15/11 11:47,13468.0
550264,4/15/11 12:05,13426.0
550265,4/15/11 12:10,17572.0
550272,4/15/11 12:14,18079.0
550274,4/15/11 12:23,15498.0
550275,4/15/11 12:35,13993.0
550276,4/15/11 12:48,12989.0
550277,4/15/11 12:48,12639.0
550278,4/15/11 13:15,
550279,4/15/11 13:16,14700.0
550280,4/15/11 13:31,13048.0
550281,4/15/11 13:48,12457.0
550282,4/15/11 13:56,16686.0
550283,4/15/11 14:05,18094.0
550284,4/15/11 14:10,12383.0
550285,4/15/11 14:14,15249.0
550286,4/15/11 14:14,15027.0
550287,4/15/11 14:15,14211.0
550288,4/15/11 14:21,17367.0
550289,4/15/11 14:32,13880.0
550290,4/15/11 14:45,15246.0
550291,4/15/11 15:17,13720.0
550292,4/15/11 15:31,14527.0
550296,4/15/11 15:54,13742.0
550297,4/15/11 15:58,14056.0
550298,4/15/11 16:11,17346.0
550299,4/15/11 16:46,17389.0
C550300,4/17/11 10:10,17243.0
550301,4/17/11 10:15,17243.0
550302,4/17/11 10:17,14156.0
550303,4/17/11 10:21,18213.0
550304,4/17/11 10:27,14092.0
550305,4/17/11 10:27,17920.0
C550306,4/17/11 10:38,16905.0
550307,4/17/11 10:56,13854.0
550308,4/17/11 10:57,17029.0
550309,4/17/11 10:59,13220.0
550310,4/17/11 11:04,15985.0
550311,4/17/11 11:04,16728.0
550312,4/17/11 11:18,13089.0
550313,4/17/11 11:21,12681.0
550314,4/17/11 11:30,16905.0
550315,4/17/11 11:44,17990.0
550316,4/17/11 11:45,16193.0
550317,4/17/11 11:56,15172.0
550318,4/17/11 12:25,16085.0
550319,4/17/11 12:37,14524.0
550320,4/17/11 12:37,12748.0
550320,4/17/11 12:38,12748.0
550321,4/17/11 12:49,16770.0
550322,4/17/11 12:53,14524.0
550323,4/17/11 12:57,13692.0
550324,4/17/11 13:02,12997.0
550325,4/17/11 13:04,15745.0
550326,4/17/11 13:05,14532.0
550327,4/17/11 13:07,12878.0
550328,4/17/11 13:18,17582.0
550329,4/17/11 13:20,13951.0
550330,4/17/11 13:27,15827.0
550331,4/17/11 13:43,15555.0
550332,4/17/11 13:53,13474.0
550333,4/17/11 14:05,15410.0
550333,4/17/11 14:06,15410.0
550334,4/17/11 14:09,17320.0
550335,4/17/11 14:36,15535.0
550336,4/17/11 14:55,13089.0
550337,4/17/11 15:29,18037.0
550338,4/17/11 15:33,12413.0
550339,4/17/11 15:40,17697.0
550340,4/17/11 15:53,13695.0
550341,4/17/11 15:53,13018.0
550342,4/17/11 15:55,13018.0
550343,4/17/11 15:56,12971.0
550344,4/18/11 9:00,12754.0
550345,4/18/11 9:06,15304.0
550346,4/18/11 9:31,16639.0
550347,4/18/11 9:33,14227.0
550348,4/18/11 9:38,16947.0
C550349,4/18/11 9:39,15973.0
550350,4/18/11 10:04,15491.0
550351,4/18/11 10:20,15491.0
550352,4/18/11 10:21,16719.0
550354,4/18/11 10:28,13811.0
C550353,4/18/11 10:29,17841.0
C550355,4/18/11 10:29,13811.0
C550356,4/18/11 10:34,13458.0
550357,4/18/11 10:35,16617.0
C550358,4/18/11 10:37,13113.0
550359,4/18/11 10:41,17841.0
550360,4/18/11 10:55,14978.0
550361,4/18/11 11:10,13082.0
550362,4/18/11 11:13,13113.0
C550363,4/18/11 11:20,16033.0
550364,4/18/11 11:29,16713.0
C550365,4/18/11 11:31,12731.0
550377,4/18/11 11:45,13082.0
550389,4/18/11 11:53,17284.0
550408,4/18/11 11:59,16746.0
C550423,4/18/11 12:06,14403.0
550437,4/18/11 12:14,16923.0
550438,4/18/11 12:16,15265.0
550439,4/18/11 12:17,18231.0
550440,4/18/11 12:25,12407.0
C550442,4/18/11 12:28,16550.0
550446,4/18/11 12:36,13871.0
550447,4/18/11 12:36,16033.0
550448,4/18/11 12:42,16746.0
550449,4/18/11 12:45,15199.0
550450,4/18/11 12:47,15615.0
C550451,4/18/11 12:55,17204.0
550452,4/18/11 12:56,14525.0
550453,4/18/11 12:58,16226.0
C550454,4/18/11 13:00,15615.0
C550455,4/18/11 13:02,13098.0
C550456,4/18/11 13:08,15749.0
550457,4/18/11 13:12,13798.0
550458,4/18/11 13:13,
550459,4/18/11 13:17,18116.0
550460,4/18/11 13:18,
550461,4/18/11 13:20,15749.0
550462,4/18/11 13:22,16458.0
C550463,4/18/11 13:28,13157.0
550464,4/18/11 13:30,16550.0
550465,4/18/11 13:31,16217.0
C550466,4/18/11 13:34,14032.0
550467,4/18/11 13:36,18009.0
550468,4/18/11 13:43,16700.0
550469,4/18/11 13:46,16399.0
550470,4/18/11 13:49,
550471,4/18/11 13:52,
C550472,4/18/11 13:52,18009.0
550473,4/18/11 13:54,14623.0
550474,4/18/11 13:58,
C550475,4/18/11 13:59,13798.0
550476,4/18/11 14:00,15769.0
550477,4/18/11 14:01,17338.0
550478,4/18/11 14:01,15755.0
550479,4/18/11 14:01,15625.0
550480,4/18/11 14:05,13069.0
550481,4/18/11 14:08,17634.0
550483,4/18/11 14:12,16033.0
C550482,4/18/11 14:12,17204.0
C550484,4/18/11 14:14,16933.0
C550485,4/18/11 14:15,13317.0
C550486,4/18/11 14:16,16735.0
550487,4/18/11 14:21,18219.0
550488,4/18/11 14:27,16729.0
C550489,4/18/11 14:30,16033.0
550490,4/18/11 14:32,17054.0
550491,4/18/11 14:37,16033.0
550492,4/18/11 14:44,14180.0
550493,4/18/11 14:50,15311.0
C550494,4/18/11 14:54,15311.0
550495,4/18/11 15:00,13769.0
550496,4/18/11 15:05,
550497,4/18/11 15:08,18064.0
550498,4/18/11 15:14,14692.0
550499,4/18/11 15:16,
550500,4/18/11 15:26,
550501,4/18/11 15:28,
550502,4/18/11 15:29,
550503,4/18/11 15:31,15508.0
550504,4/18/11 15:43,16654.0
C550511,4/18/11 16:25,13798.0
550512,4/18/11 16:31,18069.0
550513,4/18/11 16:37,16928.0
550514,4/18/11 16:49,14631.0
550515,4/18/11 17:29,14502.0
550516,4/18/11 17:32,14502.0
550517,4/19/11 8:17,14352.0
550518,4/19/11 8:55,16628.0
550519,4/19/11 9:31,13141.0
550520,4/19/11 9:43,16170.0
550521,4/19/11 9:49,13647.0
550522,4/19/11 10:04,12947.0
550523,4/19/11 10:08,15594.0
550524,4/19/11 10:08,16422.0
550525,4/19/11 10:19,14672.0
550526,4/19/11 10:40,14309.0
550527,4/19/11 10:48,12476.0
550528,4/19/11 10:49,17663.0
C550529,4/19/11 10:49,18102.0
C550530,4/19/11 10:52,13082.0
550531,4/19/11 10:59,13199.0
550532,4/19/11 11:02,14606.0
C550533,4/19/11 11:03,17071.0
C550534,4/19/11 11:08,14326.0
550535,4/19/11 11:19,14211.0
C550536,4/19/11 11:20,16325.0
C550537,4/19/11 11:25,15932.0
C550538,4/19/11 11:26,17746.0
550539,4/19/11 11:27,13479.0
C550540,4/19/11 11:31,14339.0
550541,4/19/11 11:33,
550542,4/19/11 11:37,
550560,4/19/11 11:46,14242.0
550579,4/19/11 11:52,13266.0
550606,4/19/11 12:08,12594.0
550607,4/19/11 12:17,16919.0
550608,4/19/11 12:19,12901.0
C550609,4/19/11 12:21,14502.0
550610,4/19/11 12:22,14502.0
C550611,4/19/11 12:23,12569.0
550612,4/19/11 12:26,14662.0
550613,4/19/11 12:26,16180.0
C550614,4/19/11 12:40,13735.0
550615,4/19/11 12:41,16730.0
550616,4/19/11 12:59,15140.0
550617,4/19/11 13:03,13376.0
550618,4/19/11 13:09,14156.0
550619,4/19/11 13:21,15717.0
550620,4/19/11 13:39,12585.0
550621,4/19/11 13:41,13263.0
550622,4/19/11 13:49,13735.0
550623,4/19/11 13:56,13719.0
550624,4/19/11 13:57,14201.0
550625,4/19/11 14:02,12619.0
550626,4/19/11 14:23,13184.0
550627,4/19/11 14:36,16633.0
550628,4/19/11 14:37,13101.0
550629,4/19/11 14:48,13782.0
550630,4/19/11 14:49,14298.0
550631,4/19/11 14:51,15225.0
550632,4/19/11 14:56,16907.0
550633,4/19/11 14:57,17449.0
550634,4/19/11 15:02,14298.0
550635,4/19/11 15:20,18173.0
550636,4/19/11 15:37,
550637,4/19/11 15:39,14415.0
550638,4/19/11 15:44,
550639,4/19/11 15:46,14152.0
550640,4/19/11 15:51,
550641,4/19/11 15:53,
550641,4/19/11 15:54,
C550642,4/19/11 16:09,15027.0
550643,4/19/11 16:14,18116.0
550644,4/19/11 16:19,12733.0
550645,4/19/11 16:30,16098.0
550645,4/19/11 16:31,16098.0
C550646,4/19/11 16:32,16873.0
C550647,4/19/11 16:33,13134.0
C550648,4/19/11 16:36,13134.0
550649,4/19/11 16:37,13134.0
C550650,4/19/11 16:39,18171.0
550651,4/19/11 16:52,15436.0
550655,4/19/11 17:19,17217.0
550656,4/20/11 8:07,17652.0
550657,4/20/11 8:24,18198.0
550658,4/20/11 9:01,13576.0
550659,4/20/11 9:02,17730.0
550660,4/20/11 9:03,15179.0
550661,4/20/11 9:20,12656.0
550662,4/20/11 9:29,15078.0
550663,4/20/11 9:30,15078.0
550665,4/20/11 9:31,12530.0
C550664,4/20/11 9:31,16923.0
550666,4/20/11 9:35,17719.0
550667,4/20/11 9:48,13027.0
C550668,4/20/11 9:49,12457.0
550669,4/20/11 10:04,16837.0
550670,4/20/11 10:04,17734.0
550671,4/20/11 10:10,12457.0
C550672,4/20/11 10:10,12457.0
550673,4/20/11 10:28,12971.0
550674,4/20/11 10:29,12971.0
550675,4/20/11 10:39,15260.0
550701,4/20/11 10:48,14905.0
C550709,4/20/11 10:53,12997.0
550710,4/20/11 11:05,17450.0
550711,4/20/11 11:06,18102.0
550712,4/20/11 11:06,15159.0
550713,4/20/11 11:11,15159.0
550714,4/20/11 11:12,15249.0
550723,4/20/11 11:19,17454.0
550740,4/20/11 11:33,
550750,4/20/11 11:45,13632.0
C550751,4/20/11 11:48,15465.0
C550752,4/20/11 11:49,13089.0
550753,4/20/11 11:53,
550754,4/20/11 11:57,15465.0
550755,4/20/11 12:01,17548.0
550756,4/20/11 12:02,14148.0
550757,4/20/11 12:08,
550758,4/20/11 12:09,
550759,4/20/11 12:09,
550760,4/20/11 12:09,
550761,4/20/11 12:10,
550762,4/20/11 12:10,
550763,4/20/11 12:11,
550764,4/20/11 12:26,14527.0
550765,4/20/11 12:28,16103.0
550766,4/20/11 12:30,17463.0
550767,4/20/11 12:32,14776.0
550768,4/20/11 12:44,15039.0
550769,4/20/11 12:56,15984.0
C550770,4/20/11 12:59,17856.0
C550771,4/20/11 13:11,17856.0
550772,4/20/11 13:13,17856.0
550773,4/20/11 13:15,17567.0
550774,4/20/11 13:18,14626.0
550775,4/20/11 13:18,15805.0
550776,4/20/11 13:19,15805.0
550777,4/20/11 13:35,16558.0
550778,4/20/11 13:36,14868.0
550779,4/20/11 13:36,17511.0
C550780,4/20/11 13:39,17211.0
550781,4/20/11 13:43,13097.0
550782,4/20/11 13:55,18246.0
550783,4/20/11 13:58,13485.0
550784,4/20/11 13:59,13269.0
550785,4/20/11 14:02,15517.0
550786,4/20/11 14:06,16672.0
C550787,4/20/11 14:08,17450.0
550796,4/20/11 14:38,17211.0
550797,4/20/11 14:40,12901.0
550798,4/20/11 14:41,15290.0
550799,4/20/11 14:46,17115.0
550800,4/20/11 14:48,
550801,4/20/11 15:04,17402.0
550802,4/20/11 15:21,17120.0
550803,4/20/11 15:25,18177.0
550804,4/20/11 15:32,16676.0
550805,4/20/11 15:38,13162.0
550806,4/20/11 15:44,14334.0
C550807,4/20/11 15:56,13717.0
C550808,4/20/11 15:57,14323.0
C550809,4/20/11 15:58,14189.0
C550810,4/20/11 15:58,15135.0
550811,4/20/11 16:04,16011.0
C550812,4/20/11 16:28,15655.0
C550814,4/20/11 16:41,16611.0
550815,4/20/11 16:42,
550817,4/20/11 17:00,17946.0
550818,4/20/11 17:10,15912.0
550819,4/20/11 17:37,17530.0
550820,4/21/11 8:43,13148.0
550821,4/21/11 8:54,12506.0
550822,4/21/11 9:26,14001.0
550823,4/21/11 9:36,16133.0
550824,4/21/11 10:00,18177.0
C550825,4/21/11 10:00,18177.0
550826,4/21/11 10:12,17158.0
550827,4/21/11 10:16,12670.0
550828,4/21/11 10:19,17315.0
550829,4/21/11 10:19,17841.0
550830,4/21/11 10:29,13534.0
550831,4/21/11 10:29,13534.0
550832,4/21/11 10:31,17588.0
550833,4/21/11 10:48,15860.0
550834,4/21/11 10:51,14730.0
550835,4/21/11 10:52,15034.0
550836,4/21/11 10:55,14759.0
550837,4/21/11 11:03,15034.0
550838,4/21/11 11:31,14577.0
550885,4/21/11 11:59,16185.0
550890,4/21/11 12:00,14711.0
550898,4/21/11 12:07,
550899,4/21/11 12:07,13505.0
550900,4/21/11 12:11,16553.0
550901,4/21/11 12:12,13389.0
550906,4/21/11 12:34,14298.0
550907,4/21/11 12:35,13798.0
550908,4/21/11 12:39,
550911,4/21/11 13:11,12354.0
550912,4/21/11 13:17,13267.0
550913,4/21/11 13:22,17631.0
550914,4/21/11 13:29,17061.0
550915,4/21/11 13:30,13263.0
550916,4/21/11 13:39,17718.0
550917,4/21/11 13:40,17381.0
550918,4/21/11 14:03,17630.0
550919,4/21/11 14:06,14735.0
550920,4/21/11 14:07,14735.0
550921,4/21/11 14:21,14770.0
550922,4/21/11 14:29,
550923,4/21/11 14:30,13748.0
550924,4/21/11 14:33,12664.0
550925,4/21/11 14:37,17061.0
550926,4/21/11 14:39,
550927,4/21/11 14:40,
550928,4/21/11 14:41,
550929,4/21/11 14:41,
550930,4/21/11 14:41,
550931,4/21/11 14:59,
C550932,4/21/11 15:12,
C550933,4/21/11 15:13,
550934,4/21/11 15:15,16163.0
550936,4/21/11 15:15,13495.0
C550935,4/21/11 15:15,
550937,4/21/11 15:16,13223.0
550938,4/21/11 15:16,16019.0
550939,4/21/11 15:25,16146.0
550940,4/21/11 15:26,18008.0
550941,4/21/11 15:46,17109.0
550942,4/21/11 15:51,16587.0
550943,4/21/11 15:51,
550944,4/21/11 15:51,17109.0
550945,4/21/11 15:52,
550946,4/21/11 15:52,12708.0
550947,4/21/11 15:55,
550948,4/21/11 15:56,
550949,4/21/11 16:01,17961.0
550950,4/21/11 16:14,
550951,4/21/11 16:15,
550952,4/21/11 16:16,
550953,4/21/11 16:17,
550954,4/21/11 16:18,
550955,4/21/11 16:26,14189.0
550956,4/21/11 16:37,17179.0
550957,4/21/11 16:37,18283.0
550958,4/21/11 16:37,15281.0
C550959,4/21/11 16:38,15594.0
550960,4/21/11 16:39,12622.0
C550961,4/21/11 16:40,14428.0
C550962,4/21/11 16:42,14834.0
550963,4/21/11 16:46,
550964,4/21/11 16:48,15856.0
550965,4/21/11 16:53,16750.0
C550966,4/21/11 16:57,17663.0
550967,4/21/11 16:58,12971.0
550968,4/21/11 16:59,14961.0
C550969,4/21/11 17:00,14152.0
550970,4/21/11 17:02,
550971,4/21/11 17:03,13482.0
550972,4/21/11 17:05,14031.0
550973,4/21/11 17:06,14031.0
550974,4/21/11 17:10,13862.0
550975,4/21/11 17:28,
550976,4/21/11 17:28,
550977,4/21/11 17:29,
550978,4/21/11 17:31,13983.0
550979,4/21/11 17:31,
550980,4/21/11 17:31,
550981,4/21/11 17:32,
550982,4/21/11 17:33,
550983,4/21/11 17:34,
550984,4/21/11 17:35,
550985,4/21/11 17:40,
550986,4/21/11 18:06,
550987,4/21/11 18:10,
550988,4/21/11 18:10,14231.0
550989,4/21/11 18:22,13969.0
550990,4/21/11 18:31,16553.0
550991,4/21/11 18:59,14060.0
550992,4/21/11 19:05,14512.0
550993,4/21/11 19:51,15810.0
550994,4/21/11 19:55,14562.0
550995,4/26/11 8:33,16722.0
550996,4/26/11 8:57,16681.0
550997,4/26/11 9:04,17735.0
550998,4/26/11 9:12,12414.0
550999,4/26/11 9:12,17670.0
551000,4/26/11 9:15,18172.0
551001,4/26/11 9:31,13408.0
551002,4/26/11 9:37,16834.0
551003,4/26/11 9:44,16456.0
551004,4/26/11 9:48,
551005,4/26/11 9:48,
551006,4/26/11 9:48,
551007,4/26/11 9:49,
551008,4/26/11 9:50,
551009,4/26/11 9:50,
551010,4/26/11 9:52,
551011,4/26/11 10:23,17090.0
551012,4/26/11 10:32,
551013,4/26/11 10:54,15108.0
551014,4/26/11 11:04,13209.0
C551015,4/26/11 11:06,12753.0
551016,4/26/11 11:09,17975.0
C551017,4/26/11 11:16,17975.0
551019,4/26/11 11:19,
551020,4/26/11 11:19,
C551018,4/26/11 11:19,12705.0
551021,4/26/11 11:25,13798.0
551028,4/26/11 11:30,13842.0
551033,4/26/11 11:32,15039.0
551035,4/26/11 11:34,15065.0
551054,4/26/11 11:44,12429.0
551055,4/26/11 11:51,15903.0
551056,4/26/11 11:51,16442.0
551057,4/26/11 11:59,16942.0
551058,4/26/11 12:07,14606.0
551059,4/26/11 12:08,13668.0
551060,4/26/11 12:12,16356.0
C551061,4/26/11 12:13,16356.0
551062,4/26/11 12:16,18092.0
551085,4/26/11 12:29,14854.0
551088,4/26/11 12:31,14640.0
551124,4/26/11 12:47,15738.0
551125,4/26/11 12:47,17277.0
551126,4/26/11 12:47,
551133,4/26/11 13:00,16656.0
551134,4/26/11 13:02,16729.0
551135,4/26/11 13:04,16729.0
551136,4/26/11 13:05,15301.0
551137,4/26/11 13:05,15581.0
551138,4/26/11 13:06,17061.0
C551139,4/26/11 13:10,17061.0
C551140,4/26/11 13:11,17613.0
551141,4/26/11 13:12,17061.0
551142,4/26/11 13:22,17613.0
551143,4/26/11 13:25,13092.0
551144,4/26/11 13:36,13695.0
551145,4/26/11 13:37,16168.0
551146,4/26/11 13:45,13199.0
551147,4/26/11 14:07,14210.0
551148,4/26/11 14:12,15939.0
551149,4/26/11 14:19,13184.0
551150,4/26/11 14:37,18144.0
551151,4/26/11 14:38,18144.0
551152,4/26/11 14:47,13230.0
551158,4/26/11 15:00,16823.0
551159,4/26/11 15:02,16203.0
551160,4/26/11 15:04,15237.0
551161,4/26/11 15:26,18183.0
551162,4/26/11 15:45,12901.0
551163,4/26/11 15:52,12573.0
551164,4/26/11 15:56,17262.0
551165,4/26/11 15:58,17262.0
551166,4/26/11 16:01,17857.0
C551167,4/26/11 16:02,14211.0
551168,4/26/11 16:06,
551170,4/26/11 16:40,15145.0
551171,4/26/11 16:45,13263.0
551172,4/26/11 16:53,17854.0
551173,4/26/11 16:54,
551174,4/26/11 17:02,
C551175,4/26/11 17:17,14329.0
551176,4/26/11 17:18,
551177,4/26/11 17:20,
C551178,4/26/11 17:26,15805.0
C551179,4/26/11 17:29,16422.0
C551180,4/26/11 17:32,14586.0
551181,4/27/11 8:17,13089.0
551182,4/27/11 8:43,14282.0
551183,4/27/11 8:59,17692.0
551184,4/27/11 9:03,18220.0
551185,4/27/11 9:21,16103.0
551186,4/27/11 10:01,17857.0
551187,4/27/11 10:02,14911.0
551188,4/27/11 10:03,15898.0
551189,4/27/11 10:04,16029.0
C551190,4/27/11 10:22,17940.0
551191,4/27/11 10:52,16698.0
551192,4/27/11 10:54,16188.0
551193,4/27/11 11:05,17954.0
551194,4/27/11 11:12,14606.0
C551195,4/27/11 11:25,13113.0
551197,4/27/11 11:26,14078.0
551198,4/27/11 11:26,13694.0
C551196,4/27/11 11:26,17069.0
551199,4/27/11 11:30,13018.0
551200,4/27/11 11:32,17069.0
551201,4/27/11 11:33,
551202,4/27/11 11:33,17436.0
551211,4/27/11 11:40,13113.0
551218,4/27/11 11:41,18077.0
551234,4/27/11 11:47,17450.0
551240,4/27/11 11:48,
551243,4/27/11 11:49,
551247,4/27/11 11:56,15640.0
551250,4/27/11 12:00,17841.0
551258,4/27/11 12:02,12621.0
551259,4/27/11 12:04,17949.0
551262,4/27/11 12:05,14527.0
C551265,4/27/11 12:06,14527.0
551268,4/27/11 12:08,16965.0
551269,4/27/11 12:21,12840.0
551270,4/27/11 12:35,15891.0
551271,4/27/11 12:39,17187.0
551272,4/27/11 12:49,17530.0
551273,4/27/11 12:50,14051.0
551274,4/27/11 12:57,14235.0
551275,4/27/11 13:03,13285.0
551276,4/27/11 13:06,16016.0
551277,4/27/11 13:06,13637.0
551278,4/27/11 13:13,12483.0
551279,4/27/11 13:19,16013.0
551280,4/27/11 13:31,16016.0
551281,4/27/11 13:31,13571.0
551282,4/27/11 13:44,16919.0
551283,4/27/11 14:01,16755.0
551284,4/27/11 14:05,15005.0
C551285,4/27/11 14:07,15005.0
551286,4/27/11 14:16,13767.0
551287,4/27/11 14:17,17961.0
551288,4/27/11 14:17,13767.0
551289,4/27/11 14:18,18226.0
551290,4/27/11 14:25,13854.0
551291,4/27/11 14:26,14298.0
551292,4/27/11 14:27,14298.0
551293,4/27/11 14:28,14298.0
551294,4/27/11 14:43,13468.0
551299,4/27/11 14:48,17530.0
551301,4/27/11 14:49,17675.0
551302,4/27/11 14:55,
551304,4/27/11 14:56,
551305,4/27/11 14:58,16145.0
551314,4/27/11 15:07,16333.0
551315,4/27/11 15:08,17725.0
C551316,4/27/11 15:12,15220.0
551317,4/27/11 15:22,
551318,4/27/11 15:25,
551319,4/27/11 15:25,
551320,4/27/11 15:25,
551321,4/27/11 15:26,
551322,4/27/11 15:28,
551323,4/27/11 15:31,
551324,4/27/11 15:47,
551325,4/27/11 15:49,
551326,4/27/11 15:51,
551327,4/27/11 16:01,
551328,4/27/11 16:08,
C551329,4/27/11 16:13,14626.0
C551330,4/27/11 16:17,17115.0
C551331,4/27/11 16:19,16398.0
551332,4/27/11 16:23,13078.0
C551333,4/27/11 16:28,12681.0
551334,4/27/11 16:39,17991.0
C551335,4/27/11 16:44,14198.0
C551336,4/27/11 16:53,13993.0
551337,4/27/11 16:54,16418.0
551338,4/27/11 17:03,15581.0
551339,4/27/11 17:18,
551340,4/27/11 17:23,
551341,4/28/11 7:52,15189.0
551342,4/28/11 8:34,16099.0
551343,4/28/11 8:57,16187.0
551344,4/28/11 9:02,16187.0
551345,4/28/11 9:03,14646.0
551346,4/28/11 9:12,12362.0
551347,4/28/11 9:20,15768.0
C551348,4/28/11 9:49,12415.0
551349,4/28/11 10:03,14740.0
551350,4/28/11 10:15,16672.0
551351,4/28/11 10:20,14298.0
551352,4/28/11 10:20,16637.0
551383,4/28/11 10:54,17460.0
551384,4/28/11 11:31,15223.0
551385,4/28/11 11:38,16814.0
C551386,4/28/11 11:38,16422.0
551387,4/28/11 11:40,14240.0
C551388,4/28/11 11:41,17874.0
551389,4/28/11 11:45,12437.0
551390,4/28/11 12:03,15143.0
551391,4/28/11 12:06,15514.0
551392,4/28/11 12:07,13229.0
551393,4/28/11 12:22,14973.0
551394,4/28/11 12:37,
551395,4/28/11 12:47,14271.0
551396,4/28/11 12:49,17720.0
551397,4/28/11 12:55,15952.0
551398,4/28/11 13:09,12417.0
551399,4/28/11 13:17,17874.0
551400,4/28/11 13:18,17160.0
551401,4/28/11 13:23,17874.0
551412,4/28/11 13:31,15508.0
551413,4/28/11 13:33,16227.0
551414,4/28/11 13:35,15622.0
551415,4/28/11 13:36,15622.0
551416,4/28/11 13:39,17874.0
551417,4/28/11 13:41,15632.0
551418,4/28/11 13:50,17893.0
551419,4/28/11 13:51,12748.0
551420,4/28/11 14:00,17068.0
551421,4/28/11 14:04,14077.0
551422,4/28/11 14:11,
551423,4/28/11 14:31,
551424,4/28/11 14:34,12748.0
551425,4/28/11 14:36,
551426,4/28/11 14:39,14022.0
551427,4/28/11 14:56,14735.0
551428,4/28/11 14:59,13499.0
551429,4/28/11 15:05,
551430,4/28/11 15:06,
551431,4/28/11 15:06,
551432,4/28/11 15:06,
551433,4/28/11 15:07,
551434,4/28/11 15:07,
551435,4/28/11 15:08,
551436,4/28/11 15:13,16904.0
551437,4/28/11 15:13,13725.0
551438,4/28/11 15:23,13408.0
551439,4/28/11 15:26,14758.0
551440,4/28/11 15:29,15311.0
551441,4/28/11 15:50,
551442,4/28/11 15:50,
551443,4/28/11 15:51,
551444,4/28/11 15:58,
551445,4/28/11 15:58,17991.0
551446,4/28/11 15:58,
551447,4/28/11 15:59,
551448,4/28/11 15:59,
551449,4/28/11 16:00,
551450,4/28/11 16:00,
551451,4/28/11 16:01,
551452,4/28/11 16:01,
551453,4/28/11 16:01,
551454,4/28/11 16:02,
551455,4/28/11 16:03,
551456,4/28/11 16:03,
551457,4/28/11 16:04,
551458,4/28/11 16:04,
551459,4/28/11 16:04,
551460,4/28/11 16:05,
551461,4/28/11 16:05,
551462,4/28/11 16:11,15210.0
C551463,4/28/11 16:13,13534.0
C551464,4/28/11 16:15,13085.0
C551465,4/28/11 16:17,14640.0
C551466,4/28/11 16:18,14189.0
551467,4/28/11 16:20,12600.0
551468,4/28/11 16:21,
551469,4/28/11 16:23,18037.0
551470,4/28/11 16:39,16782.0
551471,4/28/11 16:40,16370.0
551501,4/28/11 16:53,16422.0
551506,4/28/11 17:13,
551507,4/28/11 18:11,18272.0
C551508,4/28/11 18:16,13102.0
C551509,4/28/11 18:27,15845.0
C551510,4/28/11 19:43,16163.0
C551511,4/28/11 19:49,14311.0
C551512,4/28/11 19:51,14032.0
C551513,4/28/11 19:52,16592.0
551514,4/28/11 19:53,17874.0
551515,5/1/11 10:51,15606.0
551516,5/1/11 11:10,14800.0
551517,5/1/11 11:14,16931.0
551518,5/1/11 11:36,15708.0
551519,5/1/11 11:50,14304.0
551520,5/1/11 11:55,13301.0
C551521,5/1/11 11:58,16401.0
C551522,5/1/11 11:59,14800.0
551523,5/1/11 12:09,16634.0
551524,5/1/11 12:35,16401.0
551525,5/1/11 12:37,14667.0
C551526,5/1/11 12:38,16401.0
551527,5/1/11 12:41,14395.0
551528,5/1/11 12:54,12841.0
551529,5/1/11 13:18,12524.0
551530,5/1/11 13:26,12748.0
551531,5/1/11 13:45,15376.0
551532,5/1/11 14:17,16554.0
551533,5/1/11 14:58,15407.0
551534,5/1/11 14:59,14655.0
551535,5/1/11 15:33,17615.0
551536,5/3/11 8:35,
551537,5/3/11 8:37,
551538,5/3/11 8:37,
551539,5/3/11 8:40,12598.0
C551540,5/3/11 8:47,14735.0
C551541,5/3/11 8:49,13692.0
551542,5/3/11 9:05,14732.0
551543,5/3/11 9:26,16055.0
551544,5/3/11 9:33,12683.0
551545,5/3/11 9:34,12683.0
551546,5/3/11 9:34,18062.0
551547,5/3/11 9:44,
551548,5/3/11 9:44,14149.0
551549,5/3/11 9:46,17501.0
551550,5/3/11 9:47,17501.0
C551551,5/3/11 10:08,17841.0
551552,5/3/11 10:09,12598.0
551553,5/3/11 10:15,
551554,5/3/11 10:19,
551555,5/3/11 10:25,17315.0
551556,5/3/11 10:30,14191.0
C551557,5/3/11 10:37,13113.0
551558,5/3/11 10:41,17841.0
551559,5/3/11 10:42,16133.0
551560,5/3/11 10:43,16133.0
551561,5/3/11 10:49,17422.0
551562,5/3/11 10:51,13026.0
551563,5/3/11 10:55,16210.0
551564,5/3/11 10:56,16609.0
551565,5/3/11 11:10,
551566,5/3/11 11:11,13113.0
551567,5/3/11 11:12,
551568,5/3/11 11:12,
551569,5/3/11 11:13,
551570,5/3/11 11:13,
551571,5/3/11 11:14,
551572,5/3/11 11:15,
551573,5/3/11 11:15,
551574,5/3/11 11:16,
551575,5/3/11 11:16,
551576,5/3/11 11:19,17857.0
551577,5/3/11 11:19,
551578,5/3/11 11:19,
551579,5/3/11 11:20,
551580,5/3/11 11:20,
551581,5/3/11 11:20,
551582,5/3/11 11:21,
551583,5/3/11 11:21,
551584,5/3/11 11:22,15620.0
C551585,5/3/11 11:23,12483.0
551586,5/3/11 11:24,
C551587,5/3/11 11:27,13505.0
C551588,5/3/11 11:28,12708.0
551589,5/3/11 11:30,
551595,5/3/11 11:33,12891.0
551599,5/3/11 11:34,15696.0
551603,5/3/11 11:34,16745.0
C551602,5/3/11 11:34,17692.0
551616,5/3/11 11:40,15048.0
551617,5/3/11 11:41,16013.0
551618,5/3/11 11:42,16013.0
551623,5/3/11 11:44,12843.0
C551646,5/3/11 11:58,12888.0
551647,5/3/11 11:59,13089.0
551649,5/3/11 12:02,12643.0
551650,5/3/11 12:02,13089.0
C551648,5/3/11 12:02,14800.0
551651,5/3/11 12:03,14800.0
551652,5/3/11 12:03,12643.0
551653,5/3/11 12:03,13282.0
551654,5/3/11 12:04,16837.0
551655,5/3/11 12:07,17757.0
551656,5/3/11 12:10,14911.0
551657,5/3/11 12:12,14911.0
551658,5/3/11 12:13,16746.0
C551659,5/3/11 12:14,13668.0
551660,5/3/11 12:16,15271.0
551661,5/3/11 12:17,15656.0
551662,5/3/11 12:24,16210.0
551663,5/3/11 12:34,
551664,5/3/11 12:34,
551665,5/3/11 12:35,17442.0
551666,5/3/11 12:35,
551667,5/3/11 12:36,
551668,5/3/11 12:37,
551669,5/3/11 12:38,
551671,5/3/11 12:38,
C551670,5/3/11 12:38,15898.0
551672,5/3/11 12:39,
551673,5/3/11 12:39,
C551674,5/3/11 12:40,16654.0
C551683,5/3/11 12:47,13209.0
C551684,5/3/11 12:49,12947.0
C551685,5/3/11 12:51,16029.0
551686,5/3/11 12:53,13668.0
551687,5/3/11 13:22,14135.0
551688,5/3/11 13:31,14107.0
551689,5/3/11 13:35,
551690,5/3/11 13:35,
551691,5/3/11 13:36,
551692,5/3/11 13:36,
551693,5/3/11 13:36,15582.0
551694,5/3/11 13:36,
551695,5/3/11 13:37,
551696,5/3/11 13:39,14110.0
551697,5/3/11 13:46,16029.0
551698,5/3/11 13:52,13694.0
C551699,5/3/11 14:12,16029.0
551700,5/3/11 14:13,
551701,5/3/11 14:15,
551702,5/3/11 14:16,13014.0
551704,5/3/11 14:33,
551705,5/3/11 14:35,
C551712,5/3/11 15:04,13267.0
551713,5/3/11 15:12,16230.0
551714,5/3/11 15:15,16806.0
551715,5/3/11 15:23,13102.0
551716,5/3/11 15:39,
551717,5/3/11 15:59,13263.0
551718,5/3/11 16:06,
551719,5/3/11 16:09,
551720,5/3/11 16:35,18146.0
551721,5/3/11 16:49,14711.0
551722,5/3/11 16:50,
551723,5/3/11 16:51,
551724,5/3/11 17:12,15976.0
551725,5/4/11 8:15,13798.0
551726,5/4/11 8:17,13798.0
551727,5/4/11 8:40,14245.0
551728,5/4/11 8:51,12720.0
551729,5/4/11 8:52,12720.0
551730,5/4/11 9:52,16539.0
551731,5/4/11 9:57,14307.0
C551732,5/4/11 10:10,15382.0
551733,5/4/11 10:15,13012.0
551734,5/4/11 10:15,18178.0
551735,5/4/11 10:25,
551736,5/4/11 10:47,17443.0
C551737,5/4/11 10:52,14606.0
551739,5/4/11 10:58,18118.0
551747,5/4/11 11:00,14298.0
551774,5/4/11 11:12,14606.0
551775,5/4/11 11:21,12886.0
551776,5/4/11 11:23,13268.0
C551778,5/4/11 11:23,18220.0
551791,5/4/11 11:26,13220.0
551809,5/4/11 11:32,17511.0
551810,5/4/11 11:32,15719.0
551811,5/4/11 11:37,15039.0
551812,5/4/11 11:39,15527.0
551813,5/4/11 11:43,18065.0
551814,5/4/11 11:45,18065.0
551815,5/4/11 11:46,18065.0
551816,5/4/11 11:50,15906.0
551817,5/4/11 11:50,17974.0
551818,5/4/11 11:57,12569.0
551819,5/4/11 11:58,14739.0
551820,5/4/11 12:11,12645.0
551821,5/4/11 12:20,16942.0
551822,5/4/11 12:26,13524.0
551823,5/4/11 12:29,17955.0
551824,5/4/11 12:32,15128.0
551825,5/4/11 12:32,16942.0
551826,5/4/11 12:33,17955.0
551832,5/4/11 13:11,15987.0
551833,5/4/11 13:12,16779.0
551834,5/4/11 13:13,16610.0
551835,5/4/11 13:17,17646.0
551836,5/4/11 13:22,17394.0
551837,5/4/11 13:23,
551838,5/4/11 13:31,
551839,5/4/11 13:34,15311.0
551840,5/4/11 13:36,15144.0
C551841,5/4/11 13:40,15311.0
551842,5/4/11 13:52,16678.0
551843,5/4/11 13:57,16094.0
551844,5/4/11 14:03,14173.0
551845,5/4/11 14:03,17961.0
551846,5/4/11 14:11,13047.0
551847,5/4/11 14:26,
551848,5/4/11 14:27,
551849,5/4/11 14:33,16258.0
551850,5/4/11 14:33,13731.0
551851,5/4/11 14:43,17511.0
551852,5/4/11 14:52,14948.0
551853,5/4/11 14:54,
551854,5/4/11 14:55,13576.0
551855,5/4/11 15:08,12836.0
551856,5/4/11 15:25,15027.0
551857,5/4/11 15:33,13037.0
551858,5/4/11 15:33,18041.0
551859,5/4/11 15:37,14336.0
551860,5/4/11 15:41,15508.0
C551861,5/4/11 15:44,12840.0
551862,5/4/11 16:07,17384.0
C551863,5/4/11 16:12,16145.0
C551864,5/4/11 16:18,12483.0
C551865,5/4/11 16:23,17644.0
C551867,5/4/11 16:27,16227.0
551868,5/4/11 16:29,12540.0
551869,5/4/11 16:36,16767.0
551870,5/4/11 16:51,17811.0
551872,5/4/11 17:19,12955.0
551874,5/5/11 7:37,16422.0
551875,5/5/11 8:16,17061.0
551876,5/5/11 8:18,14867.0
551877,5/5/11 8:30,16990.0
551878,5/5/11 8:32,15129.0
551879,5/5/11 8:33,13831.0
551880,5/5/11 9:05,17374.0
551881,5/5/11 9:11,13784.0
551882,5/5/11 9:13,13873.0
551883,5/5/11 9:15,13762.0
551884,5/5/11 9:17,16109.0
551885,5/5/11 9:18,16700.0
551886,5/5/11 9:23,12569.0
551887,5/5/11 9:29,12593.0
551888,5/5/11 9:29,15304.0
551889,5/5/11 9:34,18198.0
551890,5/5/11 9:44,14340.0
551891,5/5/11 9:53,17429.0
C551892,5/5/11 9:58,16265.0
551893,5/5/11 10:07,17675.0
551894,5/5/11 10:20,12971.0
551895,5/5/11 10:22,12877.0
551896,5/5/11 10:29,13711.0
551897,5/5/11 10:31,13711.0
551900,5/5/11 10:45,
551902,5/5/11 10:49,17512.0
551907,5/5/11 10:51,16027.0
551944,5/5/11 11:08,14553.0
551945,5/5/11 11:09,16714.0
551946,5/5/11 11:18,18229.0
C551947,5/5/11 11:20,15147.0
C551948,5/5/11 11:21,17511.0
C551949,5/5/11 11:22,14149.0
551950,5/5/11 11:38,14911.0
551951,5/5/11 11:46,18094.0
551952,5/5/11 11:47,15838.0
551953,5/5/11 11:53,13448.0
551954,5/5/11 12:13,14515.0
551955,5/5/11 12:22,13199.0
551956,5/5/11 12:22,15021.0
551957,5/5/11 12:24,16949.0
551958,5/5/11 12:37,13883.0
551959,5/5/11 12:38,13883.0
551960,5/5/11 12:38,18239.0
551961,5/5/11 12:39,13883.0
551962,5/5/11 12:40,17955.0
551963,5/5/11 12:52,13266.0
551964,5/5/11 13:13,
551965,5/5/11 13:13,
551966,5/5/11 13:14,15356.0
551967,5/5/11 13:19,16457.0
551976,5/5/11 13:29,15061.0
551977,5/5/11 13:34,15061.0
551978,5/5/11 13:43,17527.0
551979,5/5/11 13:44,14199.0
551980,5/5/11 13:46,17849.0
551981,5/5/11 13:53,13694.0
551982,5/5/11 13:56,15023.0
551983,5/5/11 14:32,17735.0
551984,5/5/11 14:37,15841.0
551985,5/5/11 14:38,12395.0
551986,5/5/11 14:41,13888.0
551987,5/5/11 14:55,15005.0
551988,5/5/11 15:08,12576.0
551989,5/5/11 15:12,14423.0
551990,5/5/11 15:13,15759.0
551991,5/5/11 15:29,14697.0
551992,5/5/11 15:31,12747.0
551993,5/5/11 15:39,14697.0
551994,5/5/11 15:42,12868.0
551995,5/5/11 15:42,
551996,5/5/11 15:44,16628.0
551997,5/5/11 15:47,
551998,5/5/11 15:48,14099.0
C551999,5/5/11 15:53,14911.0
552000,5/5/11 15:55,
552000,5/5/11 15:56,
552004,5/5/11 16:31,17522.0
552005,5/5/11 16:34,15491.0
552006,5/5/11 16:54,
552007,5/5/11 16:56,13269.0
552008,5/5/11 17:13,12476.0
552009,5/5/11 17:19,
552010,5/5/11 17:26,14713.0
552011,5/5/11 17:28,13867.0
C552012,5/5/11 17:29,13552.0
552013,5/5/11 17:34,12451.0
C552014,5/5/11 17:35,15708.0
C552015,5/5/11 17:37,16722.0
C552016,5/5/11 17:38,15696.0
552017,5/5/11 17:41,
552018,5/5/11 17:42,16817.0
C552019,5/5/11 17:46,14227.0
C552020,5/5/11 17:47,18183.0
C552021,5/5/11 17:57,15125.0
C552022,5/5/11 17:58,12840.0
552023,5/5/11 17:59,17624.0
C552024,5/5/11 18:01,14961.0
552025,5/5/11 18:04,13969.0
552026,5/5/11 18:06,17940.0
552028,5/5/11 18:09,13969.0
C552027,5/5/11 18:09,16705.0
C552029,5/5/11 18:11,15622.0
C552030,5/5/11 18:12,15189.0
C552031,5/5/11 18:14,13089.0
552032,5/5/11 18:16,14393.0
552033,5/5/11 18:36,14776.0
552034,5/5/11 18:38,17578.0
552035,5/5/11 18:48,
552036,5/5/11 19:16,12748.0
552037,5/5/11 19:48,13450.0
552038,5/6/11 8:08,14156.0
552039,5/6/11 8:10,13081.0
552040,5/6/11 8:19,12502.0
552041,5/6/11 8:25,14273.0
552042,5/6/11 9:00,13952.0
C552043,5/6/11 9:07,12476.0
552044,5/6/11 9:14,17423.0
552045,5/6/11 9:22,18241.0
552046,5/6/11 9:44,15235.0
C552047,5/6/11 9:55,14796.0
552048,5/6/11 10:00,17809.0
C552049,5/6/11 10:00,17548.0
552050,5/6/11 10:08,
552051,5/6/11 10:10,14796.0
552052,5/6/11 10:10,
552053,5/6/11 10:16,16153.0
552054,5/6/11 10:19,15062.0
552055,5/6/11 10:32,16353.0
552056,5/6/11 10:33,16353.0
552057,5/6/11 10:34,17504.0
552058,5/6/11 10:36,15218.0
552059,5/6/11 10:37,17470.0
552060,5/6/11 10:39,15668.0
552061,5/6/11 10:43,13001.0
552062,5/6/11 10:45,13117.0
552063,5/6/11 10:51,
552064,5/6/11 11:05,15874.0
552065,5/6/11 11:20,16729.0
552078,5/6/11 11:26,16748.0
552080,5/6/11 11:27,16319.0
552108,5/6/11 11:36,17841.0
552121,5/6/11 11:40,15757.0
552127,5/6/11 11:47,17174.0
552134,5/6/11 11:50,14944.0
552135,5/6/11 11:51,14944.0
552139,5/6/11 11:55,14659.0
552149,5/6/11 12:00,13365.0
552166,5/6/11 12:21,13475.0
552167,5/6/11 12:23,18227.0
552168,5/6/11 12:28,13880.0
552169,5/6/11 12:44,17800.0
552170,5/6/11 12:53,16458.0
552171,5/6/11 13:01,14145.0
552172,5/6/11 13:03,16308.0
C552173,5/6/11 13:06,15144.0
552174,5/6/11 13:07,15144.0
552175,5/6/11 13:25,
552176,5/6/11 13:25,17516.0
552177,5/6/11 13:28,
552178,5/6/11 13:29,
552179,5/6/11 13:31,16919.0
552180,5/6/11 13:35,18235.0
552181,5/6/11 13:36,17381.0
552182,5/6/11 13:38,14180.0
552183,5/6/11 13:43,17604.0
552184,5/6/11 13:43,13741.0
552185,5/6/11 13:52,12921.0
552186,5/6/11 13:53,12921.0
552187,5/6/11 13:59,
552188,5/6/11 14:01,12394.0
552189,5/6/11 14:04,12748.0
C552190,5/6/11 14:11,12748.0
552191,5/6/11 14:12,16832.0
552192,5/6/11 14:16,15258.0
552193,5/6/11 14:22,15114.0
552194,5/6/11 14:24,
552195,5/6/11 14:25,13089.0
552196,5/6/11 14:32,18078.0
552197,5/6/11 14:32,13743.0
552198,5/6/11 14:47,15552.0
552202,5/6/11 14:51,12414.0
C552203,5/6/11 14:56,
552211,5/6/11 15:01,12709.0
C552212,5/6/11 15:08,17422.0
C552213,5/6/11 15:10,13499.0
552214,5/6/11 15:11,
552215,5/6/11 15:12,
552216,5/6/11 15:12,
552217,5/6/11 15:13,18170.0
552218,5/6/11 15:15,
552219,5/6/11 15:16,
552220,5/6/11 15:20,
552221,5/6/11 15:20,
552222,5/6/11 15:22,
552223,5/6/11 15:24,
552224,5/6/11 15:25,
552225,5/6/11 15:26,
552226,5/6/11 15:26,
552227,5/6/11 15:27,
552228,5/6/11 15:29,
552229,5/6/11 15:40,
552230,5/6/11 15:43,
552231,5/6/11 15:47,17364.0
552232,5/6/11 15:54,
552233,5/6/11 15:54,17068.0
552234,5/6/11 16:01,
552235,5/6/11 16:17,15194.0
552236,5/6/11 16:29,16525.0
C552237,5/6/11 16:44,14056.0
552238,5/6/11 16:48,14403.0
552239,5/6/11 16:54,14056.0
552240,5/6/11 17:04,13723.0
C552241,5/6/11 17:38,14676.0
552242,5/6/11 19:22,12748.0
552243,5/6/11 19:37,12748.0
552244,5/6/11 19:39,12748.0
552245,5/6/11 19:42,12748.0
552246,5/6/11 19:44,12748.0
552247,5/6/11 19:48,12748.0
552248,5/6/11 19:49,12748.0
552249,5/6/11 19:53,12748.0
552250,5/6/11 19:55,12748.0
552251,5/6/11 20:00,12748.0
552252,5/8/11 10:11,15227.0
552253,5/8/11 10:20,14201.0
552254,5/8/11 10:21,16168.0
552255,5/8/11 10:33,14005.0
552256,5/8/11 10:43,16621.0
552257,5/8/11 11:08,16923.0
C552258,5/8/11 11:09,16923.0
552259,5/8/11 11:13,15796.0
552260,5/8/11 11:21,17002.0
552261,5/8/11 11:34,16807.0
552262,5/8/11 11:37,14911.0
552263,5/8/11 11:38,15561.0
552264,5/8/11 11:38,14959.0
552265,5/8/11 11:41,14161.0
552266,5/8/11 11:41,13975.0
552267,5/8/11 11:49,15038.0
552268,5/8/11 11:49,14709.0
552269,5/8/11 11:52,16121.0
552270,5/8/11 11:56,16928.0
552271,5/8/11 12:00,13069.0
552272,5/8/11 12:13,13694.0
552273,5/8/11 12:26,13021.0
552274,5/8/11 12:30,16523.0
552275,5/8/11 12:31,16523.0
552276,5/8/11 12:31,18142.0
552277,5/8/11 12:34,13642.0
552278,5/8/11 12:36,15059.0
552279,5/8/11 12:38,15117.0
552280,5/8/11 12:39,13561.0
552281,5/8/11 12:42,15704.0
552282,5/8/11 12:44,14040.0
552283,5/8/11 12:48,13468.0
552284,5/8/11 12:48,18149.0
552285,5/8/11 12:58,14684.0
552286,5/8/11 13:07,16393.0
552287,5/8/11 13:19,17705.0
552288,5/8/11 13:20,13313.0
552289,5/8/11 13:24,17869.0
552290,5/8/11 13:32,16007.0
552291,5/8/11 14:00,15421.0
552292,5/8/11 14:02,15421.0
552293,5/8/11 14:05,16232.0
552294,5/8/11 14:06,16232.0
552295,5/8/11 14:08,14224.0
552296,5/8/11 14:09,15518.0
552297,5/8/11 14:10,15092.0
552298,5/8/11 14:18,14507.0
552299,5/8/11 14:44,15827.0
C552300,5/8/11 14:45,14606.0
C552301,5/8/11 14:50,17323.0
552302,5/8/11 14:59,14606.0
552303,5/8/11 15:15,14341.0
552304,5/8/11 15:15,12748.0
552305,5/8/11 15:16,14341.0
552306,5/8/11 15:20,13911.0
552307,5/8/11 15:20,12748.0
552308,5/8/11 15:21,17410.0
552309,5/8/11 15:22,13835.0
552310,5/8/11 15:22,17323.0
552311,5/8/11 15:22,15312.0
552312,5/8/11 15:58,13427.0
552313,5/8/11 16:03,13139.0
552314,5/8/11 16:06,14353.0
552315,5/8/11 16:10,12700.0
552316,5/8/11 16:11,15674.0
C552317,5/8/11 16:12,12700.0
552318,5/8/11 16:13,17231.0
552319,5/9/11 8:23,13003.0
552320,5/9/11 8:26,13985.0
552321,5/9/11 9:15,17049.0
552322,5/9/11 9:16,17049.0
552323,5/9/11 9:33,16756.0
552324,5/9/11 9:46,16672.0
552325,5/9/11 9:47,12490.0
552326,5/9/11 10:02,15596.0
552327,5/9/11 10:03,17007.0
552328,5/9/11 10:03,14188.0
552329,5/9/11 10:06,13492.0
552330,5/9/11 10:13,12948.0
552331,5/9/11 10:24,
552332,5/9/11 10:24,13908.0
552333,5/9/11 10:38,15039.0
C552334,5/9/11 11:24,12853.0
C552335,5/9/11 11:25,12683.0
552336,5/9/11 11:26,15159.0
552337,5/9/11 11:34,12621.0
552338,5/9/11 11:51,
552340,5/9/11 12:04,17949.0
C552339,5/9/11 12:04,14667.0
552341,5/9/11 12:05,17949.0
552342,5/9/11 12:07,17949.0
C552343,5/9/11 12:09,15521.0
552353,5/9/11 12:14,17612.0
552357,5/9/11 12:16,18219.0
552358,5/9/11 12:20,15673.0
552364,5/9/11 12:25,13004.0
552365,5/9/11 12:25,16440.0
552371,5/9/11 12:28,17629.0
552372,5/9/11 12:29,13394.0
552376,5/9/11 12:30,16326.0
552404,5/9/11 12:39,15932.0
C552406,5/9/11 12:39,12709.0
552410,5/9/11 12:40,14527.0
552418,5/9/11 12:42,13971.0
C552423,5/9/11 12:44,14527.0
552441,5/9/11 12:58,16359.0
552442,5/9/11 13:03,14667.0
552443,5/9/11 13:05,
552444,5/9/11 13:10,17634.0
552445,5/9/11 13:27,16839.0
552446,5/9/11 13:28,16729.0
552447,5/9/11 13:43,16729.0
552448,5/9/11 13:45,18120.0
552449,5/9/11 13:49,12355.0
552450,5/9/11 13:51,13798.0
552451,5/9/11 13:59,14543.0
552452,5/9/11 14:02,13752.0
552453,5/9/11 14:10,12840.0
552454,5/9/11 14:22,18172.0
C552455,5/9/11 14:38,
552456,5/9/11 14:40,13999.0
552457,5/9/11 14:40,16477.0
C552458,5/9/11 14:41,
552460,5/9/11 14:44,13178.0
552461,5/9/11 14:44,17723.0
C552459,5/9/11 14:44,
C552462,5/9/11 14:47,16242.0
552463,5/9/11 14:54,14699.0
552464,5/9/11 15:12,12726.0
552465,5/9/11 15:17,16242.0
552466,5/9/11 15:21,13458.0
552467,5/9/11 15:29,15249.0
552468,5/9/11 15:33,13141.0
552469,5/9/11 15:34,12867.0
552472,5/9/11 15:48,16503.0
552479,5/9/11 15:51,12821.0
552491,5/9/11 16:01,17033.0
552492,5/9/11 16:02,12888.0
552493,5/9/11 16:21,
552508,5/9/11 16:27,
552514,5/9/11 16:30,
552520,5/9/11 16:34,
552521,5/9/11 16:35,16668.0
552522,5/9/11 16:37,
552523,5/9/11 16:38,15797.0
552524,5/9/11 16:39,
552525,5/9/11 16:41,
552526,5/9/11 16:42,17576.0
552527,5/9/11 16:48,
552528,5/9/11 16:59,17218.0
552529,5/9/11 17:24,14541.0
552530,5/10/11 8:58,13055.0
552531,5/10/11 9:35,13742.0
552532,5/10/11 9:39,15615.0
552533,5/10/11 9:41,13767.0
552534,5/10/11 9:58,
C552535,5/10/11 9:59,13269.0
552536,5/10/11 10:00,14209.0
552537,5/10/11 10:11,17315.0
552538,5/10/11 10:11,13692.0
552539,5/10/11 10:17,
552540,5/10/11 10:18,
552541,5/10/11 10:19,
552542,5/10/11 10:20,16841.0
552543,5/10/11 10:22,12399.0
552544,5/10/11 10:29,13320.0
552545,5/10/11 10:30,13320.0
C552546,5/10/11 10:33,13767.0
552547,5/10/11 10:34,13098.0
552548,5/10/11 10:35,16357.0
552549,5/10/11 10:39,15674.0
552550,5/10/11 10:43,13881.0
552551,5/10/11 10:45,15433.0
C552552,5/10/11 10:51,16525.0
C552553,5/10/11 10:51,15674.0
552554,5/10/11 11:04,12843.0
552555,5/10/11 11:20,18242.0
C552556,5/10/11 11:21,17504.0
552557,5/10/11 11:31,16696.0
552558,5/10/11 11:33,14766.0
552559,5/10/11 11:44,15865.0
552560,5/10/11 11:48,17581.0
552561,5/10/11 11:49,17581.0
552562,5/10/11 11:50,17581.0
552563,5/10/11 11:54,17597.0
552565,5/10/11 11:55,15381.0
C552564,5/10/11 11:55,13694.0
552566,5/10/11 11:56,13694.0
552567,5/10/11 12:00,12971.0
C552568,5/10/11 12:04,12901.0
C552569,5/10/11 12:06,12901.0
C552570,5/10/11 12:07,15676.0
552571,5/10/11 12:08,14688.0
552572,5/10/11 12:11,14680.0
552573,5/10/11 12:12,16306.0
552574,5/10/11 12:20,15311.0
552575,5/10/11 12:25,14397.0
552576,5/10/11 12:26,13242.0
552577,5/10/11 12:28,13242.0
C552585,5/10/11 12:35,17841.0
552614,5/10/11 12:51,14849.0
552624,5/10/11 12:53,14505.0
552631,5/10/11 12:55,12684.0
552638,5/10/11 13:00,17700.0
552639,5/10/11 13:18,15134.0
552640,5/10/11 13:19,17841.0
552641,5/10/11 13:20,16525.0
552642,5/10/11 13:22,14288.0
552643,5/10/11 13:24,16791.0
552644,5/10/11 13:25,15063.0
552645,5/10/11 13:26,16791.0
552646,5/10/11 13:26,14078.0
552647,5/10/11 13:33,13012.0
552648,5/10/11 13:40,17581.0
552649,5/10/11 13:44,12592.0
C552650,5/10/11 14:03,16672.0
552651,5/10/11 14:09,16431.0
552652,5/10/11 14:09,14591.0
552653,5/10/11 14:12,
552654,5/10/11 14:20,15756.0
552655,5/10/11 14:22,14587.0
552656,5/10/11 14:46,12712.0
552657,5/10/11 14:51,18041.0
552658,5/10/11 14:57,14534.0
552659,5/10/11 15:03,
552660,5/10/11 15:03,
552661,5/10/11 15:04,14051.0
552662,5/10/11 15:04,
552663,5/10/11 15:04,
552664,5/10/11 15:05,14051.0
552665,5/10/11 15:05,
552666,5/10/11 15:05,
552667,5/10/11 15:05,
552668,5/10/11 15:05,
552669,5/10/11 15:05,16710.0
552670,5/10/11 15:06,
552671,5/10/11 15:06,
552672,5/10/11 15:06,
552673,5/10/11 15:07,
552674,5/10/11 15:07,
552675,5/10/11 15:07,
552676,5/10/11 15:07,
552677,5/10/11 15:07,
552678,5/10/11 15:08,
552681,5/10/11 15:08,
552683,5/10/11 15:09,
552684,5/10/11 15:09,
552687,5/10/11 15:09,
552690,5/10/11 15:10,16676.0
552692,5/10/11 15:19,13990.0
552693,5/10/11 15:22,12748.0
552694,5/10/11 15:25,12749.0
552695,5/10/11 15:31,16320.0
552696,5/10/11 15:48,13592.0
552697,5/10/11 15:49,13695.0
C552698,5/10/11 15:50,13448.0
552699,5/10/11 15:52,16210.0
C552700,5/10/11 15:56,14587.0
C552701,5/10/11 15:58,16094.0
552702,5/10/11 16:00,
552703,5/10/11 16:00,14462.0
C552704,5/10/11 16:05,13098.0
C552705,5/10/11 16:06,15620.0
C552706,5/10/11 16:15,13014.0
C552707,5/10/11 16:16,15696.0
552708,5/10/11 16:19,13487.0
C552709,5/10/11 16:27,12886.0
552710,5/11/11 7:35,13098.0
552711,5/11/11 8:32,16143.0
552712,5/11/11 8:34,17634.0
552713,5/11/11 9:06,
552714,5/11/11 9:28,17164.0
552715,5/11/11 9:35,12921.0
552716,5/11/11 9:36,12921.0
552717,5/11/11 9:42,12483.0
C552718,5/11/11 9:43,14462.0
C552719,5/11/11 9:47,13098.0
C552720,5/11/11 9:49,18272.0
552721,5/11/11 9:55,14691.0
C552722,5/11/11 10:17,12720.0
552723,5/11/11 10:18,16229.0
552724,5/11/11 10:29,13418.0
552725,5/11/11 10:30,13418.0
552726,5/11/11 10:31,14920.0
552727,5/11/11 10:32,14920.0
552728,5/11/11 10:35,13089.0
552729,5/11/11 10:36,13089.0
552730,5/11/11 10:42,16837.0
552731,5/11/11 10:43,12372.0
552732,5/11/11 10:47,17428.0
552733,5/11/11 10:48,
552734,5/11/11 10:49,17428.0
552735,5/11/11 10:49,17428.0
C552744,5/11/11 11:15,16297.0
552763,5/11/11 11:33,
552764,5/11/11 11:34,17489.0
C552765,5/11/11 11:40,16554.0
552766,5/11/11 11:41,
552767,5/11/11 11:42,
552768,5/11/11 11:43,
552769,5/11/11 11:47,16241.0
552770,5/11/11 11:57,13404.0
552779,5/11/11 12:13,13013.0
552786,5/11/11 12:14,16029.0
552789,5/11/11 12:15,16029.0
552802,5/11/11 12:23,16115.0
552803,5/11/11 12:32,14573.0
552804,5/11/11 12:32,15615.0
C552805,5/11/11 12:34,14149.0
552806,5/11/11 12:36,15729.0
552811,5/11/11 12:43,17677.0
552813,5/11/11 12:44,15079.0
552814,5/11/11 12:45,15079.0
552815,5/11/11 12:46,17677.0
552816,5/11/11 12:47,15521.0
552817,5/11/11 12:47,13136.0
552818,5/11/11 12:48,17770.0
552819,5/11/11 12:50,16652.0
552820,5/11/11 12:53,16644.0
552821,5/11/11 12:58,18118.0
552822,5/11/11 12:59,15521.0
552823,5/11/11 13:06,14731.0
552824,5/11/11 13:16,14056.0
552825,5/11/11 13:18,15296.0
552826,5/11/11 13:20,14277.0
552827,5/11/11 13:20,18144.0
552828,5/11/11 13:23,13662.0
552829,5/11/11 13:42,12748.0
552830,5/11/11 13:49,15187.0
552831,5/11/11 14:12,13052.0
552832,5/11/11 14:13,
552833,5/11/11 14:14,18133.0
552834,5/11/11 14:15,
552835,5/11/11 14:17,17664.0
552837,5/11/11 14:24,12901.0
552838,5/11/11 14:24,15732.0
552839,5/11/11 14:25,14367.0
552840,5/11/11 14:25,12901.0
C552841,5/11/11 14:28,15827.0
552842,5/11/11 14:29,17888.0
552843,5/11/11 14:37,14649.0
552844,5/11/11 14:37,12649.0
552845,5/11/11 14:37,14646.0
552846,5/11/11 14:38,14646.0
552847,5/11/11 14:42,14649.0
552848,5/11/11 14:49,14367.0
C552849,5/11/11 14:52,14367.0
552850,5/11/11 14:54,14367.0
552851,5/11/11 15:07,12731.0
552852,5/11/11 15:08,16712.0
552853,5/11/11 15:13,16712.0
552854,5/11/11 15:16,14748.0
552855,5/11/11 15:17,15815.0
C552856,5/11/11 15:17,14288.0
552857,5/11/11 15:34,
C552858,5/11/11 15:46,14180.0
552859,5/11/11 16:10,13069.0
552860,5/11/11 16:26,17889.0
552861,5/11/11 16:28,12748.0
552862,5/11/11 16:51,
C552863,5/11/11 16:52,13012.0
552864,5/11/11 17:13,13235.0
552865,5/11/11 17:16,
552866,5/11/11 17:36,
552867,5/12/11 8:36,15513.0
552868,5/12/11 8:39,15513.0
552869,5/12/11 8:41,15106.0
552870,5/12/11 8:42,15513.0
552871,5/12/11 8:52,12693.0
552872,5/12/11 9:09,16985.0
552873,5/12/11 9:11,16985.0
552874,5/12/11 9:40,12621.0
552875,5/12/11 9:41,12621.0
C552876,5/12/11 9:48,13235.0
552877,5/12/11 9:49,14883.0
552878,5/12/11 9:54,12625.0
552879,5/12/11 9:55,12976.0
552880,5/12/11 9:59,18245.0
552881,5/12/11 10:03,18245.0
552882,5/12/11 10:10,14646.0
552883,5/12/11 10:13,14646.0
552884,5/12/11 10:15,12395.0
552885,5/12/11 10:15,14646.0
552886,5/12/11 10:18,16244.0
552887,5/12/11 10:22,13092.0
552888,5/12/11 10:23,15061.0
C552889,5/12/11 10:29,14606.0
552890,5/12/11 10:45,14233.0
552891,5/12/11 10:45,14681.0
552892,5/12/11 10:48,
552893,5/12/11 10:49,14421.0
552894,5/12/11 10:53,14606.0
552904,5/12/11 11:07,16013.0
552905,5/12/11 11:10,15974.0
C552919,5/12/11 11:23,13282.0
C552936,5/12/11 11:29,13113.0
C552944,5/12/11 11:40,17811.0
552945,5/12/11 11:44,15953.0
552946,5/12/11 11:50,12683.0
552947,5/12/11 11:57,16943.0
552948,5/12/11 11:59,18136.0
552949,5/12/11 12:01,16033.0
552950,5/12/11 12:01,16116.0
552951,5/12/11 12:05,14988.0
552952,5/12/11 12:10,13837.0
552953,5/12/11 12:11,16745.0
552954,5/12/11 12:30,14064.0
552955,5/12/11 12:30,13113.0
552956,5/12/11 12:34,12431.0
552957,5/12/11 12:36,17404.0
552958,5/12/11 12:49,15498.0
552959,5/12/11 12:53,12748.0
552960,5/12/11 12:53,18218.0
552961,5/12/11 12:54,15489.0
552962,5/12/11 12:56,14364.0
552963,5/12/11 12:57,16743.0
552964,5/12/11 13:05,16057.0
552965,5/12/11 13:10,13477.0
552966,5/12/11 13:10,16057.0
552967,5/12/11 13:12,16006.0
552968,5/12/11 13:33,16184.0
552969,5/12/11 13:37,14021.0
552970,5/12/11 13:41,17388.0
552971,5/12/11 13:41,14738.0
552972,5/12/11 13:43,16043.0
552973,5/12/11 13:53,16186.0
552974,5/12/11 13:54,16186.0
552975,5/12/11 13:58,17932.0
552977,5/12/11 14:13,18221.0
552978,5/12/11 14:46,12590.0
552979,5/12/11 14:49,
552980,5/12/11 14:52,12590.0
552988,5/12/11 15:17,14853.0
552990,5/12/11 15:17,17667.0
C552995,5/12/11 15:19,18133.0
553000,5/12/11 15:21,17667.0
553001,5/12/11 15:23,17658.0
553002,5/12/11 15:26,13263.0
553003,5/12/11 15:32,13263.0
553004,5/12/11 16:11,17764.0
553005,5/12/11 16:29,14651.0
553006,5/12/11 16:45,15544.0
553007,5/12/11 16:50,14000.0
553008,5/12/11 16:52,17315.0
553009,5/12/11 16:52,13601.0
553011,5/12/11 17:03,14390.0
553012,5/12/11 18:13,17671.0
553013,5/12/11 18:19,
553014,5/12/11 18:49,13451.0
553015,5/12/11 18:55,12748.0
553016,5/12/11 18:58,12748.0
553017,5/12/11 19:01,12757.0
553018,5/12/11 19:02,12757.0
C553019,5/12/11 19:04,12757.0
C553020,5/12/11 19:09,12921.0
553021,5/12/11 19:22,18172.0
553022,5/12/11 19:23,18172.0
C553023,5/12/11 19:27,13952.0
C553024,5/12/11 19:28,13136.0
C553025,5/12/11 19:33,13971.0
C553026,5/12/11 19:35,15249.0
C553027,5/12/11 19:38,13741.0
C553028,5/12/11 19:39,15194.0
C553029,5/12/11 19:41,14201.0
C553030,5/12/11 19:42,18142.0
C553031,5/12/11 19:43,13908.0
C553032,5/12/11 19:44,13320.0
C553033,5/12/11 19:50,13883.0
553034,5/12/11 20:03,17970.0
553035,5/12/11 20:13,17337.0
553036,5/13/11 8:09,15129.0
553037,5/13/11 8:10,12471.0
553038,5/13/11 8:11,12471.0
553039,5/13/11 8:21,16422.0
553040,5/13/11 8:58,15981.0
553041,5/13/11 9:01,
553042,5/13/11 9:01,15845.0
553043,5/13/11 9:21,13953.0
553044,5/13/11 9:24,12682.0
553045,5/13/11 9:33,12770.0
553046,5/13/11 9:37,13534.0
553047,5/13/11 9:38,13534.0
553048,5/13/11 10:02,14291.0
553049,5/13/11 10:03,14291.0
553050,5/13/11 10:09,15498.0
553051,5/13/11 10:11,15498.0
553052,5/13/11 10:14,15251.0
553053,5/13/11 10:20,12857.0
553054,5/13/11 10:22,17886.0
553055,5/13/11 10:35,16618.0
553056,5/13/11 10:37,16618.0
553057,5/13/11 10:41,16161.0
553058,5/13/11 10:44,17790.0
553059,5/13/11 10:44,16660.0
553060,5/13/11 10:44,15826.0
553061,5/13/11 11:12,17238.0
553062,5/13/11 11:25,13629.0
553063,5/13/11 11:38,13018.0
553064,5/13/11 11:39,13018.0
553067,5/13/11 11:44,16871.0
553074,5/13/11 11:45,15529.0
553088,5/13/11 11:53,16180.0
553093,5/13/11 11:54,13798.0
553095,5/13/11 11:54,16180.0
553099,5/13/11 11:56,13798.0
553100,5/13/11 11:57,
553102,5/13/11 11:58,12980.0
553120,5/13/11 12:12,17139.0
553125,5/13/11 12:13,17139.0
553129,5/13/11 12:34,17765.0
553130,5/13/11 12:41,17398.0
553131,5/13/11 12:44,16401.0
553134,5/13/11 12:50,15382.0
553140,5/13/11 12:53,15373.0
553141,5/13/11 13:01,15907.0
553142,5/13/11 13:05,14527.0
553143,5/13/11 13:15,12695.0
553144,5/13/11 13:29,17669.0
553145,5/13/11 13:50,14342.0
553146,5/13/11 13:52,14873.0
553147,5/13/11 13:58,
553148,5/13/11 14:09,
553149,5/13/11 14:16,14226.0
C553150,5/13/11 14:22,17841.0
553151,5/13/11 14:53,13089.0
553152,5/13/11 14:55,13089.0
553153,5/13/11 14:56,13089.0
553154,5/13/11 14:57,17061.0
553155,5/13/11 14:57,13089.0
553156,5/13/11 14:58,17841.0
553157,5/13/11 15:09,
553158,5/13/11 15:24,14194.0
553159,5/13/11 15:25,14194.0
553160,5/13/11 15:26,14194.0
553161,5/13/11 15:48,12681.0
553162,5/13/11 15:53,
553163,5/13/11 16:10,
553164,5/13/11 16:12,17961.0
553165,5/13/11 16:12,13623.0
553166,5/13/11 16:14,17655.0
553167,5/13/11 16:19,
553168,5/13/11 16:24,15159.0
553169,5/13/11 16:26,15159.0
553170,5/13/11 16:57,14676.0
553171,5/13/11 17:05,
553172,5/13/11 17:15,14031.0
553173,5/13/11 17:34,17400.0
553174,5/15/11 11:04,16206.0
553175,5/15/11 11:17,
553176,5/15/11 11:22,14689.0
553177,5/15/11 11:23,13094.0
553178,5/15/11 11:29,17302.0
553179,5/15/11 11:30,15440.0
553180,5/15/11 11:35,16466.0
553181,5/15/11 11:43,16168.0
553182,5/15/11 12:21,17107.0
553183,5/15/11 12:31,16076.0
553184,5/15/11 12:33,13232.0
553185,5/15/11 12:35,17504.0
553186,5/15/11 12:46,13183.0
553187,5/15/11 12:53,16809.0
553188,5/15/11 12:55,15379.0
553189,5/15/11 13:14,15033.0
553190,5/15/11 13:14,15164.0
553191,5/15/11 13:22,13118.0
553192,5/15/11 13:27,15333.0
553193,5/15/11 13:31,15081.0
553194,5/15/11 13:37,16283.0
553195,5/15/11 13:45,12599.0
553196,5/15/11 14:15,17114.0
553197,5/15/11 14:32,17263.0
553198,5/15/11 14:48,13752.0
553199,5/15/11 15:13,17758.0
553199,5/15/11 15:14,17758.0
553200,5/15/11 15:14,16034.0
553201,5/15/11 15:31,17758.0
553202,5/15/11 16:02,15854.0
553203,5/15/11 16:10,14911.0
553204,5/15/11 16:13,16877.0
553205,5/16/11 8:13,15813.0
553206,5/16/11 8:16,14156.0
553207,5/16/11 9:02,17001.0
553208,5/16/11 9:10,12674.0
553209,5/16/11 9:23,13777.0
553210,5/16/11 9:40,14016.0
553211,5/16/11 9:40,15358.0
553212,5/16/11 9:42,15358.0
553213,5/16/11 9:49,13408.0
553214,5/16/11 9:49,13408.0
553215,5/16/11 9:50,13408.0
553216,5/16/11 9:52,13408.0
553217,5/16/11 9:52,13408.0
553218,5/16/11 9:54,13408.0
553219,5/16/11 9:57,13769.0
553220,5/16/11 9:57,13319.0
553221,5/16/11 9:58,16607.0
C553222,5/16/11 10:10,13662.0
553223,5/16/11 10:28,12993.0
553224,5/16/11 10:40,17228.0
553225,5/16/11 10:41,16912.0
553226,5/16/11 10:43,16912.0
553227,5/16/11 10:46,14211.0
553228,5/16/11 10:48,16496.0
553229,5/16/11 10:50,15039.0
C553230,5/16/11 11:09,14201.0
553235,5/16/11 11:13,13018.0
553239,5/16/11 11:31,16226.0
553315,5/16/11 12:03,16705.0
553316,5/16/11 12:04,12682.0
553317,5/16/11 12:04,16705.0
553319,5/16/11 12:05,16705.0
553339,5/16/11 12:19,15125.0
553340,5/16/11 12:20,15125.0
553341,5/16/11 12:25,16293.0
553342,5/16/11 12:26,16293.0
553343,5/16/11 12:35,16642.0
553344,5/16/11 12:45,14952.0
553345,5/16/11 12:53,16729.0
553346,5/16/11 12:57,17054.0
553347,5/16/11 12:59,14755.0
553348,5/16/11 13:20,14911.0
553349,5/16/11 13:31,
553350,5/16/11 13:32,12871.0
553351,5/16/11 13:35,18118.0
553352,5/16/11 13:41,13089.0
553353,5/16/11 13:47,
C553354,5/16/11 13:54,
C553355,5/16/11 13:58,
553356,5/16/11 14:05,14038.0
553357,5/16/11 14:17,12684.0
553363,5/16/11 14:19,13650.0
553368,5/16/11 14:24,18102.0
553369,5/16/11 14:30,15044.0
C553370,5/16/11 14:30,
553371,5/16/11 14:32,17288.0
C553372,5/16/11 14:37,
C553373,5/16/11 14:48,
553374,5/16/11 14:51,14489.0
553375,5/16/11 14:52,14911.0
553375,5/16/11 14:53,14911.0
C553376,5/16/11 14:56,
553377,5/16/11 14:58,14888.0
C553378,5/16/11 15:02,
553379,5/16/11 15:28,14676.0
553380,5/16/11 15:29,17190.0
553381,5/16/11 15:34,13456.0
553382,5/16/11 15:47,14217.0
553383,5/16/11 15:48,18230.0
553384,5/16/11 15:53,16899.0
553385,5/16/11 15:53,16710.0
553386,5/16/11 16:22,13381.0
553387,5/16/11 16:33,
553388,5/16/11 16:36,15910.0
553389,5/16/11 16:37,
553390,5/16/11 16:41,17841.0
553391,5/16/11 16:42,
553392,5/16/11 16:44,16131.0
553393,5/16/11 16:46,
553394,5/16/11 16:47,
553395,5/16/11 16:47,
553396,5/16/11 16:48,
C553397,5/16/11 16:58,17841.0
553398,5/16/11 17:07,
553399,5/16/11 17:08,
553400,5/16/11 17:09,
553401,5/16/11 17:10,
553402,5/16/11 17:13,17898.0
553403,5/17/11 8:18,18061.0
553404,5/17/11 8:34,14952.0
553405,5/17/11 8:37,14952.0
553406,5/17/11 8:38,14952.0
C553407,5/17/11 8:58,15768.0
553408,5/17/11 9:13,13976.0
C553409,5/17/11 9:23,18136.0
553410,5/17/11 9:24,14320.0
553411,5/17/11 9:28,12714.0
553412,5/17/11 9:40,14344.0
553413,5/17/11 9:45,
C553414,5/17/11 9:57,12600.0
553415,5/17/11 10:02,12463.0
553416,5/17/11 10:04,18198.0
553417,5/17/11 10:08,13871.0
553418,5/17/11 10:10,18257.0
553419,5/17/11 10:10,16639.0
553420,5/17/11 10:14,17519.0
553421,5/17/11 10:23,16139.0
553422,5/17/11 10:27,16923.0
553423,5/17/11 10:28,17811.0
C553424,5/17/11 10:31,17811.0
553427,5/17/11 10:36,17522.0
553461,5/17/11 10:57,16316.0
553462,5/17/11 10:57,17147.0
553463,5/17/11 11:02,13488.0
553464,5/17/11 11:07,16218.0
553465,5/17/11 11:09,16218.0
553466,5/17/11 11:10,17949.0
553467,5/17/11 11:11,17857.0
553468,5/17/11 11:14,16029.0
553469,5/17/11 11:15,16029.0
553470,5/17/11 11:27,18102.0
553471,5/17/11 11:28,18102.0
553472,5/17/11 11:28,15093.0
553473,5/17/11 11:28,18102.0
553474,5/17/11 11:29,18102.0
553475,5/17/11 11:31,18102.0
553476,5/17/11 11:41,14221.0
553477,5/17/11 11:46,14239.0
C553478,5/17/11 11:47,17677.0
C553479,5/17/11 11:50,13098.0
553480,5/17/11 11:51,
553481,5/17/11 12:06,
C553482,5/17/11 12:07,14527.0
C553483,5/17/11 12:10,17527.0
553484,5/17/11 12:21,14513.0
553485,5/17/11 12:25,13208.0
C553486,5/17/11 12:29,17423.0
553487,5/17/11 12:38,13246.0
553488,5/17/11 12:40,18043.0
553489,5/17/11 12:43,15730.0
553490,5/17/11 12:44,13309.0
553491,5/17/11 12:44,15624.0
553496,5/17/11 12:47,14410.0
553497,5/17/11 12:49,14410.0
553498,5/17/11 12:56,17504.0
553499,5/17/11 12:57,17504.0
553500,5/17/11 12:58,17504.0
553501,5/17/11 12:59,17504.0
C553502,5/17/11 13:03,17677.0
553503,5/17/11 13:20,14606.0
553504,5/17/11 13:26,13310.0
553505,5/17/11 13:27,12949.0
553506,5/17/11 13:29,12949.0
553507,5/17/11 13:35,17220.0
553509,5/17/11 13:44,17220.0
C553508,5/17/11 13:44,14000.0
C553510,5/17/11 13:46,14342.0
C553511,5/17/11 13:49,
C553512,5/17/11 13:50,15005.0
C553513,5/17/11 13:58,
C553514,5/17/11 13:58,17700.0
553515,5/17/11 14:03,17515.0
C553516,5/17/11 14:07,14911.0
C553517,5/17/11 14:09,14209.0
C553518,5/17/11 14:14,16642.0
C553519,5/17/11 14:16,18218.0
553520,5/17/11 14:32,17238.0
553521,5/17/11 14:35,
553522,5/17/11 14:43,15005.0
553523,5/17/11 14:46,
553524,5/17/11 14:46,15570.0
553525,5/17/11 14:50,16266.0
553526,5/17/11 14:54,16266.0
553527,5/17/11 14:57,15123.0
C553528,5/17/11 14:58,
C553529,5/17/11 15:01,18118.0
C553530,5/17/11 15:08,13777.0
C553531,5/17/11 15:09,
C553532,5/17/11 15:13,14911.0
C553533,5/17/11 15:13,17612.0
C553534,5/17/11 15:15,14849.0
553535,5/17/11 15:17,
C553536,5/17/11 15:24,14051.0
553537,5/17/11 15:25,14032.0
553538,5/17/11 15:26,15855.0
553539,5/17/11 15:27,
553540,5/17/11 15:32,17511.0
553541,5/17/11 15:33,
553542,5/17/11 15:34,
553543,5/17/11 15:35,
553544,5/17/11 15:36,
553545,5/17/11 15:37,
553546,5/17/11 15:42,12415.0
553547,5/17/11 15:48,12474.0
553548,5/17/11 15:57,
553549,5/17/11 16:09,
553550,5/17/11 16:21,13631.0
553551,5/17/11 16:23,13631.0
553552,5/17/11 16:23,17702.0
553553,5/17/11 16:32,16156.0
553556,5/17/11 16:48,17530.0
553556,5/17/11 16:49,17530.0
C553557,5/17/11 17:03,13266.0
C553558,5/17/11 17:11,14112.0
553559,5/17/11 17:12,14931.0
C553560,5/17/11 17:14,14931.0
C553561,5/17/11 17:24,15596.0
C553562,5/17/11 17:26,13534.0
C553563,5/17/11 17:39,14342.0
C553564,5/17/11 17:43,17581.0
553565,5/18/11 9:01,17505.0
553566,5/18/11 9:09,12690.0
553567,5/18/11 9:13,13592.0
C553568,5/18/11 9:20,13650.0
553570,5/18/11 9:23,13756.0
C553569,5/18/11 9:23,16116.0
553571,5/18/11 9:35,17287.0
553572,5/18/11 9:37,18223.0
553573,5/18/11 9:52,16446.0
553574,5/18/11 9:59,16422.0
553575,5/18/11 10:08,18260.0
553576,5/18/11 10:29,14282.0
553577,5/18/11 10:34,12437.0
553578,5/18/11 10:39,13767.0
553579,5/18/11 10:39,13767.0
553585,5/18/11 10:41,15301.0
553607,5/18/11 10:47,16684.0
553612,5/18/11 10:48,17556.0
553614,5/18/11 10:48,16684.0
553625,5/18/11 10:50,16684.0
553638,5/18/11 10:56,14180.0
553650,5/18/11 11:02,14731.0
553651,5/18/11 11:06,
553652,5/18/11 11:06,
553653,5/18/11 11:08,16701.0
553654,5/18/11 11:08,13094.0
553655,5/18/11 11:14,16775.0
C553656,5/18/11 11:21,17389.0
553657,5/18/11 11:28,14583.0
553658,5/18/11 11:42,16818.0
553659,5/18/11 11:47,
553660,5/18/11 11:58,14620.0
553661,5/18/11 11:59,13572.0
553662,5/18/11 12:07,14758.0
553663,5/18/11 12:13,14527.0
553664,5/18/11 12:15,16906.0
C553665,5/18/11 12:16,14527.0
553666,5/18/11 12:18,12679.0
553668,5/18/11 12:21,13993.0
C553667,5/18/11 12:21,14755.0
C553669,5/18/11 12:24,15128.0
553670,5/18/11 12:28,14407.0
553671,5/18/11 12:37,13659.0
553672,5/18/11 12:44,15811.0
553673,5/18/11 12:46,16814.0
553674,5/18/11 12:50,12483.0
553675,5/18/11 12:52,13719.0
553676,5/18/11 12:57,16553.0
553677,5/18/11 12:58,16553.0
553678,5/18/11 13:00,14009.0
553679,5/18/11 13:09,14565.0
553680,5/18/11 13:11,13258.0
553681,5/18/11 13:13,15410.0
553682,5/18/11 13:20,14646.0
553683,5/18/11 13:50,14060.0
553684,5/18/11 13:55,16389.0
553685,5/18/11 13:56,18097.0
553686,5/18/11 13:58,14911.0
C553687,5/18/11 14:01,15311.0
553688,5/18/11 14:05,
553689,5/18/11 14:07,17389.0
553690,5/18/11 14:08,17389.0
553691,5/18/11 14:08,15311.0
553701,5/18/11 14:42,14463.0
553702,5/18/11 14:50,13263.0
553703,5/18/11 14:57,13192.0
553706,5/18/11 15:23,13854.0
553707,5/18/11 15:26,16843.0
553708,5/18/11 15:28,16843.0
553709,5/18/11 15:29,13767.0
553710,5/18/11 15:35,17338.0
553711,5/18/11 15:39,13552.0
553712,5/18/11 15:41,13552.0
553713,5/18/11 15:47,13798.0
553714,5/18/11 15:55,16987.0
553715,5/18/11 16:05,
553716,5/18/11 16:07,
553717,5/18/11 16:07,
553718,5/18/11 16:14,
553719,5/18/11 16:18,
553720,5/18/11 16:26,13417.0
553721,5/18/11 16:37,16570.0
553722,5/18/11 16:37,12999.0
553724,5/18/11 16:50,17047.0
553725,5/18/11 16:51,17047.0
553726,5/18/11 16:52,16681.0
553727,5/18/11 16:56,13531.0
553728,5/18/11 17:17,
553729,5/18/11 17:17,
553730,5/19/11 7:49,16525.0
553731,5/19/11 8:26,12481.0
553732,5/19/11 8:27,12481.0
553733,5/19/11 8:29,14735.0
553734,5/19/11 8:31,14735.0
553735,5/19/11 8:32,14735.0
553736,5/19/11 8:33,14735.0
553737,5/19/11 8:50,15116.0
553738,5/19/11 8:55,17469.0
553739,5/19/11 9:23,14895.0
553740,5/19/11 9:31,16647.0
553741,5/19/11 9:37,12520.0
553742,5/19/11 9:38,16133.0
553743,5/19/11 9:44,
553744,5/19/11 9:44,
553745,5/19/11 9:46,
553746,5/19/11 9:46,
553747,5/19/11 9:47,13627.0
C553748,5/19/11 9:57,16676.0
553749,5/19/11 9:59,13468.0
553750,5/19/11 10:16,15660.0
553751,5/19/11 10:16,15630.0
553752,5/19/11 10:20,14896.0
553753,5/19/11 10:22,12971.0
553754,5/19/11 10:25,16175.0
553755,5/19/11 10:32,17457.0
553762,5/19/11 10:38,18145.0
C553763,5/19/11 10:39,15081.0
553765,5/19/11 10:43,17245.0
553766,5/19/11 10:44,
553767,5/19/11 10:46,
553768,5/19/11 10:47,
553769,5/19/11 10:48,
C553780,5/19/11 10:53,15730.0
553781,5/19/11 10:54,16008.0
C553801,5/19/11 11:05,17526.0
553828,5/19/11 11:24,17865.0
553829,5/19/11 11:28,16455.0
553830,5/19/11 11:32,17871.0
553831,5/19/11 11:36,14442.0
553832,5/19/11 11:38,12957.0
553833,5/19/11 11:41,17346.0
553834,5/19/11 11:47,15189.0
553835,5/19/11 11:50,13529.0
553836,5/19/11 12:08,17017.0
553837,5/19/11 12:09,17017.0
553838,5/19/11 12:10,12620.0
553839,5/19/11 12:13,12897.0
C553840,5/19/11 12:15,12471.0
C553841,5/19/11 12:19,16029.0
553842,5/19/11 12:24,12524.0
553843,5/19/11 12:29,12553.0
553844,5/19/11 12:36,13450.0
553845,5/19/11 12:38,17675.0
553846,5/19/11 12:40,15738.0
553847,5/19/11 12:41,15738.0
553848,5/19/11 12:50,17364.0
553849,5/19/11 12:54,
553850,5/19/11 12:59,18075.0
C553851,5/19/11 13:04,15811.0
553852,5/19/11 13:05,15599.0
553853,5/19/11 13:08,16782.0
C553854,5/19/11 13:13,
553855,5/19/11 13:16,15854.0
553856,5/19/11 13:28,16813.0
553857,5/19/11 13:30,
553858,5/19/11 13:35,
553859,5/19/11 13:35,14505.0
553860,5/19/11 13:57,17841.0
553861,5/19/11 13:58,13591.0
553863,5/19/11 14:05,13418.0
C553862,5/19/11 14:05,
553864,5/19/11 14:08,15862.0
C553865,5/19/11 14:10,
C553866,5/19/11 14:14,14620.0
553867,5/19/11 14:19,17306.0
553868,5/19/11 14:24,16998.0
553869,5/19/11 14:27,15394.0
553870,5/19/11 14:29,17980.0
553871,5/19/11 14:30,16998.0
553872,5/19/11 14:35,13050.0
553873,5/19/11 14:42,14859.0
553874,5/19/11 14:44,15660.0
C553875,5/19/11 14:44,15660.0
553876,5/19/11 14:45,16463.0
C553877,5/19/11 14:47,13319.0
553878,5/19/11 14:56,14733.0
553879,5/19/11 15:15,15791.0
C553880,5/19/11 15:23,13762.0
553881,5/19/11 15:24,16966.0
553882,5/19/11 15:30,16672.0
553883,5/19/11 15:31,16672.0
553884,5/19/11 15:36,12600.0
553885,5/19/11 15:41,12601.0
553886,5/19/11 15:53,15648.0
553887,5/19/11 16:04,17068.0
553888,5/19/11 16:09,15201.0
553889,5/19/11 16:31,13405.0
553890,5/19/11 16:32,
553891,5/19/11 16:47,16839.0
553892,5/19/11 16:56,14825.0
553893,5/19/11 17:13,17560.0
553894,5/19/11 17:15,13658.0
553895,5/19/11 17:18,15271.0
553896,5/19/11 17:22,13887.0
553897,5/19/11 17:23,14911.0
553898,5/19/11 17:23,17389.0
553899,5/19/11 17:25,14292.0
553900,5/19/11 17:47,12353.0
553901,5/19/11 17:48,14911.0
553902,5/19/11 18:02,15809.0
C553903,5/19/11 18:08,17671.0
C553904,5/19/11 18:10,13081.0
C553905,5/19/11 18:11,15622.0
C553906,5/19/11 18:13,16554.0
553907,5/19/11 18:21,14551.0
553908,5/19/11 18:28,18177.0
553909,5/19/11 19:00,12951.0
553911,5/19/11 19:02,18168.0
C553910,5/19/11 19:02,18168.0
553912,5/19/11 19:32,15122.0
553913,5/19/11 19:47,18109.0
C553914,5/19/11 19:50,18109.0
553915,5/19/11 19:51,18225.0
553916,5/20/11 8:18,17166.0
553917,5/20/11 8:30,17615.0
553918,5/20/11 8:39,16146.0
553919,5/20/11 8:41,17416.0
553920,5/20/11 8:57,15955.0
553921,5/20/11 9:08,13376.0
553922,5/20/11 9:24,17926.0
553923,5/20/11 9:30,13266.0
C553924,5/20/11 9:34,12476.0
553925,5/20/11 9:38,15370.0
553926,5/20/11 9:47,12955.0
553927,5/20/11 9:56,17381.0
553928,5/20/11 10:02,12931.0
553929,5/20/11 10:04,12931.0
553930,5/20/11 10:22,13178.0
553931,5/20/11 10:27,14911.0
553932,5/20/11 10:29,15768.0
553933,5/20/11 10:30,15078.0
553934,5/20/11 10:31,15078.0
553935,5/20/11 10:32,15856.0
553936,5/20/11 10:32,15078.0
553937,5/20/11 10:33,14056.0
553938,5/20/11 10:35,14112.0
553940,5/20/11 10:36,14112.0
553941,5/20/11 10:37,14334.0
553942,5/20/11 10:37,18055.0
553946,5/20/11 10:48,15601.0
553952,5/20/11 10:50,13391.0
553978,5/20/11 11:03,16182.0
553979,5/20/11 11:07,15694.0
553996,5/20/11 11:33,15220.0
553997,5/20/11 11:34,12656.0
C553998,5/20/11 11:50,16618.0
C553999,5/20/11 11:52,13408.0
554000,5/20/11 11:53,14794.0
C554001,5/20/11 11:54,16818.0
C554002,5/20/11 12:09,13692.0
554003,5/20/11 12:17,13324.0
C554004,5/20/11 12:21,15367.0
C554005,5/20/11 12:23,15620.0
C554006,5/20/11 12:25,13418.0
554007,5/20/11 12:26,17961.0
554008,5/20/11 12:31,17455.0
554009,5/20/11 12:38,12935.0
C554010,5/20/11 12:44,17940.0
C554011,5/20/11 12:55,13151.0
C554012,5/20/11 12:56,15125.0
554013,5/20/11 13:13,13308.0
554014,5/20/11 13:13,13856.0
554015,5/20/11 13:14,17644.0
554016,5/20/11 13:14,13243.0
554017,5/20/11 13:15,
554018,5/20/11 13:15,17644.0
554019,5/20/11 13:16,17591.0
554020,5/20/11 13:17,
554021,5/20/11 13:18,
554022,5/20/11 13:19,
554023,5/20/11 13:20,
554024,5/20/11 13:21,
554026,5/20/11 13:34,13324.0
C554025,5/20/11 13:34,14565.0
554027,5/20/11 13:40,15260.0
554028,5/20/11 13:43,15410.0
C554029,5/20/11 13:54,12681.0
554030,5/20/11 13:56,16497.0
554031,5/20/11 13:58,16497.0
554032,5/20/11 14:04,13824.0
554033,5/20/11 14:06,16187.0
554034,5/20/11 14:06,13324.0
554035,5/20/11 14:07,16187.0
554036,5/20/11 14:11,13767.0
554037,5/20/11 14:13,12415.0
554038,5/20/11 14:23,12775.0
554039,5/20/11 14:27,15095.0
554040,5/20/11 14:35,15290.0
554041,5/20/11 14:41,16226.0
554042,5/20/11 14:47,15237.0
554043,5/20/11 14:47,16832.0
554050,5/20/11 14:54,18048.0
554051,5/20/11 14:56,16696.0
554052,5/20/11 14:58,18048.0
554053,5/20/11 15:08,14282.0
554054,5/20/11 15:29,
554055,5/20/11 15:39,18198.0
554056,5/20/11 15:40,
554057,5/20/11 15:52,17867.0
554058,5/20/11 16:04,17757.0
554059,5/20/11 16:25,14388.0
554060,5/20/11 16:55,18008.0
554061,5/20/11 16:56,18008.0
554062,5/22/11 10:21,13654.0
554063,5/22/11 10:27,13631.0
554064,5/22/11 10:29,14195.0
554065,5/22/11 10:39,18287.0
554066,5/22/11 10:40,12916.0
554067,5/22/11 10:47,18150.0
554068,5/22/11 10:53,16690.0
554069,5/22/11 10:57,15281.0
554070,5/22/11 11:06,13555.0
554071,5/22/11 11:17,13113.0
554072,5/22/11 11:24,13555.0
554073,5/22/11 11:26,17007.0
554074,5/22/11 11:28,13230.0
554075,5/22/11 11:29,16038.0
554076,5/22/11 11:30,16556.0
554077,5/22/11 11:34,13972.0
554078,5/22/11 11:38,12971.0
554079,5/22/11 11:41,14546.0
554080,5/22/11 11:42,16931.0
554081,5/22/11 11:47,13227.0
554082,5/22/11 11:49,14878.0
554083,5/22/11 11:51,18125.0
554084,5/22/11 11:52,12909.0
554085,5/22/11 11:53,16945.0
554086,5/22/11 11:54,16945.0
554087,5/22/11 12:03,13946.0
554088,5/22/11 12:12,16801.0
554089,5/22/11 12:16,13527.0
554090,5/22/11 12:22,17315.0
554091,5/22/11 12:35,13657.0
554092,5/22/11 12:41,17176.0
554093,5/22/11 12:49,14837.0
554094,5/22/11 12:49,15716.0
554095,5/22/11 12:51,14682.0
554096,5/22/11 12:51,14921.0
554097,5/22/11 13:01,12567.0
554098,5/22/11 13:01,14769.0
554099,5/22/11 13:20,16341.0
C554100,5/22/11 13:27,15555.0
554101,5/22/11 13:29,13549.0
554102,5/22/11 13:40,14647.0
554103,5/22/11 13:51,15555.0
554104,5/22/11 14:03,12705.0
554105,5/22/11 14:04,14711.0
554106,5/22/11 14:05,12710.0
554107,5/22/11 14:09,16249.0
554108,5/22/11 14:29,13668.0
554109,5/22/11 14:33,12682.0
554110,5/22/11 14:35,13468.0
554111,5/22/11 14:40,15724.0
554112,5/22/11 14:44,17611.0
554113,5/22/11 14:53,16700.0
554114,5/22/11 15:00,15292.0
554115,5/22/11 15:03,15938.0
554116,5/22/11 15:11,14514.0
554116,5/22/11 15:12,14514.0
554117,5/22/11 15:12,13758.0
554118,5/22/11 15:26,16592.0
554119,5/22/11 15:27,16592.0
554120,5/22/11 15:28,16592.0
554121,5/22/11 15:31,17690.0
554122,5/22/11 15:37,15705.0
554123,5/22/11 15:44,16818.0
554124,5/23/11 8:31,13339.0
554125,5/23/11 8:52,13885.0
554126,5/23/11 9:14,12431.0
C554127,5/23/11 9:24,17949.0
554128,5/23/11 9:26,
554129,5/23/11 9:39,14189.0
554130,5/23/11 9:42,17949.0
554131,5/23/11 9:43,13988.0
554132,5/23/11 9:43,12360.0
554133,5/23/11 9:46,
554134,5/23/11 9:48,12583.0
554135,5/23/11 9:58,12877.0
C554136,5/23/11 10:02,14239.0
554137,5/23/11 10:13,12708.0
554138,5/23/11 10:21,14239.0
554139,5/23/11 10:34,14911.0
554141,5/23/11 10:34,14189.0
C554140,5/23/11 10:34,13004.0
554142,5/23/11 10:38,15288.0
554143,5/23/11 10:40,
554144,5/23/11 10:42,
554145,5/23/11 10:43,
554146,5/23/11 10:45,13479.0
554147,5/23/11 10:48,12423.0
554148,5/23/11 10:53,
554149,5/23/11 10:53,
554151,5/23/11 11:07,14049.0
C554150,5/23/11 11:07,14573.0
C554152,5/23/11 11:21,18257.0
C554153,5/23/11 11:21,16033.0
C554154,5/23/11 11:24,12757.0
554155,5/23/11 11:26,12757.0
554156,5/23/11 11:28,13798.0
554157,5/23/11 11:33,18283.0
554158,5/23/11 11:44,15563.0
554159,5/23/11 11:48,12464.0
554160,5/23/11 11:49,17841.0
554161,5/23/11 11:49,12464.0
554162,5/23/11 11:52,16722.0
554163,5/23/11 11:52,14573.0
554164,5/23/11 11:58,14364.0
554181,5/23/11 12:09,13078.0
554202,5/23/11 12:14,13546.0
C554197,5/23/11 12:14,14573.0
C554203,5/23/11 12:14,14573.0
554207,5/23/11 12:15,14573.0
C554210,5/23/11 12:16,14573.0
554261,5/23/11 12:32,16033.0
554262,5/23/11 12:32,17715.0
554263,5/23/11 12:32,12474.0
554264,5/23/11 12:35,15602.0
554265,5/23/11 12:38,
C554266,5/23/11 12:48,12474.0
554267,5/23/11 12:56,
554268,5/23/11 12:59,15311.0
554269,5/23/11 13:03,13223.0
554270,5/23/11 13:05,15046.0
554271,5/23/11 13:06,16422.0
554272,5/23/11 13:08,12901.0
C554273,5/23/11 13:09,13883.0
554274,5/23/11 13:12,16266.0
554275,5/23/11 13:17,14903.0
554276,5/23/11 13:19,
554277,5/23/11 13:20,12901.0
554278,5/23/11 13:25,13831.0
554279,5/23/11 13:28,17723.0
554280,5/23/11 13:35,14817.0
554281,5/23/11 13:41,18160.0
554282,5/23/11 14:01,15769.0
554283,5/23/11 14:11,17686.0
554284,5/23/11 14:14,17686.0
554285,5/23/11 14:15,
554286,5/23/11 14:16,17686.0
554287,5/23/11 14:17,
554289,5/23/11 14:18,15434.0
554293,5/23/11 14:19,
554299,5/23/11 14:28,
C554300,5/23/11 14:33,13455.0
554301,5/23/11 14:46,12757.0
C554302,5/23/11 14:50,12757.0
C554303,5/23/11 14:52,12757.0
554305,5/23/11 14:58,12757.0
554306,5/23/11 14:59,15734.0
554307,5/23/11 14:59,12989.0
554309,5/23/11 15:00,12989.0
C554308,5/23/11 15:00,12757.0
554310,5/23/11 15:25,
554311,5/23/11 15:28,
554312,5/23/11 15:28,
554313,5/23/11 15:28,
554314,5/23/11 15:29,
554315,5/23/11 15:29,16086.0
554316,5/23/11 15:29,
554317,5/23/11 15:29,
554318,5/23/11 15:30,
554319,5/23/11 15:31,
554320,5/23/11 15:32,
554321,5/23/11 15:32,
554322,5/23/11 15:33,17512.0
554323,5/23/11 15:33,16729.0
554324,5/23/11 15:38,12712.0
554325,5/23/11 15:38,12621.0
554326,5/23/11 16:32,13737.0
554328,5/23/11 16:49,
554329,5/23/11 16:52,15796.0
C554330,5/23/11 17:08,12749.0
C554331,5/23/11 17:13,16523.0
C554332,5/23/11 17:14,14009.0
C554333,5/23/11 17:15,13310.0
C554334,5/23/11 17:16,13089.0
C554335,5/23/11 17:18,15201.0
C554336,5/23/11 17:20,12474.0
554337,5/23/11 17:25,17920.0
C554338,5/23/11 17:29,14038.0
C554339,5/23/11 17:39,15128.0
C554340,5/23/11 17:40,17017.0
C554341,5/23/11 17:41,15630.0
C554342,5/23/11 17:42,16912.0
C554343,5/23/11 17:43,14859.0
C554344,5/23/11 17:44,14032.0
C554345,5/23/11 17:47,13767.0
C554346,5/23/11 17:48,18260.0
554347,5/24/11 8:21,16523.0
554348,5/24/11 8:49,13523.0
554349,5/24/11 8:49,14191.0
554350,5/24/11 8:51,13523.0
554351,5/24/11 8:53,15132.0
554352,5/24/11 8:57,
554353,5/24/11 9:10,14258.0
554354,5/24/11 9:12,15987.0
554355,5/24/11 9:20,16992.0
554356,5/24/11 9:25,12670.0
554357,5/24/11 9:26,15987.0
554358,5/24/11 9:32,17450.0
554359,5/24/11 9:56,13590.0
554360,5/24/11 9:59,
C554361,5/24/11 10:15,17811.0
554362,5/24/11 10:17,17811.0
554363,5/24/11 10:19,12647.0
554364,5/24/11 10:21,16029.0
554365,5/24/11 10:22,13089.0
554366,5/24/11 10:24,17450.0
554367,5/24/11 10:24,13089.0
554368,5/24/11 10:33,13267.0
554369,5/24/11 10:34,13267.0
554370,5/24/11 10:35,13267.0
554371,5/24/11 10:42,17659.0
554372,5/24/11 10:50,13842.0
C554373,5/24/11 11:23,16998.0
C554374,5/24/11 11:27,15128.0
554375,5/24/11 11:29,18044.0
554376,5/24/11 11:31,15719.0
554377,5/24/11 11:34,
554378,5/24/11 11:35,
554379,5/24/11 11:35,14047.0
554380,5/24/11 11:45,16709.0
554381,5/24/11 11:46,16709.0
554382,5/24/11 11:55,17365.0
554392,5/24/11 12:04,14534.0
554415,5/24/11 12:10,18202.0
554421,5/24/11 12:12,18202.0
554424,5/24/11 12:14,14527.0
554432,5/24/11 12:16,
554436,5/24/11 12:18,
554441,5/24/11 12:22,13213.0
554465,5/24/11 12:36,13534.0
C554477,5/24/11 12:44,16086.0
554483,5/24/11 12:57,13771.0
554484,5/24/11 13:02,13854.0
554485,5/24/11 13:22,18018.0
C554486,5/24/11 13:25,13168.0
554487,5/24/11 13:27,16919.0
554488,5/24/11 13:35,
554489,5/24/11 13:46,17272.0
554490,5/24/11 13:50,17058.0
554491,5/24/11 13:50,14606.0
554492,5/24/11 13:56,13168.0
C554493,5/24/11 13:59,16818.0
554494,5/24/11 14:00,16327.0
554495,5/24/11 14:18,17961.0
554496,5/24/11 14:25,18173.0
554497,5/24/11 14:38,15819.0
554498,5/24/11 14:39,15314.0
554502,5/24/11 14:47,14289.0
554503,5/24/11 15:06,14163.0
554504,5/24/11 15:13,17719.0
554505,5/24/11 15:14,17521.0
554506,5/24/11 15:22,14083.0
554507,5/24/11 15:29,15513.0
554508,5/24/11 15:33,13213.0
554509,5/24/11 15:45,17375.0
554510,5/24/11 15:51,17389.0
554511,5/24/11 15:52,
554512,5/24/11 15:54,
554513,5/24/11 15:56,14057.0
554514,5/24/11 15:58,
554515,5/24/11 16:25,15042.0
C554516,5/24/11 16:50,14527.0
C554517,5/24/11 16:55,15434.0
C554518,5/24/11 16:58,16592.0
C554519,5/24/11 16:59,13549.0
554520,5/24/11 17:03,17841.0
C554521,5/24/11 17:11,14407.0
C554522,5/24/11 17:12,18223.0
C554523,5/24/11 17:17,12863.0
554524,5/24/11 17:18,14738.0
C554525,5/24/11 17:19,15093.0
554526,5/24/11 17:24,
C554527,5/24/11 17:25,15251.0
C554528,5/24/11 17:26,14217.0
C554529,5/24/11 17:27,14226.0
C554530,5/24/11 17:28,15596.0
C554531,5/24/11 17:30,12463.0
C554532,5/24/11 17:32,14194.0
C554533,5/24/11 17:33,16923.0
554534,5/24/11 17:34,16923.0
C554535,5/24/11 17:36,17940.0
C554536,5/24/11 17:38,16705.0
C554537,5/24/11 17:45,16057.0
554538,5/24/11 17:46,
C554539,5/24/11 17:47,14911.0
C554540,5/24/11 17:49,15125.0
C554541,5/24/11 17:50,13078.0
554542,5/25/11 8:32,15194.0
554543,5/25/11 9:18,16091.0
C554544,5/25/11 9:34,
554545,5/25/11 9:35,13102.0
554546,5/25/11 9:37,
554547,5/25/11 9:37,13102.0
554549,5/25/11 9:57,12747.0
554550,5/25/11 9:57,
554551,5/25/11 9:58,
554552,5/25/11 9:58,13694.0
554553,5/25/11 9:59,
554554,5/25/11 10:02,13694.0
554555,5/25/11 10:08,12437.0
554556,5/25/11 10:11,13098.0
554557,5/25/11 10:12,15804.0
C554558,5/25/11 10:24,13268.0
554559,5/25/11 10:28,
554560,5/25/11 10:35,13317.0
554561,5/25/11 10:35,13317.0
554570,5/25/11 10:53,13728.0
554579,5/25/11 10:56,18229.0
554597,5/25/11 11:01,15140.0
554598,5/25/11 11:12,13263.0
554603,5/25/11 11:14,14593.0
554617,5/25/11 11:21,14593.0
554627,5/25/11 11:26,
554628,5/25/11 11:26,15039.0
554629,5/25/11 11:34,15882.0
554630,5/25/11 11:34,13268.0
554631,5/25/11 11:35,15882.0
554632,5/25/11 11:41,14287.0
554633,5/25/11 11:44,14287.0
554634,5/25/11 11:44,
554635,5/25/11 11:45,13069.0
554636,5/25/11 11:52,16763.0
554637,5/25/11 11:58,14688.0
554638,5/25/11 11:59,14810.0
554639,5/25/11 12:00,17955.0
554640,5/25/11 12:06,14680.0
554641,5/25/11 12:06,17770.0
554642,5/25/11 12:19,14646.0
554643,5/25/11 12:28,16133.0
554644,5/25/11 12:34,15311.0
554645,5/25/11 12:34,17770.0
554646,5/25/11 12:39,17790.0
554647,5/25/11 12:39,14705.0
554648,5/25/11 12:44,12562.0
554649,5/25/11 12:46,16133.0
554650,5/25/11 12:54,12681.0
554651,5/25/11 12:55,12779.0
554652,5/25/11 12:56,
554653,5/25/11 13:33,
554654,5/25/11 13:34,12815.0
554655,5/25/11 13:35,12924.0
554656,5/25/11 13:36,17663.0
554658,5/25/11 14:18,12839.0
554663,5/25/11 14:29,14985.0
554664,5/25/11 14:40,14397.0
554665,5/25/11 14:44,14336.0
554666,5/25/11 14:54,13599.0
554667,5/25/11 15:18,15727.0
554668,5/25/11 15:19,18226.0
554669,5/25/11 15:31,15203.0
554670,5/25/11 15:47,18044.0
554671,5/25/11 15:47,14009.0
554672,5/25/11 15:54,14415.0
554673,5/25/11 16:01,
554674,5/25/11 16:01,14522.0
554675,5/25/11 16:01,
554676,5/25/11 16:03,
554677,5/25/11 16:03,
554678,5/25/11 16:03,
554679,5/25/11 16:04,
554680,5/25/11 16:04,
554681,5/25/11 16:04,
554682,5/25/11 16:08,14085.0
554683,5/25/11 16:09,
554684,5/25/11 16:28,16448.0
C554685,5/25/11 16:30,16161.0
C554686,5/25/11 16:43,15729.0
C554687,5/25/11 16:49,13479.0
C554688,5/25/11 16:50,14442.0
C554689,5/25/11 16:51,15027.0
C554690,5/25/11 16:56,16871.0
C554691,5/25/11 16:57,12921.0
C554692,5/25/11 16:57,12935.0
C554693,5/25/11 16:59,14292.0
554694,5/25/11 17:06,
554695,5/25/11 17:12,16161.0
554696,5/25/11 17:14,
554697,5/25/11 17:31,14584.0
554698,5/26/11 8:38,16678.0
554699,5/26/11 9:17,12613.0
554700,5/26/11 9:18,12613.0
554701,5/26/11 9:33,12974.0
554702,5/26/11 9:45,15805.0
554703,5/26/11 10:03,15281.0
554704,5/26/11 10:09,15658.0
554705,5/26/11 10:12,12910.0
554706,5/26/11 10:13,12910.0
554707,5/26/11 10:15,14101.0
554708,5/26/11 10:25,16449.0
554709,5/26/11 10:35,15769.0
554710,5/26/11 10:37,15769.0
554711,5/26/11 10:41,12654.0
554712,5/26/11 10:43,16873.0
554713,5/26/11 10:43,12654.0
554714,5/26/11 10:44,
C554715,5/26/11 11:02,13658.0
C554716,5/26/11 11:03,
C554717,5/26/11 11:04,13089.0
554718,5/26/11 11:16,12942.0
554756,5/26/11 11:36,16837.0
554762,5/26/11 11:37,16837.0
554765,5/26/11 11:38,16837.0
554770,5/26/11 11:40,14911.0
554776,5/26/11 11:43,14911.0
C554781,5/26/11 11:44,14245.0
554787,5/26/11 11:51,16356.0
554788,5/26/11 12:00,12987.0
554789,5/26/11 12:07,16966.0
C554790,5/26/11 12:10,14911.0
554791,5/26/11 12:12,14911.0
554792,5/26/11 12:38,12547.0
554794,5/26/11 12:41,12720.0
C554793,5/26/11 12:41,12901.0
554795,5/26/11 12:46,14210.0
554798,5/26/11 12:52,15189.0
554808,5/26/11 13:01,17059.0
554809,5/26/11 13:13,16838.0
554810,5/26/11 13:16,14816.0
554811,5/26/11 13:20,
554812,5/26/11 13:21,15005.0
554813,5/26/11 13:26,15852.0
554814,5/26/11 13:34,16609.0
554815,5/26/11 13:46,13798.0
554816,5/26/11 14:01,17550.0
554817,5/26/11 14:08,15622.0
554818,5/26/11 14:09,13199.0
554819,5/26/11 14:09,17550.0
554820,5/26/11 14:09,15622.0
554821,5/26/11 14:09,13199.0
554822,5/26/11 14:17,12937.0
554823,5/26/11 14:20,16624.0
554824,5/26/11 14:21,15785.0
554825,5/26/11 14:45,16843.0
554826,5/26/11 14:53,12493.0
554827,5/26/11 15:19,14646.0
554828,5/26/11 15:21,
554829,5/26/11 15:22,
554830,5/26/11 15:22,
554831,5/26/11 15:22,
554832,5/26/11 15:30,16092.0
554834,5/26/11 15:35,17416.0
554835,5/26/11 16:11,15241.0
554836,5/26/11 16:25,13015.0
554837,5/26/11 16:30,14584.0
554838,5/26/11 16:30,18232.0
554839,5/26/11 17:15,14056.0
554840,5/26/11 17:16,12684.0
554841,5/26/11 17:21,
554842,5/26/11 18:17,14740.0
554843,5/26/11 19:13,13911.0
554844,5/26/11 19:38,18073.0
554845,5/26/11 19:49,17450.0
C554846,5/26/11 19:55,16700.0
C554847,5/26/11 19:56,12909.0
C554848,5/26/11 19:56,13659.0
C554849,5/26/11 19:58,17865.0
554850,5/27/11 9:15,17739.0
C554851,5/27/11 9:17,16463.0
554852,5/27/11 9:24,
554853,5/27/11 9:32,16839.0
554854,5/27/11 9:39,16369.0
554855,5/27/11 9:48,15172.0
C554856,5/27/11 9:55,17166.0
554857,5/27/11 10:08,
554858,5/27/11 10:15,17042.0
554859,5/27/11 10:16,14828.0
554860,5/27/11 10:20,15249.0
554861,5/27/11 10:29,12633.0
C554862,5/27/11 10:34,13468.0
C554863,5/27/11 10:35,15660.0
C554864,5/27/11 10:36,15122.0
554865,5/27/11 10:37,14280.0
554866,5/27/11 10:41,13488.0
C554867,5/27/11 10:48,13050.0
554868,5/27/11 10:52,13135.0
554869,5/27/11 10:55,16525.0
C554870,5/27/11 10:57,15078.0
C554871,5/27/11 10:58,18225.0
C554872,5/27/11 10:59,16341.0
C554873,5/27/11 11:00,13988.0
C554874,5/27/11 11:02,15615.0
C554905,5/27/11 11:17,14191.0
554906,5/27/11 11:41,14194.0
554907,5/27/11 11:45,
554915,5/27/11 12:23,16133.0
554916,5/27/11 12:26,17345.0
554917,5/27/11 12:29,15104.0
554918,5/27/11 12:29,17345.0
554919,5/27/11 12:38,13225.0
554920,5/27/11 12:41,16275.0
554921,5/27/11 12:44,13854.0
554922,5/27/11 12:47,14735.0
554923,5/27/11 12:48,14735.0
554924,5/27/11 12:54,12748.0
C554925,5/27/11 12:57,17272.0
C554926,5/27/11 12:59,16422.0
554927,5/27/11 13:00,16726.0
554928,5/27/11 13:03,
554929,5/27/11 13:16,13018.0
554930,5/27/11 13:17,15939.0
C554931,5/27/11 13:21,17841.0
554932,5/27/11 13:24,12999.0
554933,5/27/11 13:26,13232.0
554934,5/27/11 13:29,12971.0
554935,5/27/11 13:30,14338.0
554936,5/27/11 13:30,12971.0
554937,5/27/11 13:32,15402.0
554938,5/27/11 13:34,12876.0
554939,5/27/11 13:49,15311.0
554940,5/27/11 13:49,12494.0
554941,5/27/11 13:53,16016.0
554942,5/27/11 14:01,17841.0
554943,5/27/11 14:10,13798.0
554944,5/27/11 14:12,18073.0
554945,5/27/11 14:12,
554946,5/27/11 14:22,18242.0
554947,5/27/11 14:29,12748.0
554948,5/27/11 14:29,14447.0
554949,5/27/11 14:44,14092.0
554950,5/27/11 14:48,14227.0
554951,5/27/11 14:48,16323.0
554952,5/27/11 14:48,14227.0
554953,5/27/11 14:49,14227.0
554954,5/27/11 14:50,14227.0
554955,5/27/11 14:55,17412.0
554956,5/27/11 15:17,
554957,5/27/11 15:17,
554958,5/27/11 15:17,
554959,5/27/11 15:18,
554960,5/27/11 15:18,
554961,5/27/11 15:19,
554962,5/27/11 15:24,
554963,5/27/11 15:32,14625.0
554964,5/27/11 15:57,15867.0
554965,5/27/11 16:00,14560.0
554966,5/27/11 16:17,16034.0
554967,5/27/11 16:23,
554968,5/27/11 16:24,17961.0
554969,5/27/11 16:30,14976.0
C554973,5/27/11 16:48,14976.0
554974,5/27/11 17:14,14031.0
554975,5/29/11 10:40,17819.0
554976,5/29/11 10:57,15046.0
554977,5/29/11 11:03,16444.0
554978,5/29/11 11:05,16889.0
554979,5/29/11 11:34,16931.0
554980,5/29/11 11:59,17613.0
554981,5/29/11 12:06,17613.0
554982,5/29/11 12:16,17152.0
C554983,5/29/11 12:18,17152.0
554984,5/29/11 12:19,17152.0
554985,5/29/11 12:26,12426.0
554986,5/29/11 12:35,14451.0
554987,5/29/11 12:48,14823.0
554988,5/29/11 13:32,15897.0
554989,5/29/11 13:50,15897.0
554990,5/29/11 13:57,16567.0
554991,5/29/11 14:03,14823.0
554992,5/29/11 14:08,16686.0
554993,5/29/11 14:13,17051.0
554994,5/29/11 14:18,14606.0
554995,5/29/11 14:23,18109.0
554996,5/29/11 14:28,16407.0
554997,5/29/11 15:35,16746.0
554998,5/29/11 15:35,15925.0
554999,5/29/11 15:44,15547.0
555000,5/31/11 8:03,18232.0
555001,5/31/11 8:32,16566.0
555002,5/31/11 8:50,17682.0
555003,5/31/11 9:36,12787.0
555004,5/31/11 9:37,13549.0
555005,5/31/11 9:38,16656.0
C555006,5/31/11 9:51,13694.0
555007,5/31/11 9:52,13694.0
555008,5/31/11 10:24,17061.0
555009,5/31/11 10:32,17340.0
555010,5/31/11 10:38,17450.0
555011,5/31/11 10:43,16168.0
555012,5/31/11 10:43,16814.0
C555013,5/31/11 10:44,12601.0
555015,5/31/11 10:45,16558.0
C555014,5/31/11 10:45,13113.0
555016,5/31/11 11:09,13113.0
555017,5/31/11 11:14,16801.0
555025,5/31/11 11:21,17648.0
555028,5/31/11 11:22,17648.0
C555046,5/31/11 11:29,12431.0
C555054,5/31/11 11:32,14903.0
555070,5/31/11 11:36,15863.0
555073,5/31/11 11:39,16470.0
C555074,5/31/11 11:44,16837.0
555075,5/31/11 12:05,16013.0
555076,5/31/11 12:11,13900.0
555077,5/31/11 12:42,17975.0
555091,5/31/11 12:50,12748.0
555092,5/31/11 13:08,16483.0
555093,5/31/11 13:15,12720.0
555094,5/31/11 13:17,13398.0
555095,5/31/11 13:32,12540.0
555096,5/31/11 13:32,12682.0
555097,5/31/11 13:38,16333.0
555098,5/31/11 13:39,16333.0
555099,5/31/11 13:39,16333.0
555101,5/31/11 13:45,13070.0
C555100,5/31/11 13:45,12493.0
555102,5/31/11 13:50,14819.0
555103,5/31/11 13:58,17454.0
555104,5/31/11 14:02,17949.0
C555105,5/31/11 14:09,17841.0
555106,5/31/11 14:14,12790.0
555107,5/31/11 14:14,12594.0
555108,5/31/11 14:18,18231.0
555109,5/31/11 14:19,16023.0
555110,5/31/11 14:34,17841.0
555111,5/31/11 14:37,16434.0
555112,5/31/11 14:48,17725.0
555113,5/31/11 14:48,18190.0
555114,5/31/11 14:55,13571.0
555115,5/31/11 14:58,
555116,5/31/11 15:16,16919.0
555119,5/31/11 15:22,15163.0
555124,5/31/11 15:26,18204.0
555125,5/31/11 15:26,13481.0
555127,5/31/11 15:30,15241.0
555133,5/31/11 15:32,16810.0
555147,5/31/11 15:41,13505.0
555149,5/31/11 15:49,
555150,5/31/11 15:53,
555156,6/1/11 7:37,15643.0
555157,6/1/11 7:38,15643.0
555158,6/1/11 8:38,14842.0
555159,6/1/11 9:06,15124.0
555160,6/1/11 9:18,14646.0
555161,6/1/11 9:26,12423.0
555162,6/1/11 10:15,12473.0
C555163,6/1/11 10:18,12473.0
555164,6/1/11 10:24,14646.0
555194,6/1/11 11:13,16422.0
555195,6/1/11 11:27,15240.0
C555196,6/1/11 11:40,14606.0
C555197,6/1/11 11:45,17739.0
555198,6/1/11 11:52,15916.0
555199,6/1/11 12:05,14606.0
555200,6/1/11 12:05,17315.0
555201,6/1/11 12:10,16969.0
555202,6/1/11 12:11,16813.0
555203,6/1/11 12:13,17191.0
555207,6/1/11 12:19,16818.0
555213,6/1/11 12:22,13094.0
555232,6/1/11 12:33,14597.0
555233,6/1/11 12:46,13917.0
555234,6/1/11 12:54,14515.0
C555239,6/1/11 13:00,15039.0
555240,6/1/11 13:07,15039.0
555241,6/1/11 13:32,14377.0
555242,6/1/11 13:40,16424.0
555243,6/1/11 13:52,13475.0
C555244,6/1/11 14:11,12779.0
555245,6/1/11 14:12,14800.0
C555246,6/1/11 14:33,13662.0
555247,6/1/11 14:42,14315.0
C555248,6/1/11 14:49,17682.0
555249,6/1/11 14:57,17472.0
555250,6/1/11 14:58,
555251,6/1/11 15:12,13062.0
C555252,6/1/11 15:13,12987.0
C555253,6/1/11 15:14,17820.0
C555254,6/1/11 15:17,14740.0
C555255,6/1/11 15:19,17621.0
C555256,6/1/11 15:21,15955.0
555257,6/1/11 15:28,17596.0
C555258,6/1/11 15:29,12947.0
555259,6/1/11 15:31,13069.0
555260,6/1/11 15:34,13263.0
C555261,6/1/11 15:37,16873.0
C555262,6/1/11 15:39,12909.0
555263,6/1/11 15:47,15192.0
555264,6/1/11 16:03,17757.0
C555265,6/1/11 16:06,13599.0
555266,6/1/11 16:12,15611.0
C555267,6/1/11 16:15,16359.0
C555268,6/1/11 16:17,18257.0
C555269,6/1/11 16:21,15140.0
555270,6/1/11 16:23,17723.0
C555271,6/1/11 16:26,14338.0
C555272,6/1/11 16:29,16496.0
C555273,6/1/11 16:33,12708.0
C555274,6/1/11 16:34,14911.0
555275,6/1/11 17:18,
555276,6/1/11 17:28,
555277,6/1/11 17:30,
555278,6/1/11 17:33,
555279,6/1/11 17:42,16348.0
555280,6/2/11 9:02,17162.0
555281,6/2/11 9:03,17162.0
555282,6/2/11 9:04,12709.0
555283,6/2/11 9:04,17162.0
555284,6/2/11 9:37,14298.0
555285,6/2/11 9:38,14298.0
555286,6/2/11 9:40,14298.0
555287,6/2/11 9:42,14298.0
C555288,6/2/11 9:57,12431.0
555289,6/2/11 10:00,15078.0
555312,6/2/11 10:39,16484.0
555320,6/2/11 11:00,
555321,6/2/11 11:01,
555322,6/2/11 11:01,
555323,6/2/11 11:02,
555324,6/2/11 11:02,
555325,6/2/11 11:02,
555326,6/2/11 11:03,
555327,6/2/11 11:03,
C555328,6/2/11 11:07,16449.0
C555329,6/2/11 11:08,15622.0
555330,6/2/11 11:11,
555331,6/2/11 11:11,
555332,6/2/11 11:11,
555333,6/2/11 11:12,
555334,6/2/11 11:12,
555335,6/2/11 11:13,
555336,6/2/11 11:13,
C555337,6/2/11 11:13,16729.0
C555338,6/2/11 11:22,14323.0
C555339,6/2/11 11:32,16422.0
555340,6/2/11 11:33,13334.0
555343,6/2/11 11:42,15918.0
C555341,6/2/11 11:42,13004.0
C555342,6/2/11 11:42,17578.0
555344,6/2/11 11:45,15311.0
C555345,6/2/11 11:51,13267.0
C555346,6/2/11 11:54,12710.0
555347,6/2/11 12:04,14389.0
555348,6/2/11 12:06,15184.0
555349,6/2/11 12:08,16729.0
555350,6/2/11 12:08,17652.0
555351,6/2/11 12:37,13408.0
555352,6/2/11 12:46,15838.0
555353,6/2/11 13:22,16928.0
C555354,6/2/11 13:26,16566.0
C555355,6/2/11 13:27,15841.0
555356,6/2/11 13:29,16672.0
C555357,6/2/11 13:38,16422.0
C555358,6/2/11 13:43,13854.0
555359,6/2/11 14:04,18135.0
C555360,6/2/11 14:06,16133.0
C555361,6/2/11 14:12,13308.0
555363,6/2/11 14:15,14453.0
C555362,6/2/11 14:15,15785.0
C555364,6/2/11 14:17,14903.0
C555365,6/2/11 14:24,15791.0
C555366,6/2/11 14:25,12590.0
555367,6/2/11 14:28,17900.0
555368,6/2/11 14:30,13437.0
555381,6/2/11 14:38,17900.0
555382,6/2/11 14:46,17133.0
555383,6/2/11 15:13,12517.0
C555384,6/2/11 15:20,13534.0
555385,6/2/11 15:22,15658.0
C555386,6/2/11 15:23,15194.0
555387,6/2/11 15:30,
555388,6/2/11 15:48,17719.0
555389,6/2/11 16:26,14543.0
555390,6/2/11 16:29,
555391,6/2/11 16:29,
555392,6/2/11 16:59,14221.0
555393,6/2/11 17:00,14221.0
555394,6/2/11 17:03,12971.0
555395,6/2/11 17:04,12971.0
555396,6/2/11 17:23,16529.0
555397,6/2/11 17:26,
C555398,6/2/11 17:30,17375.0
555399,6/2/11 17:41,15555.0
555400,6/2/11 17:50,14088.0
555401,6/2/11 17:51,14088.0
555402,6/2/11 17:55,
555403,6/2/11 18:06,12676.0
C555404,6/2/11 18:28,17231.0
555405,6/2/11 19:17,17531.0
555406,6/2/11 19:50,17231.0
555407,6/3/11 7:48,12775.0
555408,6/3/11 8:54,13294.0
C555409,6/3/11 9:18,13854.0
555410,6/3/11 9:30,16239.0
555412,6/3/11 9:46,13069.0
C555411,6/3/11 9:46,13069.0
555413,6/3/11 9:50,17994.0
555414,6/3/11 10:06,16230.0
555415,6/3/11 10:08,14500.0
555416,6/3/11 10:15,14408.0
555417,6/3/11 10:17,12601.0
555418,6/3/11 10:19,15498.0
555419,6/3/11 10:20,15498.0
555420,6/3/11 10:29,13458.0
C555421,6/3/11 10:36,12779.0
555422,6/3/11 10:37,12779.0
555469,6/3/11 11:11,
555470,6/3/11 11:33,12455.0
555471,6/3/11 11:42,16117.0
555472,6/3/11 11:46,16701.0
555473,6/3/11 11:59,14700.0
555474,6/3/11 12:07,
C555475,6/3/11 12:11,18232.0
555476,6/3/11 12:17,16593.0
555477,6/3/11 12:26,12359.0
555478,6/3/11 12:28,13777.0
555479,6/3/11 12:35,15189.0
555485,6/3/11 12:39,17722.0
555486,6/3/11 13:05,13248.0
C555487,6/3/11 13:21,16484.0
555488,6/3/11 13:43,16942.0
555489,6/3/11 13:48,17949.0
555490,6/3/11 13:50,17949.0
555491,6/3/11 14:10,16525.0
555492,6/3/11 14:24,16967.0
555493,6/3/11 14:26,13695.0
555494,6/3/11 14:33,15737.0
555495,6/3/11 14:42,17068.0
555496,6/3/11 14:44,15405.0
555497,6/3/11 15:03,16659.0
555498,6/3/11 15:07,13885.0
555499,6/3/11 15:31,15812.0
555500,6/3/11 15:32,15508.0
555501,6/3/11 15:37,15508.0
555502,6/3/11 15:37,
555503,6/3/11 15:39,
555504,6/3/11 15:43,15508.0
555505,6/3/11 15:48,
555506,6/3/11 16:03,
555507,6/3/11 16:39,16186.0
555508,6/3/11 16:45,16880.0
555509,6/3/11 17:07,13435.0
555510,6/3/11 17:09,
555511,6/5/11 10:12,17708.0
555512,6/5/11 10:37,18198.0
555513,6/5/11 10:38,12980.0
555514,6/5/11 10:41,17071.0
555515,6/5/11 10:47,17690.0
555516,6/5/11 10:50,17706.0
555517,6/5/11 10:54,13131.0
555518,6/5/11 10:58,14891.0
555519,6/5/11 11:02,16682.0
555520,6/5/11 11:14,15038.0
555521,6/5/11 11:21,13576.0
555522,6/5/11 11:29,15796.0
555523,6/5/11 11:36,12468.0
555524,6/5/11 11:37,16923.0
555525,6/5/11 11:40,14709.0
555526,6/5/11 11:42,14364.0
555527,6/5/11 11:44,14364.0
555528,6/5/11 11:44,15694.0
C555529,6/5/11 11:45,16923.0
555530,6/5/11 11:46,16923.0
555531,6/5/11 11:53,12678.0
C555532,6/5/11 12:01,15722.0
555533,6/5/11 12:12,15722.0
555534,6/5/11 12:12,14682.0
555535,6/5/11 12:16,16458.0
555536,6/5/11 12:28,17675.0
555537,6/5/11 12:37,15453.0
555538,6/5/11 12:39,14512.0
555539,6/5/11 12:44,14472.0
555540,6/5/11 12:48,13668.0
555541,6/5/11 12:51,16883.0
555542,6/5/11 12:51,15108.0
555543,6/5/11 12:59,13089.0
555544,6/5/11 13:05,14621.0
555545,6/5/11 13:08,17735.0
555546,6/5/11 13:09,17735.0
555547,6/5/11 13:13,12681.0
555548,6/5/11 13:16,17811.0
555549,6/5/11 13:24,13637.0
555550,6/5/11 13:29,15245.0
555551,6/5/11 13:32,14696.0
555552,6/5/11 13:44,13610.0
555553,6/5/11 13:45,12662.0
555554,6/5/11 13:46,13742.0
555555,6/5/11 13:48,16963.0
555556,6/5/11 14:04,15704.0
555557,6/5/11 14:06,13682.0
555558,6/5/11 14:06,14159.0
555559,6/5/11 14:18,13862.0
555560,6/5/11 14:20,17346.0
555561,6/5/11 14:38,16654.0
555562,6/5/11 14:45,17841.0
C555563,6/5/11 14:48,17841.0
555564,6/5/11 15:01,15005.0
555565,6/5/11 15:06,15298.0
555566,6/5/11 15:19,14659.0
555567,6/5/11 15:25,17050.0
555568,6/5/11 15:25,17589.0
555569,6/5/11 15:29,12727.0
555570,6/5/11 15:36,15152.0
555571,6/5/11 15:36,15462.0
555572,6/5/11 15:37,12449.0
555573,6/5/11 15:46,15349.0
555574,6/5/11 15:46,12417.0
555575,6/5/11 15:47,14466.0
555576,6/5/11 15:52,13410.0
555577,6/5/11 15:53,15301.0
555578,6/5/11 15:54,15301.0
555579,6/5/11 16:02,13983.0
555580,6/5/11 16:05,13983.0
555581,6/6/11 8:04,13865.0
555582,6/6/11 9:01,14312.0
555583,6/6/11 9:03,13534.0
555584,6/6/11 9:04,16906.0
555585,6/6/11 9:12,16029.0
555586,6/6/11 9:12,14232.0
555587,6/6/11 9:13,15687.0
555588,6/6/11 9:16,16849.0
555589,6/6/11 9:36,12802.0
555590,6/6/11 9:39,17690.0
555591,6/6/11 9:59,15073.0
555592,6/6/11 10:04,14215.0
555593,6/6/11 10:06,16298.0
555594,6/6/11 10:09,13880.0
C555595,6/6/11 10:14,17652.0
C555596,6/6/11 10:17,17644.0
C555597,6/6/11 10:19,15796.0
C555598,6/6/11 10:57,15095.0
C555599,6/6/11 10:59,17190.0
C555600,6/6/11 11:17,12633.0
555601,6/6/11 11:22,15852.0
555602,6/6/11 11:26,16235.0
555603,6/6/11 11:36,16209.0
555604,6/6/11 11:37,16612.0
C555605,6/6/11 11:38,15281.0
555620,6/6/11 11:46,12748.0
555626,6/6/11 11:55,16103.0
555627,6/6/11 11:57,15805.0
555628,6/6/11 11:59,15260.0
555630,6/6/11 12:04,14732.0
C555629,6/6/11 12:04,14543.0
555631,6/6/11 12:06,18118.0
555632,6/6/11 12:16,13798.0
555633,6/6/11 12:22,14534.0
555634,6/6/11 12:29,13319.0
555635,6/6/11 12:29,13319.0
C555636,6/6/11 12:33,15073.0
555637,6/6/11 12:47,12535.0
555638,6/6/11 12:51,15150.0
C555639,6/6/11 12:58,13458.0
555640,6/6/11 13:06,14475.0
555642,6/6/11 13:18,18248.0
C555643,6/6/11 13:22,16520.0
555644,6/6/11 13:24,16520.0
555645,6/6/11 13:31,18016.0
555646,6/6/11 13:32,14135.0
555647,6/6/11 13:43,12957.0
555648,6/6/11 13:46,14623.0
555649,6/6/11 13:47,15386.0
555650,6/6/11 13:48,14156.0
555651,6/6/11 14:02,17361.0
C555652,6/6/11 14:11,13094.0
555653,6/6/11 14:12,17673.0
555654,6/6/11 14:13,18236.0
555691,6/6/11 14:31,12843.0
555695,6/6/11 14:32,16168.0
555701,6/6/11 14:34,14498.0
555702,6/6/11 14:35,14201.0
555703,6/6/11 15:06,15379.0
555704,6/6/11 15:06,14944.0
555705,6/6/11 15:24,14713.0
555719,6/6/11 15:31,12609.0
555720,6/6/11 15:46,16611.0
555721,6/6/11 16:01,15108.0
555722,6/6/11 16:06,
C555723,6/6/11 16:21,15737.0
555724,6/6/11 16:22,15737.0
555725,6/6/11 16:23,15737.0
555726,6/6/11 16:23,12540.0
C555727,6/6/11 16:24,15737.0
555728,6/6/11 16:41,17252.0
C555729,6/6/11 16:50,13552.0
C555730,6/6/11 16:51,14625.0
555731,6/7/11 7:49,16655.0
555732,6/7/11 8:19,14542.0
555733,6/7/11 8:21,16839.0
555734,6/7/11 8:21,17696.0
555735,6/7/11 8:54,13327.0
555736,6/7/11 9:13,17730.0
555737,6/7/11 9:19,16153.0
555738,6/7/11 9:44,16825.0
555739,6/7/11 9:49,12380.0
555740,6/7/11 9:51,18226.0
555741,6/7/11 10:05,16817.0
555742,6/7/11 10:34,16949.0
555743,6/7/11 10:42,12868.0
555744,6/7/11 10:44,18072.0
555745,6/7/11 10:46,14462.0
555746,6/7/11 10:55,14606.0
555751,6/7/11 11:07,16462.0
555759,6/7/11 11:10,13220.0
555798,6/7/11 11:32,16422.0
555808,6/7/11 11:39,14867.0
555810,6/7/11 11:39,17091.0
555813,6/7/11 11:40,13643.0
555815,6/7/11 11:47,13089.0
555816,6/7/11 11:49,13089.0
555817,6/7/11 11:51,17091.0
555818,6/7/11 11:59,13784.0
555819,6/7/11 12:00,15073.0
555820,6/7/11 12:01,16133.0
555821,6/7/11 12:01,
555822,6/7/11 12:04,
555823,6/7/11 12:06,
555824,6/7/11 12:06,
555829,6/7/11 12:18,13330.0
555832,6/7/11 12:19,15969.0
555834,6/7/11 12:31,12891.0
555835,6/7/11 12:34,14525.0
555836,6/7/11 12:36,13098.0
555838,6/7/11 12:37,
C555837,6/7/11 12:37,16092.0
555839,6/7/11 12:39,13283.0
555840,6/7/11 12:46,15805.0
555841,6/7/11 12:47,14583.0
555842,6/7/11 12:54,17874.0
555843,6/7/11 13:00,12584.0
555844,6/7/11 13:10,14711.0
555845,6/7/11 13:19,17015.0
555846,6/7/11 13:21,14180.0
555847,6/7/11 13:27,14880.0
555848,6/7/11 13:31,16081.0
555849,6/7/11 13:33,13266.0
555850,6/7/11 13:35,16550.0
555851,6/7/11 13:37,13050.0
555852,6/7/11 13:38,17429.0
555853,6/7/11 13:44,14375.0
555854,6/7/11 13:47,12748.0
555855,6/7/11 13:56,15311.0
555856,6/7/11 14:02,17124.0
555857,6/7/11 14:03,16393.0
555858,6/7/11 14:12,14911.0
555859,6/7/11 14:22,17987.0
C555860,6/7/11 14:24,16763.0
555861,6/7/11 14:27,12990.0
555862,6/7/11 14:28,12757.0
555863,6/7/11 14:28,17026.0
C555864,6/7/11 14:29,15189.0
555865,6/7/11 14:30,14530.0
555866,6/7/11 14:38,16841.0
555869,6/7/11 14:54,
555870,6/7/11 15:03,17707.0
555871,6/7/11 15:04,18073.0
555872,6/7/11 15:04,13395.0
C555873,6/7/11 15:12,15498.0
C555874,6/7/11 15:14,17162.0
555875,6/7/11 15:17,12748.0
555876,6/7/11 15:28,15799.0
C555877,6/7/11 15:28,16218.0
555878,6/7/11 15:30,
C555879,6/7/11 15:31,14292.0
C555880,6/7/11 15:32,15643.0
C555881,6/7/11 15:37,12473.0
C555882,6/7/11 15:40,14625.0
C555883,6/7/11 15:42,13862.0
555884,6/7/11 15:44,17389.0
C555885,6/7/11 15:50,14842.0
C555889,6/7/11 16:01,13476.0
C555892,6/7/11 16:03,14227.0
555896,6/7/11 16:04,15640.0
C555908,6/7/11 16:08,15687.0
555916,6/7/11 16:16,14958.0
555917,6/7/11 16:21,17854.0
555918,6/7/11 16:21,16098.0
555920,6/7/11 16:35,18102.0
555921,6/7/11 16:42,15449.0
555923,6/7/11 17:09,
555924,6/7/11 17:12,
555925,6/7/11 17:13,
555926,6/7/11 17:34,
555927,6/7/11 17:43,
555928,6/8/11 8:02,12383.0
555929,6/8/11 8:12,16525.0
555930,6/8/11 8:26,14745.0
555931,6/8/11 8:31,17828.0
555932,6/8/11 8:46,14217.0
555933,6/8/11 8:49,12567.0
555934,6/8/11 8:51,15061.0
C555935,6/8/11 9:14,12567.0
555936,6/8/11 9:16,12567.0
555937,6/8/11 9:39,12683.0
555938,6/8/11 9:58,14257.0
555939,6/8/11 9:58,17659.0
555940,6/8/11 10:10,14191.0
555941,6/8/11 10:10,12726.0
555942,6/8/11 10:14,15743.0
555943,6/8/11 10:15,13520.0
555944,6/8/11 10:36,16955.0
555945,6/8/11 10:36,17409.0
555946,6/8/11 10:43,17238.0
555947,6/8/11 10:45,14911.0
555948,6/8/11 10:49,13752.0
555949,6/8/11 10:50,16626.0
555950,6/8/11 10:51,17966.0
555979,6/8/11 11:18,15039.0
556009,6/8/11 11:37,18221.0
556010,6/8/11 11:43,17414.0
556012,6/8/11 11:45,
C556011,6/8/11 11:45,14475.0
556013,6/8/11 11:46,
556014,6/8/11 11:46,
556015,6/8/11 11:50,
556016,6/8/11 11:54,18092.0
556017,6/8/11 11:56,15382.0
556018,6/8/11 11:57,15382.0
556019,6/8/11 12:02,18092.0
556020,6/8/11 12:03,13571.0
556021,6/8/11 12:03,12921.0
556022,6/8/11 12:04,12921.0
556023,6/8/11 12:21,14527.0
556024,6/8/11 12:21,12808.0
556032,6/8/11 12:35,15159.0
556033,6/8/11 12:35,
556034,6/8/11 12:36,16672.0
556035,6/8/11 12:36,15159.0
556036,6/8/11 12:37,15159.0
C556037,6/8/11 12:37,14527.0
556038,6/8/11 12:38,13184.0
556039,6/8/11 12:40,13001.0
556040,6/8/11 12:42,14622.0
556041,6/8/11 12:44,17954.0
556042,6/8/11 12:44,14367.0
556043,6/8/11 12:49,14078.0
556044,6/8/11 12:50,15764.0
556045,6/8/11 12:54,15764.0
556046,6/8/11 12:56,
556047,6/8/11 12:57,12901.0
556048,6/8/11 13:00,15609.0
556049,6/8/11 13:00,16013.0
556050,6/8/11 13:04,14367.0
556051,6/8/11 13:09,13742.0
556052,6/8/11 13:14,13742.0
556053,6/8/11 13:15,15400.0
556054,6/8/11 13:26,14561.0
556055,6/8/11 13:33,14477.0
556056,6/8/11 13:35,17841.0
C556057,6/8/11 13:50,14221.0
556058,6/8/11 13:54,13985.0
556059,6/8/11 13:56,13630.0
556060,6/8/11 14:03,14911.0
556061,6/8/11 14:04,
556062,6/8/11 14:06,15189.0
556063,6/8/11 14:09,14587.0
556064,6/8/11 14:20,13777.0
556065,6/8/11 14:29,14829.0
556066,6/8/11 14:32,16872.0
556067,6/8/11 14:35,12748.0
556068,6/8/11 14:39,12748.0
556069,6/8/11 14:41,
556070,6/8/11 14:51,17873.0
556071,6/8/11 14:52,15974.0
556072,6/8/11 14:57,16126.0
556073,6/8/11 15:05,16358.0
556074,6/8/11 15:14,
556079,6/8/11 15:18,18229.0
556080,6/8/11 15:21,
556081,6/8/11 15:22,
556082,6/8/11 15:22,
556083,6/8/11 15:23,
556084,6/8/11 15:23,17491.0
556085,6/8/11 15:23,
556086,6/8/11 15:24,
556087,6/8/11 15:24,
556088,6/8/11 15:24,
556089,6/8/11 15:25,
556090,6/8/11 15:25,
556091,6/8/11 15:25,
556092,6/8/11 15:25,
556093,6/8/11 15:26,
556094,6/8/11 15:26,
556095,6/8/11 15:27,
C556096,6/8/11 15:29,13599.0
556097,6/8/11 15:31,15809.0
556098,6/8/11 15:36,16832.0
556099,6/8/11 15:38,13162.0
556100,6/8/11 16:00,15238.0
C556101,6/8/11 16:06,15643.0
556102,6/8/11 16:15,13115.0
556103,6/8/11 16:18,16011.0
556104,6/8/11 16:34,13875.0
556105,6/8/11 16:39,13466.0
556106,6/8/11 16:54,14056.0
556107,6/8/11 17:09,17360.0
556108,6/8/11 17:59,
556109,6/9/11 7:53,13741.0
556110,6/9/11 8:45,13856.0
556111,6/9/11 9:16,13004.0
556112,6/9/11 9:28,13265.0
556113,6/9/11 9:32,13510.0
556114,6/9/11 9:36,12569.0
556115,6/9/11 9:39,15241.0
556116,6/9/11 9:44,15214.0
C556117,6/9/11 9:44,12802.0
556118,6/9/11 9:54,13811.0
556119,6/9/11 10:05,12594.0
556120,6/9/11 10:06,16722.0
556121,6/9/11 10:09,15855.0
556122,6/9/11 10:12,
556123,6/9/11 10:13,
556124,6/9/11 10:14,
556125,6/9/11 10:20,12947.0
556126,6/9/11 10:23,14911.0
556127,6/9/11 10:23,12406.0
556128,6/9/11 10:31,13038.0
556129,6/9/11 10:46,14060.0
556130,6/9/11 10:48,15738.0
556139,6/9/11 11:05,14231.0
556179,6/9/11 11:27,13756.0
556180,6/9/11 11:29,
556181,6/9/11 11:32,15407.0
556182,6/9/11 11:35,16892.0
556183,6/9/11 11:37,13134.0
556184,6/9/11 11:39,16592.0
556185,6/9/11 11:40,16592.0
556186,6/9/11 11:46,14241.0
556187,6/9/11 11:49,15296.0
556188,6/9/11 11:49,
556189,6/9/11 11:57,15615.0
556190,6/9/11 12:01,15780.0
556191,6/9/11 12:02,14501.0
556192,6/9/11 12:02,15615.0
556193,6/9/11 12:04,14132.0
556194,6/9/11 12:20,12483.0
556195,6/9/11 12:21,16745.0
556196,6/9/11 12:27,18065.0
556197,6/9/11 12:27,18065.0
556198,6/9/11 12:30,14963.0
556199,6/9/11 12:40,16170.0
556200,6/9/11 12:42,
556201,6/9/11 13:01,12347.0
556202,6/9/11 13:08,14606.0
556203,6/9/11 13:09,12399.0
556204,6/9/11 13:16,17169.0
556205,6/9/11 13:37,15827.0
556206,6/9/11 13:46,14911.0
556207,6/9/11 13:50,17372.0
556208,6/9/11 13:51,14040.0
556214,6/9/11 14:14,14913.0
556216,6/9/11 14:15,15252.0
556218,6/9/11 14:18,17731.0
556219,6/9/11 14:19,17731.0
556222,6/9/11 14:23,17522.0
556228,6/9/11 14:26,13538.0
556229,6/9/11 14:43,12839.0
556230,6/9/11 14:45,17402.0
556231,6/9/11 15:04,
556232,6/9/11 15:15,
556233,6/9/11 15:20,
556234,6/9/11 15:27,17961.0
556235,6/9/11 15:29,12778.0
556236,6/9/11 15:34,16818.0
556237,6/9/11 15:34,
556238,6/9/11 15:35,13397.0
556239,6/9/11 15:48,15712.0
556240,6/9/11 15:55,18041.0
556241,6/9/11 16:04,12597.0
556242,6/9/11 16:06,
556243,6/9/11 16:07,
556244,6/9/11 16:08,15867.0
556245,6/9/11 16:10,17841.0
556246,6/9/11 16:16,16113.0
556247,6/9/11 16:16,15058.0
556248,6/9/11 16:33,15681.0
556249,6/9/11 16:34,15681.0
556252,6/9/11 16:44,16779.0
556253,6/9/11 16:55,17652.0
556254,6/9/11 16:57,13213.0
556255,6/9/11 17:27,18102.0
556256,6/9/11 17:37,14309.0
556257,6/9/11 17:47,17576.0
556258,6/9/11 17:48,12694.0
556259,6/9/11 17:53,12721.0
556260,6/9/11 18:02,
556261,6/9/11 18:03,
556262,6/9/11 18:04,
556263,6/9/11 18:41,13969.0
556264,6/9/11 18:42,16107.0
C556265,6/9/11 19:24,16684.0
556266,6/9/11 19:26,13900.0
556267,6/9/11 19:33,13694.0
C556268,6/9/11 19:34,13317.0
C556269,6/9/11 19:36,13456.0
C556270,6/9/11 19:37,14232.0
556271,6/9/11 19:40,17483.0
C556272,6/9/11 19:43,15159.0
C556273,6/9/11 19:44,13534.0
C556274,6/9/11 19:46,15299.0
C556275,6/9/11 19:48,13115.0
C556276,6/9/11 19:48,14696.0
C556277,6/9/11 19:52,12980.0
C556278,6/9/11 19:53,13462.0
556279,6/9/11 19:55,14562.0
556280,6/9/11 20:03,14584.0
C556281,6/9/11 20:32,14040.0
556282,6/10/11 8:24,15679.0
556283,6/10/11 8:50,15628.0
556284,6/10/11 8:54,17115.0
556285,6/10/11 9:10,13686.0
556286,6/10/11 9:22,
556287,6/10/11 9:22,
556288,6/10/11 9:23,13426.0
556289,6/10/11 9:23,
556290,6/10/11 9:23,17088.0
556291,6/10/11 9:24,
556292,6/10/11 9:24,
C556293,6/10/11 9:30,13094.0
C556294,6/10/11 9:34,15108.0
C556295,6/10/11 9:37,13662.0
556296,6/10/11 9:44,15114.0
C556297,6/10/11 9:55,15609.0
556298,6/10/11 10:05,16581.0
556299,6/10/11 10:17,
556300,6/10/11 10:18,
556301,6/10/11 10:18,
556302,6/10/11 10:24,15267.0
556303,6/10/11 10:26,17064.0
556304,6/10/11 10:29,12840.0
556305,6/10/11 10:38,12643.0
556306,6/10/11 10:38,
556307,6/10/11 10:39,
556308,6/10/11 10:43,
556309,6/10/11 10:44,
556310,6/10/11 10:44,
556311,6/10/11 10:45,
556312,6/10/11 10:46,
556313,6/10/11 10:46,
556314,6/10/11 10:47,
556315,6/10/11 10:47,
556316,6/10/11 10:48,
556317,6/10/11 10:48,
556318,6/10/11 10:49,16767.0
556319,6/10/11 10:49,
556320,6/10/11 10:50,
556321,6/10/11 10:50,
556322,6/10/11 10:51,
556323,6/10/11 10:59,17819.0
C556324,6/10/11 11:15,14287.0
556325,6/10/11 11:20,17234.0
556326,6/10/11 11:21,
C556327,6/10/11 11:22,17659.0
556328,6/10/11 11:23,
556329,6/10/11 11:28,14573.0
556330,6/10/11 11:29,17797.0
556341,6/10/11 11:36,16614.0
556365,6/10/11 11:44,16370.0
556386,6/10/11 11:49,16668.0
556397,6/10/11 11:52,16029.0
556408,6/10/11 11:54,13533.0
556413,6/10/11 12:01,16005.0
C556414,6/10/11 12:14,13985.0
556415,6/10/11 12:19,12409.0
556416,6/10/11 12:19,15527.0
556417,6/10/11 12:24,14543.0
556418,6/10/11 12:26,
556419,6/10/11 12:30,15411.0
556425,6/10/11 12:51,14178.0
556426,6/10/11 13:18,16729.0
556427,6/10/11 13:23,
556428,6/10/11 13:23,
556429,6/10/11 13:23,
556430,6/10/11 13:24,
556431,6/10/11 13:24,
556432,6/10/11 13:59,16184.0
556433,6/10/11 14:01,
556434,6/10/11 14:06,14895.0
556435,6/10/11 14:08,14895.0
C556436,6/10/11 14:28,16358.0
556437,6/10/11 14:31,14077.0
556438,6/10/11 14:36,
556439,6/10/11 14:46,18061.0
556440,6/10/11 14:51,14401.0
556441,6/10/11 15:07,14415.0
556442,6/10/11 15:22,15098.0
556443,6/10/11 15:28,12712.0
556444,6/10/11 15:28,15098.0
C556445,6/10/11 15:31,15098.0
556446,6/10/11 15:33,15098.0
556447,6/10/11 15:37,15632.0
C556448,6/10/11 15:39,15098.0
C556453,6/10/11 16:33,14525.0
556454,6/10/11 16:37,12947.0
556455,6/10/11 16:46,15856.0
556456,6/10/11 16:47,12748.0
C556457,6/10/11 16:50,15856.0
C556458,6/10/11 17:21,15491.0
556459,6/10/11 17:25,
556460,6/12/11 9:56,14276.0
556461,6/12/11 10:15,13798.0
556462,6/12/11 10:46,14450.0
556463,6/12/11 10:47,12583.0
556464,6/12/11 10:53,18281.0
556465,6/12/11 11:04,14984.0
556466,6/12/11 11:07,15465.0
556467,6/12/11 11:17,13232.0
556468,6/12/11 11:26,14878.0
556469,6/12/11 11:37,12516.0
556470,6/12/11 11:41,15291.0
556471,6/12/11 11:47,16466.0
556472,6/12/11 11:48,16633.0
556473,6/12/11 12:00,17265.0
556474,6/12/11 12:01,16007.0
556475,6/12/11 12:03,18109.0
556476,6/12/11 12:08,17175.0
556477,6/12/11 12:20,12841.0
556478,6/12/11 12:34,13069.0
556479,6/12/11 12:50,16983.0
556480,6/12/11 12:55,13617.0
556481,6/12/11 13:00,16115.0
556482,6/12/11 13:04,17242.0
556483,6/12/11 13:12,14823.0
556484,6/12/11 13:17,16938.0
556485,6/12/11 13:21,17211.0
556486,6/12/11 13:22,17422.0
556487,6/12/11 13:51,17289.0
556488,6/12/11 13:52,16018.0
556489,6/12/11 13:59,14704.0
556490,6/12/11 14:08,13078.0
556491,6/12/11 14:15,16794.0
556492,6/12/11 14:48,15939.0
C556493,6/12/11 14:56,17802.0
556494,6/12/11 14:57,17802.0
556495,6/12/11 15:14,18069.0
556496,6/12/11 15:20,14397.0
556497,6/12/11 15:31,15271.0
556498,6/12/11 15:57,17961.0
556499,6/12/11 16:39,
556500,6/13/11 7:58,13468.0
556501,6/13/11 8:40,16700.0
556502,6/13/11 8:43,13761.0
556503,6/13/11 8:44,13517.0
556504,6/13/11 8:47,13936.0
556505,6/13/11 9:43,17381.0
556506,6/13/11 9:44,17381.0
556507,6/13/11 9:55,12567.0
556508,6/13/11 10:10,16342.0
556509,6/13/11 10:33,12708.0
556510,6/13/11 10:36,14911.0
C556511,6/13/11 10:42,16525.0
556512,6/13/11 10:44,14688.0
556513,6/13/11 10:45,
556514,6/13/11 10:45,
556515,6/13/11 10:45,
556516,6/13/11 10:46,
556517,6/13/11 10:52,12481.0
C556518,6/13/11 10:53,16794.0
556519,6/13/11 10:54,16794.0
556520,6/13/11 11:10,14177.0
556521,6/13/11 11:15,14573.0
C556522,6/13/11 11:21,16938.0
556523,6/13/11 11:24,16938.0
556526,6/13/11 11:33,12732.0
556527,6/13/11 11:33,16205.0
556528,6/13/11 11:36,13269.0
556529,6/13/11 11:41,12714.0
C556530,6/13/11 11:42,18109.0
556531,6/13/11 11:49,15491.0
C556532,6/13/11 11:53,13856.0
556533,6/13/11 12:05,15625.0
556534,6/13/11 12:19,15036.0
C556535,6/13/11 12:23,17169.0
556536,6/13/11 12:36,17795.0
556537,6/13/11 12:38,17725.0
556538,6/13/11 12:42,15845.0
556539,6/13/11 12:44,13589.0
556540,6/13/11 12:51,13552.0
556541,6/13/11 12:52,13552.0
556542,6/13/11 12:52,14719.0
556571,6/13/11 13:13,13018.0
556572,6/13/11 13:25,15311.0
556573,6/13/11 13:32,14667.0
556574,6/13/11 13:41,16209.0
556575,6/13/11 13:44,17027.0
556576,6/13/11 13:55,14606.0
556577,6/13/11 14:12,17579.0
556578,6/13/11 14:13,12472.0
556579,6/13/11 14:16,15069.0
556580,6/13/11 14:20,17719.0
556596,6/13/11 14:29,17349.0
556625,6/13/11 14:49,
556629,6/13/11 14:55,14841.0
556630,6/13/11 14:59,13999.0
556631,6/13/11 14:59,13080.0
556632,6/13/11 15:09,16987.0
C556633,6/13/11 15:10,17696.0
C556634,6/13/11 15:22,17675.0
C556635,6/13/11 15:25,13505.0
556636,6/13/11 15:30,
C556637,6/13/11 15:32,15382.0
C556638,6/13/11 15:35,14231.0
C556639,6/13/11 15:37,13856.0
556641,6/13/11 15:44,13663.0
C556640,6/13/11 15:44,13148.0
556642,6/13/11 15:47,17236.0
C556643,6/13/11 15:48,17841.0
C556644,6/13/11 16:06,17115.0
C556645,6/13/11 16:08,13771.0
C556646,6/13/11 16:10,18221.0
C556647,6/13/11 16:14,13012.0
C556648,6/13/11 16:15,16038.0
C556649,6/13/11 16:15,15238.0
C556656,6/13/11 16:21,13148.0
556667,6/13/11 16:25,15838.0
C556668,6/13/11 16:26,15827.0
C556669,6/13/11 16:28,16133.0
556670,6/13/11 16:29,15838.0
556671,6/13/11 16:33,17841.0
556672,6/13/11 17:08,13742.0
C556673,6/13/11 17:08,16949.0
C556675,6/13/11 17:13,16013.0
C556676,6/13/11 17:18,13397.0
C556677,6/13/11 17:19,15643.0
C556678,6/13/11 17:21,13658.0
556679,6/13/11 17:36,
556680,6/14/11 8:03,13971.0
556681,6/14/11 9:41,12826.0
556682,6/14/11 9:42,15358.0
556683,6/14/11 9:43,15358.0
556684,6/14/11 9:57,12901.0
556685,6/14/11 10:00,14503.0
556687,6/14/11 10:36,
556690,6/14/11 10:37,
556691,6/14/11 10:37,
556714,6/14/11 10:49,14680.0
556718,6/14/11 11:02,16013.0
556719,6/14/11 11:21,17428.0
556720,6/14/11 11:22,17428.0
556721,6/14/11 11:23,15218.0
556722,6/14/11 11:23,17428.0
556723,6/14/11 11:25,18102.0
556724,6/14/11 11:26,16745.0
556725,6/14/11 11:28,18102.0
556726,6/14/11 11:31,18102.0
556727,6/14/11 11:33,17675.0
556728,6/14/11 11:36,15719.0
C556729,6/14/11 11:37,13319.0
556730,6/14/11 11:40,
556731,6/14/11 11:41,18283.0
556732,6/14/11 11:47,15039.0
556733,6/14/11 11:53,16919.0
556734,6/14/11 12:00,13476.0
C556735,6/14/11 12:01,14527.0
556740,6/14/11 12:06,17346.0
556746,6/14/11 12:08,17644.0
556751,6/14/11 12:09,15251.0
556767,6/14/11 12:17,18073.0
556768,6/14/11 12:21,17243.0
556776,6/14/11 12:24,14730.0
556777,6/14/11 12:31,14426.0
556778,6/14/11 12:41,16712.0
556779,6/14/11 12:45,16774.0
556780,6/14/11 12:46,14524.0
556781,6/14/11 12:47,13384.0
556782,6/14/11 13:04,14871.0
556783,6/14/11 13:15,13408.0
556784,6/14/11 13:15,14461.0
556785,6/14/11 13:17,13408.0
556786,6/14/11 13:18,13408.0
C556787,6/14/11 13:26,16745.0
556788,6/14/11 13:40,15129.0
556789,6/14/11 13:40,15129.0
556790,6/14/11 13:48,15656.0
556791,6/14/11 13:51,16928.0
556792,6/14/11 13:52,17043.0
C556793,6/14/11 13:54,12818.0
556794,6/14/11 14:06,13720.0
556795,6/14/11 14:29,15912.0
C556796,6/14/11 14:40,16013.0
556797,6/14/11 14:49,17101.0
556803,6/14/11 14:57,
556804,6/14/11 15:14,15125.0
556805,6/14/11 15:15,15125.0
556806,6/14/11 15:16,15125.0
C556807,6/14/11 15:43,
556808,6/14/11 15:45,17749.0
556809,6/14/11 16:48,17179.0
556810,6/14/11 16:50,
556811,6/14/11 16:52,14997.0
556812,6/14/11 17:25,
556813,6/14/11 17:28,
556814,6/15/11 8:34,14852.0
556815,6/15/11 8:36,14852.0
556816,6/15/11 9:01,12437.0
556817,6/15/11 9:33,14609.0
C556818,6/15/11 10:01,17284.0
556819,6/15/11 10:21,12682.0
556820,6/15/11 10:22,12682.0
556821,6/15/11 10:22,
556822,6/15/11 10:22,17155.0
556823,6/15/11 10:24,
556824,6/15/11 10:24,
556825,6/15/11 10:24,
556826,6/15/11 10:25,
556827,6/15/11 10:29,15134.0
556828,6/15/11 10:39,17284.0
556829,6/15/11 10:51,12809.0
556830,6/15/11 11:01,15874.0
556831,6/15/11 11:27,13631.0
556842,6/15/11 11:29,13631.0
556845,6/15/11 11:30,17511.0
C556869,6/15/11 11:46,13199.0
C556870,6/15/11 11:47,
C556874,6/15/11 11:49,
C556875,6/15/11 11:51,
556876,6/15/11 11:56,16241.0
C556877,6/15/11 12:00,15498.0
556878,6/15/11 12:01,15574.0
556879,6/15/11 12:07,16461.0
C556880,6/15/11 12:12,18073.0
556881,6/15/11 12:15,17389.0
556882,6/15/11 12:21,14395.0
556883,6/15/11 12:24,13343.0
556884,6/15/11 12:27,
556885,6/15/11 12:32,18073.0
556886,6/15/11 12:34,12624.0
556887,6/15/11 12:36,14606.0
C556888,6/15/11 12:37,15005.0
556889,6/15/11 12:39,16644.0
556890,6/15/11 12:48,17581.0
556891,6/15/11 12:48,17581.0
556892,6/15/11 12:50,17581.0
C556896,6/15/11 12:51,12843.0
556903,6/15/11 12:55,14527.0
C556904,6/15/11 12:56,14527.0
556905,6/15/11 13:05,16904.0
556906,6/15/11 13:07,12843.0
556907,6/15/11 13:21,
556908,6/15/11 13:23,18165.0
556909,6/15/11 13:23,17536.0
556910,6/15/11 13:25,12748.0
C556911,6/15/11 13:25,17511.0
556912,6/15/11 13:26,15005.0
556913,6/15/11 13:26,16523.0
556914,6/15/11 13:34,12877.0
556915,6/15/11 13:35,15036.0
556916,6/15/11 13:35,16898.0
556917,6/15/11 13:37,12415.0
556918,6/15/11 13:37,12415.0
C556919,6/15/11 13:46,17511.0
C556920,6/15/11 13:49,13047.0
556921,6/15/11 13:50,16038.0
556922,6/15/11 13:56,12748.0
C556923,6/15/11 14:03,15400.0
556924,6/15/11 14:14,
C556925,6/15/11 14:23,16013.0
556926,6/15/11 14:26,16324.0
556927,6/15/11 14:47,14156.0
556928,6/15/11 14:48,14156.0
556929,6/15/11 15:12,15611.0
C556930,6/15/11 15:28,15625.0
556931,6/15/11 15:35,15864.0
556932,6/15/11 15:41,
556933,6/15/11 15:42,
556934,6/15/11 15:43,
556935,6/15/11 15:57,17651.0
556936,6/15/11 16:04,
556937,6/15/11 16:05,17716.0
C556938,6/15/11 16:15,15625.0
556939,6/15/11 16:34,
556942,6/15/11 16:42,14222.0
556943,6/15/11 16:54,
556944,6/15/11 16:54,
556945,6/15/11 16:55,
556946,6/15/11 16:55,
556947,6/15/11 16:55,
556948,6/15/11 16:56,
556949,6/15/11 16:56,
556950,6/15/11 16:56,
556951,6/15/11 16:57,
556952,6/15/11 16:57,
556953,6/16/11 8:16,14911.0
556954,6/16/11 8:38,15585.0
556955,6/16/11 9:04,
556956,6/16/11 9:04,13694.0
C556957,6/16/11 9:04,12705.0
556958,6/16/11 9:15,17490.0
556959,6/16/11 9:17,16739.0
556960,6/16/11 9:28,14844.0
556961,6/16/11 9:34,16276.0
556962,6/16/11 9:40,
556963,6/16/11 9:40,
556964,6/16/11 9:46,16145.0
556965,6/16/11 9:49,15129.0
C556966,6/16/11 9:55,13523.0
556967,6/16/11 10:04,17193.0
556968,6/16/11 10:09,12980.0
556969,6/16/11 10:11,16257.0
556970,6/16/11 10:18,13082.0
556971,6/16/11 10:19,13082.0
556972,6/16/11 10:23,17193.0
556977,6/16/11 10:42,17446.0
556998,6/16/11 10:48,16672.0
557002,6/16/11 10:49,16672.0
C557004,6/16/11 11:16,16729.0
557005,6/16/11 11:24,13700.0
557006,6/16/11 11:29,14282.0
557007,6/16/11 11:30,12484.0
557008,6/16/11 11:38,16729.0
557009,6/16/11 11:38,14321.0
557010,6/16/11 11:48,14289.0
557011,6/16/11 11:50,16279.0
557012,6/16/11 11:51,18241.0
557013,6/16/11 12:05,15044.0
557014,6/16/11 12:10,12971.0
557015,6/16/11 12:11,14735.0
557016,6/16/11 12:29,16942.0
557017,6/16/11 12:29,13199.0
557018,6/16/11 12:36,14285.0
557019,6/16/11 12:45,15907.0
557020,6/16/11 12:51,13246.0
557021,6/16/11 12:55,17642.0
C557022,6/16/11 12:56,16942.0
557023,6/16/11 13:04,16225.0
557024,6/16/11 13:05,
557025,6/16/11 13:09,
557026,6/16/11 13:14,16571.0
557027,6/16/11 13:24,12816.0
557028,6/16/11 13:25,
557029,6/16/11 13:29,
557030,6/16/11 13:30,
557031,6/16/11 13:31,
557032,6/16/11 13:46,16011.0
557033,6/16/11 13:48,13826.0
557034,6/16/11 13:50,13627.0
557035,6/16/11 13:52,
557036,6/16/11 13:53,
C557037,6/16/11 13:56,16814.0
557038,6/16/11 13:57,14037.0
557039,6/16/11 13:57,16814.0
557040,6/16/11 14:22,14243.0
557041,6/16/11 14:24,13575.0
557042,6/16/11 14:26,13004.0
C557043,6/16/11 14:33,14245.0
C557047,6/16/11 14:36,13488.0
C557054,6/16/11 14:43,17828.0
557055,6/16/11 14:45,12621.0
557056,6/16/11 14:46,12621.0
557057,6/16/11 14:46,16843.0
557058,6/16/11 14:47,16843.0
C557059,6/16/11 14:51,16672.0
C557060,6/16/11 14:54,17725.0
C557061,6/16/11 14:55,14895.0
C557062,6/16/11 14:56,13213.0
557063,6/16/11 15:01,17368.0
557064,6/16/11 15:07,13263.0
557065,6/16/11 15:08,17157.0
557066,6/16/11 15:10,17463.0
557067,6/16/11 15:12,13098.0
557068,6/16/11 15:17,13263.0
557069,6/16/11 15:22,12562.0
557070,6/16/11 15:28,14755.0
557089,6/16/11 15:36,13576.0
557092,6/16/11 15:39,12908.0
557100,6/16/11 15:47,16027.0
557103,6/16/11 15:49,16852.0
557108,6/16/11 15:58,
557109,6/16/11 16:06,15694.0
557110,6/16/11 16:26,17865.0
C557111,6/16/11 16:27,17865.0
557112,6/16/11 16:31,
557113,6/16/11 16:39,16266.0
557114,6/16/11 16:43,13951.0
557115,6/16/11 16:47,14107.0
557116,6/16/11 16:57,15219.0
557117,6/16/11 17:04,14849.0
557118,6/16/11 17:05,14849.0
557119,6/16/11 17:08,17416.0
557120,6/16/11 17:12,15669.0
557121,6/16/11 17:35,14062.0
557122,6/16/11 17:37,16558.0
557123,6/16/11 17:56,15555.0
557124,6/16/11 18:19,16359.0
557125,6/16/11 18:40,17450.0
557126,6/16/11 19:21,18168.0
557127,6/16/11 19:40,15014.0
557128,6/16/11 19:49,14765.0
557129,6/16/11 19:59,17841.0
557130,6/17/11 8:09,14005.0
557131,6/17/11 8:52,13456.0
557132,6/17/11 8:57,13107.0
557133,6/17/11 9:11,17306.0
557134,6/17/11 9:12,17306.0
557135,6/17/11 9:12,17306.0
557136,6/17/11 9:23,14911.0
557137,6/17/11 9:32,
557138,6/17/11 9:33,
557139,6/17/11 9:34,
557140,6/17/11 9:52,
557141,6/17/11 9:54,16779.0
C557142,6/17/11 10:06,12678.0
557143,6/17/11 10:12,13090.0
557144,6/17/11 10:17,13113.0
557145,6/17/11 10:43,17139.0
557146,6/17/11 10:44,17139.0
557147,6/17/11 10:51,12408.0
C557148,6/17/11 10:52,13735.0
557149,6/17/11 11:01,17961.0
557150,6/17/11 11:02,15555.0
557151,6/17/11 11:04,
557152,6/17/11 11:06,15296.0
557153,6/17/11 11:07,13735.0
C557154,6/17/11 11:07,15296.0
C557165,6/17/11 11:10,15238.0
C557175,6/17/11 11:13,16170.0
557208,6/17/11 11:38,16172.0
557210,6/17/11 11:49,18118.0
557211,6/17/11 11:49,15513.0
557212,6/17/11 12:06,12901.0
557213,6/17/11 12:16,15021.0
557214,6/17/11 12:20,17677.0
557215,6/17/11 12:22,17677.0
557216,6/17/11 12:23,17677.0
557217,6/17/11 12:30,17426.0
557218,6/17/11 12:31,17426.0
557219,6/17/11 12:39,14776.0
557220,6/17/11 12:40,14776.0
557221,6/17/11 13:01,16869.0
557222,6/17/11 13:14,14936.0
557223,6/17/11 13:17,13647.0
C557224,6/17/11 13:22,15311.0
557225,6/17/11 13:37,15311.0
557226,6/17/11 13:39,15805.0
557227,6/17/11 13:40,15805.0
557228,6/17/11 13:42,15805.0
557229,6/17/11 13:45,
557230,6/17/11 13:57,15181.0
557231,6/17/11 14:09,
557232,6/17/11 14:28,12463.0
557233,6/17/11 14:44,15356.0
557235,6/17/11 14:45,17204.0
557237,6/17/11 14:46,17204.0
557247,6/17/11 15:09,12731.0
557248,6/17/11 15:22,14491.0
C557249,6/17/11 15:34,16817.0
557250,6/17/11 15:59,12748.0
557251,6/17/11 16:07,14085.0
557252,6/17/11 16:23,17961.0
557253,6/17/11 16:30,
557254,6/17/11 17:30,
557255,6/19/11 10:11,17616.0
557256,6/19/11 10:20,17282.0
557257,6/19/11 10:34,14051.0
557258,6/19/11 10:35,12951.0
557259,6/19/11 10:38,15909.0
557260,6/19/11 10:39,17932.0
557261,6/19/11 10:53,13005.0
557262,6/19/11 10:55,16923.0
557263,6/19/11 11:08,14646.0
557264,6/19/11 11:09,13618.0
557265,6/19/11 11:10,13097.0
557266,6/19/11 11:14,14878.0
557267,6/19/11 11:23,16805.0
557268,6/19/11 11:26,13097.0
C557269,6/19/11 11:27,13097.0
557270,6/19/11 11:36,14162.0
557271,6/19/11 11:41,17769.0
557272,6/19/11 11:42,17368.0
557273,6/19/11 11:44,16050.0
557274,6/19/11 11:44,14004.0
557275,6/19/11 11:45,15544.0
557276,6/19/11 12:05,16931.0
557277,6/19/11 12:06,16484.0
557278,6/19/11 12:08,13089.0
557279,6/19/11 12:10,18077.0
557280,6/19/11 12:19,16701.0
557281,6/19/11 12:23,13632.0
C557282,6/19/11 12:25,13632.0
557283,6/19/11 12:26,16813.0
557284,6/19/11 12:29,17377.0
557285,6/19/11 12:31,15046.0
557286,6/19/11 12:36,17879.0
557287,6/19/11 12:47,18109.0
C557288,6/19/11 12:48,18109.0
557289,6/19/11 12:58,16880.0
557290,6/19/11 13:01,16880.0
557291,6/19/11 13:01,18230.0
557292,6/19/11 13:06,17562.0
557293,6/19/11 13:26,16326.0
557294,6/19/11 13:28,13629.0
557295,6/19/11 13:37,12724.0
557296,6/19/11 13:51,15334.0
557297,6/19/11 13:54,12421.0
557298,6/19/11 13:55,17519.0
557299,6/19/11 13:56,13047.0
C557300,6/19/11 14:05,12421.0
557301,6/19/11 14:08,15373.0
557302,6/19/11 14:15,13102.0
557303,6/19/11 14:36,12450.0
557304,6/19/11 14:40,16326.0
557305,6/19/11 14:42,13568.0
557306,6/19/11 14:47,18062.0
557307,6/19/11 14:56,14820.0
557308,6/19/11 15:13,16744.0
557309,6/19/11 15:15,16493.0
557310,6/19/11 15:33,13240.0
557311,6/19/11 15:36,15700.0
557312,6/19/11 15:47,17001.0
557313,6/19/11 15:56,13524.0
557314,6/19/11 15:59,12541.0
557315,6/19/11 16:02,15535.0
557316,6/19/11 16:04,17299.0
557317,6/19/11 16:07,12837.0
557318,6/19/11 16:11,14911.0
557319,6/20/11 8:23,15076.0
557320,6/20/11 8:50,15854.0
557321,6/20/11 8:50,15854.0
557322,6/20/11 9:04,17444.0
557323,6/20/11 9:35,
557324,6/20/11 9:41,
557325,6/20/11 9:44,15291.0
557326,6/20/11 9:50,14194.0
557327,6/20/11 9:50,14194.0
557328,6/20/11 9:53,14646.0
557329,6/20/11 10:13,17227.0
557330,6/20/11 10:20,14291.0
557331,6/20/11 10:21,14291.0
557332,6/20/11 10:21,14291.0
557333,6/20/11 10:25,17723.0
557349,6/20/11 10:34,16717.0
557350,6/20/11 10:41,16670.0
557351,6/20/11 10:42,16670.0
557377,6/20/11 11:00,
C557381,6/20/11 11:01,
C557387,6/20/11 11:02,
557389,6/20/11 11:03,15921.0
557390,6/20/11 11:12,
557397,6/20/11 11:23,17897.0
C557405,6/20/11 11:28,12708.0
557406,6/20/11 11:30,15747.0
557407,6/20/11 11:33,14701.0
C557408,6/20/11 11:33,12621.0
557409,6/20/11 11:34,15410.0
557410,6/20/11 11:36,14701.0
C557411,6/20/11 11:37,13343.0
557412,6/20/11 11:38,
C557413,6/20/11 11:39,14701.0
557414,6/20/11 11:42,15840.0
557415,6/20/11 11:48,
557416,6/20/11 11:49,17809.0
557417,6/20/11 11:51,
557426,6/20/11 12:06,15016.0
557427,6/20/11 12:14,12429.0
557428,6/20/11 12:24,17857.0
557429,6/20/11 12:26,17857.0
557430,6/20/11 12:27,16013.0
557431,6/20/11 12:37,18260.0
557442,6/20/11 12:53,14808.0
C557463,6/20/11 13:03,14584.0
557464,6/20/11 13:06,15301.0
C557465,6/20/11 13:07,14796.0
557466,6/20/11 13:08,13815.0
C557467,6/20/11 13:13,17157.0
557468,6/20/11 13:14,16713.0
557469,6/20/11 13:18,12904.0
557470,6/20/11 13:21,13798.0
557471,6/20/11 13:27,15825.0
557472,6/20/11 13:27,12432.0
557473,6/20/11 13:28,17428.0
557474,6/20/11 13:29,12432.0
C557475,6/20/11 13:33,13517.0
557476,6/20/11 13:41,18223.0
557477,6/20/11 13:44,18223.0
C557478,6/20/11 13:52,13408.0
C557479,6/20/11 13:56,16700.0
557480,6/20/11 14:10,
557481,6/20/11 14:11,
557482,6/20/11 14:11,
557483,6/20/11 14:17,12643.0
557484,6/20/11 14:36,14796.0
557485,6/20/11 14:38,15769.0
557486,6/20/11 14:42,
C557487,6/20/11 14:44,14796.0
557488,6/20/11 14:48,15581.0
557489,6/20/11 14:58,12490.0
557490,6/20/11 15:06,13199.0
557491,6/20/11 15:08,
557492,6/20/11 15:08,13717.0
557493,6/20/11 15:18,
557494,6/20/11 15:19,
557495,6/20/11 15:19,
557496,6/20/11 15:19,
557497,6/20/11 15:20,
557498,6/20/11 15:22,12971.0
557499,6/20/11 15:25,16320.0
557500,6/20/11 15:27,
557501,6/20/11 15:27,
557502,6/20/11 15:32,
557503,6/20/11 15:47,16839.0
557504,6/20/11 15:48,16839.0
C557505,6/20/11 16:05,17490.0
C557508,6/20/11 16:13,16684.0
557509,6/20/11 16:18,15389.0
557510,6/20/11 16:19,17588.0
557511,6/20/11 16:27,
C557512,6/20/11 16:52,15700.0
557513,6/20/11 16:53,15700.0
557514,6/20/11 16:58,14667.0
C557515,6/20/11 17:05,17463.0
C557516,6/20/11 17:07,17651.0
557517,6/20/11 17:09,15125.0
557518,6/20/11 17:14,15280.0
C557519,6/20/11 17:15,16739.0
C557520,6/20/11 17:18,15291.0
C557521,6/20/11 17:20,13694.0
C557522,6/20/11 17:23,17193.0
557523,6/21/11 8:27,12971.0
557524,6/21/11 9:18,12748.0
557525,6/21/11 9:26,12759.0
557526,6/21/11 9:30,14397.0
557527,6/21/11 9:44,13941.0
557528,6/21/11 9:49,17159.0
557529,6/21/11 9:58,15189.0
557560,6/21/11 10:37,15329.0
C557566,6/21/11 10:39,15998.0
557568,6/21/11 10:40,17629.0
557569,6/21/11 10:46,12474.0
557570,6/21/11 10:48,15998.0
557571,6/21/11 10:53,12830.0
557572,6/21/11 10:55,15061.0
557573,6/21/11 10:56,15061.0
557577,6/21/11 11:02,14606.0
557583,6/21/11 11:07,14776.0
557595,6/21/11 11:19,15507.0
557596,6/21/11 11:33,
557597,6/21/11 11:33,
557598,6/21/11 11:33,14667.0
557599,6/21/11 11:34,
557600,6/21/11 11:35,
557601,6/21/11 11:47,18252.0
557602,6/21/11 11:57,14110.0
557603,6/21/11 12:02,16526.0
557604,6/21/11 12:03,15039.0
557605,6/21/11 12:06,14911.0
557610,6/21/11 12:09,
557611,6/21/11 12:35,17695.0
557612,6/21/11 12:40,14460.0
557613,6/21/11 13:12,
557614,6/21/11 13:22,16394.0
557615,6/21/11 13:24,15498.0
557616,6/21/11 13:25,12930.0
557617,6/21/11 13:37,14543.0
557618,6/21/11 13:38,14960.0
557619,6/21/11 13:58,17757.0
557620,6/21/11 13:58,14408.0
557621,6/21/11 14:00,12444.0
557622,6/21/11 14:15,17960.0
557623,6/21/11 14:15,15498.0
C557624,6/21/11 14:22,16422.0
557625,6/21/11 14:23,15159.0
557626,6/21/11 14:29,14175.0
557627,6/21/11 14:30,12583.0
557628,6/21/11 14:31,15311.0
C557629,6/21/11 14:52,14776.0
557630,6/21/11 14:53,13178.0
557631,6/21/11 15:01,18229.0
557632,6/21/11 15:07,17420.0
557633,6/21/11 15:13,13750.0
557634,6/21/11 15:24,15412.0
557635,6/21/11 15:27,12748.0
557636,6/21/11 15:41,17841.0
C557637,6/21/11 16:00,13630.0
C557638,6/21/11 16:01,17450.0
557639,6/21/11 16:13,12933.0
557640,6/21/11 16:24,
557641,6/21/11 16:35,
557642,6/21/11 16:35,
557643,6/21/11 16:36,
557644,6/21/11 17:06,
557645,6/21/11 17:08,
C557646,6/21/11 17:11,17306.0
C557647,6/21/11 17:13,17139.0
C557648,6/21/11 17:14,17677.0
C557649,6/21/11 17:15,15498.0
C557650,6/21/11 17:17,15152.0
C557651,6/21/11 17:20,17428.0
C557652,6/21/11 17:21,16145.0
C557653,6/21/11 17:25,14040.0
C557654,6/21/11 17:34,14243.0
C557655,6/21/11 17:36,15125.0
C557656,6/21/11 17:37,14001.0
C557657,6/21/11 17:40,13763.0
C557658,6/21/11 17:41,13630.0
C557659,6/21/11 17:42,16186.0
C557660,6/21/11 17:43,13999.0
C557661,6/21/11 17:44,13936.0
557662,6/21/11 17:51,13630.0
C557663,6/21/11 17:59,
C557664,6/21/11 18:00,
C557665,6/21/11 18:02,13384.0
C557666,6/21/11 18:03,12947.0
557667,6/22/11 8:30,15606.0
557668,6/22/11 9:02,17828.0
557669,6/22/11 9:43,12674.0
557670,6/22/11 10:11,12798.0
557671,6/22/11 10:11,13849.0
557672,6/22/11 10:13,16114.0
557673,6/22/11 10:15,16180.0
557674,6/22/11 10:19,16422.0
557675,6/22/11 10:27,
557676,6/22/11 10:28,15804.0
557681,6/22/11 10:31,14463.0
C557709,6/22/11 10:39,15840.0
557734,6/22/11 11:20,12684.0
557735,6/22/11 11:30,16214.0
557736,6/22/11 11:35,13420.0
557739,6/22/11 11:43,13780.0
557742,6/22/11 11:46,14911.0
557743,6/22/11 11:59,18155.0
557744,6/22/11 12:09,15194.0
557745,6/22/11 12:16,15750.0
557746,6/22/11 12:24,15059.0
557747,6/22/11 12:25,13611.0
557748,6/22/11 12:32,14527.0
557749,6/22/11 12:44,13477.0
557750,6/22/11 12:50,16841.0
557751,6/22/11 12:56,14092.0
557752,6/22/11 12:57,14092.0
557753,6/22/11 13:00,17877.0
557754,6/22/11 13:12,12432.0
557755,6/22/11 13:14,14733.0
557756,6/22/11 13:18,
557757,6/22/11 13:28,14606.0
557758,6/22/11 13:28,17585.0
557759,6/22/11 13:52,14156.0
557760,6/22/11 13:57,12901.0
557761,6/22/11 13:59,14214.0
557762,6/22/11 14:01,15810.0
557763,6/22/11 14:10,17669.0
557764,6/22/11 14:21,13089.0
557765,6/22/11 14:23,16247.0
557766,6/22/11 14:24,16566.0
557767,6/22/11 14:24,13089.0
557768,6/22/11 14:26,
557769,6/22/11 14:38,16626.0
557770,6/22/11 14:41,14643.0
557771,6/22/11 14:43,15601.0
557772,6/22/11 14:47,16458.0
C557773,6/22/11 14:55,15059.0
557774,6/22/11 15:00,13695.0
557775,6/22/11 15:06,16966.0
557776,6/22/11 15:07,14422.0
557777,6/22/11 15:11,
557778,6/22/11 15:11,
C557779,6/22/11 15:12,13004.0
557780,6/22/11 15:15,
557781,6/22/11 15:30,17389.0
557782,6/22/11 15:41,14640.0
557783,6/22/11 15:43,12748.0
557784,6/22/11 15:49,
557785,6/22/11 15:50,14364.0
557786,6/22/11 16:01,15550.0
557787,6/22/11 16:16,15041.0
557788,6/22/11 16:32,14088.0
557789,6/22/11 16:32,12379.0
557790,6/22/11 16:33,14099.0
C557791,6/22/11 16:36,14099.0
557792,6/22/11 16:44,16987.0
557793,6/22/11 17:30,14998.0
557794,6/23/11 9:08,16287.0
557795,6/23/11 9:14,13881.0
557796,6/23/11 9:15,13881.0
557797,6/23/11 9:22,12919.0
557798,6/23/11 9:38,16187.0
557799,6/23/11 9:53,14854.0
557800,6/23/11 9:56,12748.0
557801,6/23/11 10:14,13319.0
557802,6/23/11 10:15,15130.0
557803,6/23/11 10:20,12704.0
557804,6/23/11 10:24,18198.0
557805,6/23/11 10:27,17651.0
557806,6/23/11 10:32,
C557842,6/23/11 10:42,14159.0
557846,6/23/11 10:44,17365.0
557847,6/23/11 10:49,
557848,6/23/11 10:52,15220.0
557849,6/23/11 10:52,17613.0
557850,6/23/11 10:56,12720.0
557851,6/23/11 10:57,
557852,6/23/11 10:57,15384.0
557853,6/23/11 11:01,16258.0
557854,6/23/11 11:38,13268.0
557855,6/23/11 11:46,16806.0
557856,6/23/11 11:47,16647.0
557857,6/23/11 11:50,17370.0
557858,6/23/11 11:51,14159.0
557859,6/23/11 11:55,17709.0
557860,6/23/11 11:58,17630.0
557861,6/23/11 12:13,13437.0
557864,6/23/11 12:19,15253.0
557869,6/23/11 12:21,17961.0
557870,6/23/11 12:36,14404.0
557871,6/23/11 12:41,13458.0
557872,6/23/11 12:42,14911.0
557873,6/23/11 12:51,17659.0
C557874,6/23/11 13:05,14911.0
557875,6/23/11 13:09,13300.0
C557876,6/23/11 13:10,18223.0
557877,6/23/11 13:13,15379.0
557878,6/23/11 13:13,16940.0
C557879,6/23/11 13:15,14911.0
557880,6/23/11 13:16,14911.0
557881,6/23/11 13:22,14401.0
C557882,6/23/11 13:23,15061.0
C557883,6/23/11 13:30,17611.0
557884,6/23/11 13:35,17759.0
557885,6/23/11 13:37,12465.0
557886,6/23/11 13:39,17799.0
557887,6/23/11 13:41,17759.0
557888,6/23/11 13:51,14656.0
557889,6/23/11 13:51,12412.0
C557890,6/23/11 13:54,17204.0
557891,6/23/11 14:05,17652.0
557892,6/23/11 14:11,14534.0
557893,6/23/11 14:12,15228.0
557894,6/23/11 14:13,14818.0
C557895,6/23/11 14:20,15834.0
557896,6/23/11 14:22,17611.0
557897,6/23/11 14:25,13881.0
557898,6/23/11 14:35,17314.0
557900,6/23/11 14:36,13098.0
C557927,6/23/11 14:56,16029.0
557933,6/23/11 15:07,13014.0
557935,6/23/11 15:26,13929.0
557936,6/23/11 15:28,
557937,6/23/11 15:30,
557938,6/23/11 15:35,
557939,6/23/11 15:44,12697.0
557940,6/23/11 15:48,18017.0
C557941,6/23/11 16:00,12901.0
557942,6/23/11 16:02,13725.0
C557943,6/23/11 16:09,14217.0
C557944,6/23/11 16:10,15669.0
C557945,6/23/11 16:11,18223.0
C557946,6/23/11 16:13,17340.0
C557947,6/23/11 16:15,13089.0
557948,6/23/11 16:35,13937.0
557949,6/23/11 17:20,15530.0
557950,6/23/11 17:35,17848.0
557951,6/23/11 17:53,14825.0
557952,6/23/11 18:33,14584.0
557953,6/23/11 18:42,12748.0
557954,6/23/11 18:44,15023.0
557955,6/23/11 18:59,16175.0
557956,6/23/11 19:20,18283.0
557957,6/23/11 19:20,13969.0
557958,6/23/11 19:27,16161.0
557959,6/23/11 19:29,17351.0
557960,6/23/11 19:46,15453.0
557961,6/24/11 8:40,18257.0
557962,6/24/11 9:22,13709.0
557963,6/24/11 9:24,13709.0
557964,6/24/11 9:27,15498.0
C557965,6/24/11 9:32,13115.0
557966,6/24/11 9:38,15187.0
557967,6/24/11 9:40,17704.0
557968,6/24/11 9:43,17061.0
557969,6/24/11 10:03,13856.0
557970,6/24/11 10:11,16915.0
C557971,6/24/11 10:15,18118.0
557972,6/24/11 10:16,12500.0
557973,6/24/11 10:26,12955.0
557974,6/24/11 10:31,14541.0
557975,6/24/11 10:33,15981.0
557976,6/24/11 10:33,18118.0
557995,6/24/11 10:44,17979.0
558006,6/24/11 10:47,16626.0
558027,6/24/11 11:08,14032.0
558028,6/24/11 11:39,15128.0
C558029,6/24/11 11:47,12826.0
558030,6/24/11 12:00,16419.0
558031,6/24/11 12:14,14180.0
558032,6/24/11 12:14,
558033,6/24/11 12:15,
558034,6/24/11 12:17,
558035,6/24/11 12:30,15258.0
C558036,6/24/11 12:31,
C558037,6/24/11 12:33,
558038,6/24/11 12:43,18219.0
558039,6/24/11 12:44,18219.0
558040,6/24/11 12:51,14309.0
558041,6/24/11 13:20,12422.0
558042,6/24/11 13:26,13870.0
558043,6/24/11 13:28,13425.0
558044,6/24/11 13:29,13870.0
558045,6/24/11 13:35,12615.0
558046,6/24/11 13:47,
558047,6/24/11 13:51,
C558048,6/24/11 13:52,
558049,6/24/11 14:16,15850.0
558053,6/24/11 14:33,15027.0
558054,6/24/11 14:36,12971.0
558055,6/24/11 14:43,
558056,6/24/11 14:54,15186.0
558057,6/24/11 14:57,15665.0
558058,6/24/11 15:00,14766.0
C558059,6/24/11 15:03,14194.0
C558060,6/24/11 15:05,17809.0
C558061,6/24/11 15:15,12809.0
558062,6/24/11 15:17,13784.0
558063,6/24/11 15:28,16395.0
558064,6/24/11 15:31,
558065,6/24/11 15:33,16419.0
558066,6/24/11 15:45,
558067,6/24/11 15:51,14156.0
558068,6/24/11 15:51,
558069,6/24/11 15:51,14156.0
558070,6/24/11 15:59,12843.0
558073,6/24/11 16:21,13004.0
558074,6/24/11 16:38,13791.0
558075,6/24/11 17:07,17858.0
558076,6/24/11 17:35,14031.0
558077,6/26/11 10:59,13408.0
558078,6/26/11 11:00,13408.0
558079,6/26/11 11:01,17402.0
C558080,6/26/11 11:35,15104.0
C558081,6/26/11 11:42,18172.0
C558082,6/26/11 11:43,16239.0
558083,6/26/11 11:47,17284.0
558084,6/26/11 11:47,14837.0
558085,6/26/11 11:53,13021.0
558086,6/26/11 11:58,16728.0
558086,6/26/11 11:59,16728.0
558087,6/26/11 12:04,17323.0
C558088,6/26/11 12:08,14475.0
558089,6/26/11 12:36,13505.0
558090,6/26/11 12:51,14808.0
C558091,6/26/11 12:52,14808.0
558092,6/26/11 12:54,14808.0
558093,6/26/11 13:00,17969.0
558094,6/26/11 13:04,14795.0
C558095,6/26/11 13:13,15046.0
558096,6/26/11 13:24,15532.0
C558097,6/26/11 13:29,15532.0
558098,6/26/11 13:31,18044.0
558099,6/26/11 13:45,17593.0
558100,6/26/11 13:46,17768.0
558101,6/26/11 13:56,18112.0
558102,6/26/11 14:06,17372.0
558103,6/26/11 14:08,13767.0
558104,6/26/11 14:28,13668.0
558105,6/26/11 14:54,15644.0
C558106,6/26/11 14:59,13668.0
558107,6/26/11 15:09,17811.0
558108,6/26/11 15:35,12548.0
558109,6/26/11 15:36,12474.0
C558110,6/26/11 15:47,17731.0
558111,6/26/11 16:06,17114.0
C558112,6/26/11 16:08,17114.0
558113,6/27/11 8:48,14911.0
558114,6/27/11 8:49,14911.0
558115,6/27/11 8:50,16003.0
558116,6/27/11 9:11,
558117,6/27/11 9:11,
558118,6/27/11 9:11,
558119,6/27/11 9:12,
558120,6/27/11 9:12,
558121,6/27/11 9:34,13453.0
558122,6/27/11 9:35,16570.0
558123,6/27/11 10:16,15834.0
558124,6/27/11 10:17,12493.0
558125,6/27/11 10:20,16422.0
558126,6/27/11 10:29,15482.0
558127,6/27/11 10:42,13777.0
C558128,6/27/11 11:14,13742.0
C558129,6/27/11 11:18,12919.0
558159,6/27/11 11:50,16904.0
558181,6/27/11 12:01,17980.0
558182,6/27/11 12:11,17386.0
558183,6/27/11 12:13,15996.0
558191,6/27/11 12:16,16869.0
C558189,6/27/11 12:16,15996.0
558192,6/27/11 12:23,16029.0
558193,6/27/11 12:25,16029.0
558194,6/27/11 12:28,14583.0
558195,6/27/11 12:32,17735.0
558196,6/27/11 12:38,16033.0
558197,6/27/11 12:45,14298.0
558198,6/27/11 12:49,14104.0
558199,6/27/11 12:58,17110.0
558200,6/27/11 13:00,15976.0
558201,6/27/11 13:12,15838.0
C558202,6/27/11 13:24,17841.0
558203,6/27/11 13:51,17386.0
558204,6/27/11 13:58,18193.0
558232,6/27/11 14:30,17841.0
558233,6/27/11 14:36,18073.0
558234,6/27/11 14:37,18073.0
558235,6/27/11 14:41,16242.0
558236,6/27/11 14:55,
558237,6/27/11 15:04,12867.0
558238,6/27/11 15:04,
C558239,6/27/11 15:24,16966.0
558240,6/27/11 15:27,
558241,6/27/11 15:28,15932.0
558242,6/27/11 15:35,
558243,6/27/11 15:52,
558244,6/27/11 15:52,
558245,6/27/11 16:28,
558246,6/27/11 16:43,
558247,6/27/11 16:46,14167.0
558248,6/27/11 16:48,13798.0
C558249,6/27/11 16:59,17562.0
C558252,6/27/11 17:02,18155.0
C558253,6/27/11 17:04,13611.0
C558254,6/27/11 17:05,16670.0
C558255,6/27/11 17:06,12955.0
C558256,6/27/11 17:08,13552.0
C558257,6/27/11 17:27,18198.0
C558258,6/27/11 17:28,13014.0
558259,6/28/11 8:19,15304.0
558260,6/28/11 8:38,16945.0
558261,6/28/11 8:39,16945.0
558262,6/28/11 8:45,14646.0
558263,6/28/11 8:50,14646.0
558264,6/28/11 9:10,16473.0
558265,6/28/11 10:06,12747.0
558268,6/28/11 10:17,
558271,6/28/11 10:17,13895.0
558276,6/28/11 10:18,16422.0
558293,6/28/11 10:31,13656.0
558294,6/28/11 10:37,16545.0
558295,6/28/11 10:38,14481.0
558305,6/28/11 10:59,
558306,6/28/11 10:59,
558307,6/28/11 11:02,
558308,6/28/11 11:02,
558309,6/28/11 11:03,
558310,6/28/11 11:20,16671.0
558311,6/28/11 11:22,14646.0
C558312,6/28/11 11:30,12955.0
C558313,6/28/11 11:31,13870.0
558314,6/28/11 11:38,16672.0
558315,6/28/11 11:44,15065.0
558316,6/28/11 11:45,
558317,6/28/11 11:46,14688.0
558318,6/28/11 11:52,
558319,6/28/11 11:53,
558321,6/28/11 11:53,
558325,6/28/11 11:56,14351.0
C558326,6/28/11 11:59,13300.0
C558327,6/28/11 12:04,17900.0
558328,6/28/11 12:09,15146.0
C558329,6/28/11 12:09,17900.0
558330,6/28/11 12:16,12748.0
558331,6/28/11 12:21,17391.0
558332,6/28/11 13:09,18241.0
558333,6/28/11 13:10,13953.0
558334,6/28/11 13:11,12599.0
558335,6/28/11 13:16,17442.0
558336,6/28/11 13:17,14364.0
558337,6/28/11 13:31,
558338,6/28/11 13:36,16824.0
558339,6/28/11 13:55,16928.0
558340,6/28/11 14:01,
558341,6/28/11 14:20,14741.0
558342,6/28/11 14:36,
558343,6/28/11 14:44,
558344,6/28/11 14:44,
558345,6/28/11 14:45,
558346,6/28/11 14:45,
C558347,6/28/11 14:47,
558348,6/28/11 14:50,17188.0
C558349,6/28/11 14:50,
558350,6/28/11 14:51,17188.0
558351,6/28/11 14:52,13767.0
558352,6/28/11 14:54,17940.0
558353,6/28/11 14:55,17940.0
C558354,6/28/11 14:57,14854.0
558355,6/28/11 14:58,13614.0
558356,6/28/11 14:58,14854.0
C558357,6/28/11 15:04,15502.0
558358,6/28/11 15:05,17965.0
C558359,6/28/11 15:10,
C558360,6/28/11 15:10,16701.0
C558361,6/28/11 15:13,15128.0
558362,6/28/11 15:14,16029.0
558363,6/28/11 15:15,16029.0
C558364,6/28/11 15:20,
558365,6/28/11 15:28,13631.0
558366,6/28/11 15:30,13631.0
558367,6/28/11 15:31,16550.0
558368,6/28/11 15:36,14329.0
558369,6/28/11 15:40,
558370,6/28/11 15:44,17750.0
558371,6/28/11 15:44,
558372,6/28/11 15:47,16200.0
558375,6/28/11 16:02,13418.0
558376,6/28/11 16:03,13418.0
558377,6/28/11 16:24,
558378,6/28/11 16:27,
558379,6/28/11 16:34,
558381,6/28/11 17:01,15299.0
558382,6/28/11 17:28,17997.0
558383,6/29/11 8:58,18075.0
558384,6/29/11 9:09,17389.0
558385,6/29/11 9:13,16525.0
558386,6/29/11 9:32,14883.0
558387,6/29/11 9:58,17391.0
558388,6/29/11 10:00,
558389,6/29/11 10:18,14383.0
558390,6/29/11 10:23,13461.0
C558405,6/29/11 10:30,13881.0
558416,6/29/11 10:50,16059.0
558417,6/29/11 10:50,14156.0
558418,6/29/11 11:35,12901.0
558419,6/29/11 11:41,17702.0
558420,6/29/11 11:46,14577.0
558421,6/29/11 11:47,15611.0
C558422,6/29/11 11:54,16779.0
C558423,6/29/11 12:05,16966.0
558430,6/29/11 12:12,13238.0
558431,6/29/11 12:15,14911.0
558432,6/29/11 12:16,17730.0
C558433,6/29/11 12:31,14606.0
C558434,6/29/11 12:36,15304.0
558435,6/29/11 12:37,13078.0
C558436,6/29/11 12:45,15805.0
558437,6/29/11 12:46,17799.0
C558438,6/29/11 12:51,15189.0
558440,6/29/11 12:53,17408.0
C558439,6/29/11 12:53,12584.0
558441,6/29/11 12:59,14606.0
558442,6/29/11 13:10,15537.0
558443,6/29/11 13:20,15189.0
C558444,6/29/11 13:29,15311.0
558445,6/29/11 13:39,
558446,6/29/11 13:40,
558447,6/29/11 13:40,15311.0
558448,6/29/11 13:40,
558449,6/29/11 13:40,
558450,6/29/11 13:41,
558451,6/29/11 13:41,
558452,6/29/11 13:51,15208.0
558453,6/29/11 13:52,
558454,6/29/11 13:58,17063.0
558455,6/29/11 13:58,14327.0
558456,6/29/11 13:59,17063.0
558457,6/29/11 13:59,
558458,6/29/11 14:17,14527.0
558459,6/29/11 14:20,15334.0
558460,6/29/11 14:53,16779.0
558461,6/29/11 15:03,13263.0
558462,6/29/11 15:11,13982.0
C558463,6/29/11 15:14,13982.0
558464,6/29/11 15:17,
C558465,6/29/11 15:19,13418.0
C558466,6/29/11 15:20,12951.0
558467,6/29/11 15:22,17757.0
C558468,6/29/11 15:23,17389.0
C558469,6/29/11 15:31,17757.0
558470,6/29/11 15:33,16801.0
C558471,6/29/11 15:38,12408.0
558472,6/29/11 15:40,16553.0
558473,6/29/11 15:41,16553.0
558474,6/29/11 15:42,16553.0
558475,6/29/11 15:58,
558476,6/29/11 16:04,
558477,6/29/11 16:04,
558478,6/29/11 16:07,16775.0
558479,6/29/11 16:44,17837.0
558480,6/30/11 8:17,15271.0
558481,6/30/11 9:02,17675.0
558482,6/30/11 9:56,16570.0
558483,6/30/11 9:59,18171.0
558484,6/30/11 10:09,14267.0
558485,6/30/11 10:11,
558501,6/30/11 10:19,13871.0
558520,6/30/11 10:25,
C558521,6/30/11 10:31,13113.0
C558522,6/30/11 10:33,15932.0
558523,6/30/11 10:44,17949.0
558524,6/30/11 10:52,13113.0
C558525,6/30/11 10:52,13113.0
558526,6/30/11 11:01,17949.0
558527,6/30/11 11:02,12748.0
558528,6/30/11 11:02,17949.0
558529,6/30/11 11:22,17949.0
C558530,6/30/11 11:26,15039.0
C558531,6/30/11 11:31,15039.0
558532,6/30/11 11:32,15039.0
558533,6/30/11 11:49,16717.0
558534,6/30/11 11:54,13988.0
558535,6/30/11 12:04,16904.0
558536,6/30/11 12:06,12424.0
558537,6/30/11 12:06,12424.0
558538,6/30/11 12:12,15005.0
558539,6/30/11 12:14,16556.0
558540,6/30/11 12:15,17706.0
558542,6/30/11 12:23,13593.0
558552,6/30/11 12:42,13694.0
C558553,6/30/11 12:44,17949.0
558554,6/30/11 12:50,17949.0
558555,6/30/11 13:03,15578.0
558556,6/30/11 13:14,17954.0
558557,6/30/11 13:17,13282.0
558558,6/30/11 13:17,17841.0
C558559,6/30/11 13:20,17648.0
558560,6/30/11 13:23,17841.0
558561,6/30/11 13:25,13742.0
558562,6/30/11 13:28,16401.0
558563,6/30/11 13:43,14561.0
558564,6/30/11 13:45,14057.0
558565,6/30/11 13:58,14803.0
558566,6/30/11 14:25,
558567,6/30/11 14:37,14191.0
558568,6/30/11 14:37,16316.0
558569,6/30/11 14:37,
558570,6/30/11 14:38,17673.0
558571,6/30/11 14:46,17017.0
558572,6/30/11 14:47,14282.0
558573,6/30/11 14:47,17017.0
558574,6/30/11 14:48,17017.0
C558575,6/30/11 14:58,12674.0
558608,6/30/11 15:30,12524.0
558610,6/30/11 15:33,
558611,6/30/11 15:35,16475.0
558612,6/30/11 15:40,17949.0
558613,6/30/11 15:46,14911.0
558614,6/30/11 15:56,
C558615,6/30/11 16:20,17719.0
558616,6/30/11 16:22,16045.0
558619,6/30/11 16:28,14401.0
558620,6/30/11 16:39,15584.0
558621,6/30/11 16:43,13745.0
558622,6/30/11 16:51,16357.0
558623,6/30/11 16:52,12395.0
558624,6/30/11 17:16,14560.0
558625,6/30/11 17:29,14132.0
558626,6/30/11 17:34,12569.0
558627,6/30/11 17:40,14711.0
558628,6/30/11 17:59,12626.0
558629,6/30/11 18:04,15615.0
558630,6/30/11 18:07,15615.0
558631,6/30/11 18:17,17921.0
558632,6/30/11 18:44,17930.0
558633,6/30/11 19:13,16745.0
558634,6/30/11 19:27,14506.0
558635,6/30/11 19:52,16498.0
558636,6/30/11 19:58,14702.0
558637,6/30/11 20:08,17891.0
558638,7/1/11 8:16,16317.0
558639,7/1/11 8:55,13492.0
558640,7/1/11 8:58,14911.0
558641,7/1/11 9:19,17865.0
558642,7/1/11 9:47,17667.0
558643,7/1/11 9:51,13534.0
558644,7/1/11 10:16,14156.0
558647,7/1/11 10:39,14868.0
558653,7/1/11 10:40,14868.0
558663,7/1/11 10:44,
558671,7/1/11 10:47,17123.0
558679,7/1/11 10:58,17800.0
558680,7/1/11 11:19,
558681,7/1/11 11:20,
558682,7/1/11 11:20,
558683,7/1/11 11:23,
558684,7/1/11 11:29,14016.0
558685,7/1/11 11:32,17706.0
558686,7/1/11 11:33,17706.0
558687,7/1/11 11:43,12598.0
558696,7/1/11 12:09,16746.0
558697,7/1/11 12:11,
C558698,7/1/11 12:11,16746.0
558699,7/1/11 12:17,12494.0
558700,7/1/11 12:33,17920.0
558701,7/1/11 12:34,16866.0
558702,7/1/11 12:45,12748.0
558703,7/1/11 12:47,13730.0
558704,7/1/11 12:50,17505.0
558705,7/1/11 12:52,12748.0
558706,7/1/11 12:52,16839.0
558707,7/1/11 12:58,12748.0
558708,7/1/11 13:01,12748.0
558709,7/1/11 13:02,17338.0
558710,7/1/11 13:04,15483.0
558711,7/1/11 13:05,15483.0
C558712,7/1/11 13:06,17338.0
558713,7/1/11 13:07,15483.0
558714,7/1/11 13:17,17888.0
558715,7/1/11 13:18,
558717,7/1/11 13:22,12710.0
C558716,7/1/11 13:22,17888.0
558718,7/1/11 13:31,16589.0
558719,7/1/11 13:48,13576.0
558720,7/1/11 14:03,
558721,7/1/11 14:08,14338.0
C558722,7/1/11 14:18,12901.0
558723,7/1/11 14:28,
558724,7/1/11 14:30,
558725,7/1/11 14:31,
C558726,7/1/11 14:32,16422.0
C558727,7/1/11 14:35,12709.0
558728,7/1/11 14:50,
558729,7/1/11 14:51,13450.0
558730,7/1/11 14:51,
558731,7/1/11 14:53,13285.0
558732,7/1/11 14:55,
C558733,7/1/11 15:06,16498.0
558734,7/1/11 15:07,16498.0
C558735,7/1/11 15:09,16700.0
C558736,7/1/11 15:14,18075.0
558737,7/1/11 15:22,17988.0
558738,7/1/11 15:35,12922.0
C558739,7/1/11 15:35,16570.0
558740,7/1/11 15:39,16775.0
558741,7/1/11 15:52,
558742,7/1/11 15:56,
558743,7/1/11 15:56,
C558745,7/1/11 17:02,14415.0
558746,7/1/11 17:23,14415.0
558747,7/3/11 10:11,15465.0
558748,7/3/11 10:23,17800.0
558749,7/3/11 10:28,16326.0
558750,7/3/11 10:47,18226.0
558751,7/3/11 11:26,16009.0
558752,7/3/11 11:40,16931.0
C558753,7/3/11 11:54,15033.0
558754,7/3/11 12:10,15518.0
558755,7/3/11 12:21,14053.0
558756,7/3/11 12:21,12843.0
558757,7/3/11 12:22,13148.0
558758,7/3/11 12:27,17939.0
558759,7/3/11 12:36,13148.0
558760,7/3/11 12:38,16918.0
558761,7/3/11 12:52,15033.0
558762,7/3/11 13:05,15023.0
558763,7/3/11 13:08,12841.0
C558764,7/3/11 13:08,15023.0
558765,7/3/11 13:12,17312.0
558766,7/3/11 13:24,14257.0
558767,7/3/11 13:27,13833.0
558768,7/3/11 13:33,15952.0
558769,7/3/11 14:58,17899.0
558770,7/3/11 15:19,12748.0
558771,7/3/11 15:53,17105.0
558772,7/3/11 16:00,15007.0
558773,7/3/11 16:00,17781.0
558774,7/4/11 10:17,
558775,7/4/11 10:20,18102.0
558776,7/4/11 10:20,18102.0
558777,7/4/11 10:23,
558778,7/4/11 10:27,17160.0
558779,7/4/11 10:42,16682.0
558808,7/4/11 11:10,
558809,7/4/11 11:10,
558810,7/4/11 11:11,
558811,7/4/11 11:11,
558812,7/4/11 11:35,16265.0
558813,7/4/11 11:42,12682.0
558814,7/4/11 11:47,14049.0
558835,7/4/11 11:58,
558837,7/4/11 11:58,
558841,7/4/11 11:59,12471.0
C558859,7/4/11 12:17,17841.0
558860,7/4/11 12:18,17975.0
558861,7/4/11 12:19,13373.0
558862,7/4/11 12:25,13901.0
558863,7/4/11 12:28,17243.0
558864,7/4/11 12:38,
558865,7/4/11 12:39,
558866,7/4/11 12:40,
558867,7/4/11 12:41,17765.0
558868,7/4/11 12:47,13266.0
558869,7/4/11 12:49,
558870,7/4/11 12:58,14145.0
558871,7/4/11 13:19,12557.0
558872,7/4/11 13:19,17464.0
558873,7/4/11 13:28,15290.0
558874,7/4/11 13:29,
558875,7/4/11 13:35,13301.0
558876,7/4/11 13:36,17841.0
558877,7/4/11 13:50,17841.0
558878,7/4/11 13:53,16385.0
558879,7/4/11 14:07,12921.0
558880,7/4/11 14:08,12921.0
558881,7/4/11 14:36,12705.0
C558882,7/4/11 14:47,13767.0
C558883,7/4/11 14:51,17063.0
C558884,7/4/11 14:53,13763.0
558885,7/4/11 15:10,13267.0
558886,7/4/11 15:13,13267.0
558887,7/4/11 15:26,18265.0
558888,7/4/11 15:29,14056.0
558889,7/4/11 15:32,
558890,7/4/11 15:34,
558891,7/4/11 15:38,16861.0
558892,7/4/11 15:46,17581.0
558893,7/4/11 15:49,17581.0
558894,7/4/11 15:50,16344.0
558895,7/4/11 15:54,12619.0
558896,7/4/11 15:55,
C558897,7/4/11 15:55,12619.0
C558898,7/4/11 15:59,14952.0
C558899,7/4/11 16:00,14338.0
558900,7/4/11 16:06,15349.0
C558901,7/4/11 16:07,18171.0
558902,7/4/11 16:08,13001.0
C558903,7/4/11 16:09,13115.0
558904,7/4/11 16:18,
C558905,7/4/11 16:27,13826.0
558906,7/4/11 16:35,15555.0
558908,7/5/11 9:06,13338.0
558909,7/5/11 9:10,13408.0
558910,7/5/11 9:16,12989.0
558911,7/5/11 9:23,14189.0
558912,7/5/11 9:31,17024.0
558913,7/5/11 9:32,
558914,7/5/11 9:32,
558915,7/5/11 9:33,
558916,7/5/11 9:33,16985.0
558917,7/5/11 9:34,12980.0
558918,7/5/11 9:53,15646.0
558919,7/5/11 9:56,15078.0
558920,7/5/11 9:57,15078.0
558921,7/5/11 9:57,15078.0
558922,7/5/11 10:06,16782.0
558923,7/5/11 10:06,16837.0
558924,7/5/11 10:07,15785.0
558925,7/5/11 10:08,15785.0
558926,7/5/11 10:21,17469.0
558927,7/5/11 10:23,18177.0
558933,7/5/11 10:39,16098.0
558959,7/5/11 10:54,16103.0
558963,7/5/11 10:57,14235.0
558964,7/5/11 10:58,14235.0
C558969,7/5/11 11:01,16729.0
558970,7/5/11 11:10,18232.0
558990,7/5/11 11:30,13489.0
558991,7/5/11 11:32,14606.0
558992,7/5/11 11:36,14223.0
558993,7/5/11 11:49,16729.0
558994,7/5/11 11:58,13854.0
558995,7/5/11 12:03,17671.0
558996,7/5/11 12:11,13085.0
558999,7/5/11 12:15,15806.0
559000,7/5/11 12:15,14099.0
559001,7/5/11 12:17,18198.0
559002,7/5/11 12:18,12971.0
C559003,7/5/11 12:19,13089.0
559004,7/5/11 12:23,12428.0
559005,7/5/11 12:39,13183.0
559006,7/5/11 12:41,14905.0
C559007,7/5/11 12:42,13534.0
C559008,7/5/11 12:44,15518.0
559009,7/5/11 12:47,15549.0
559010,7/5/11 12:50,14911.0
559011,7/5/11 12:50,17049.0
C559012,7/5/11 12:50,17017.0
559013,7/5/11 12:52,13414.0
559014,7/5/11 12:53,14262.0
559015,7/5/11 12:53,13098.0
559016,7/5/11 13:01,14051.0
559017,7/5/11 13:06,14034.0
559018,7/5/11 13:07,18203.0
C559019,7/5/11 13:10,14034.0
559020,7/5/11 13:15,14034.0
559021,7/5/11 13:16,16525.0
C559022,7/5/11 13:18,13021.0
559023,7/5/11 13:19,18142.0
559024,7/5/11 13:38,16616.0
559025,7/5/11 13:56,16338.0
559026,7/5/11 14:20,16146.0
559027,7/5/11 14:24,17046.0
559028,7/5/11 14:27,12839.0
559029,7/5/11 14:42,16316.0
C559030,7/5/11 14:51,16571.0
559032,7/5/11 14:53,17511.0
C559031,7/5/11 14:53,15985.0
C559033,7/5/11 14:54,17389.0
559034,7/5/11 14:56,13109.0
559035,7/5/11 15:12,13695.0
559036,7/5/11 15:14,12637.0
559037,7/5/11 15:29,
559038,7/5/11 15:31,
559039,7/5/11 15:32,
559040,7/5/11 15:33,
559041,7/5/11 15:33,
559042,7/5/11 15:34,
559043,7/5/11 15:35,
559044,7/5/11 15:37,17306.0
559045,7/5/11 15:40,14352.0
559046,7/5/11 15:41,14352.0
559047,7/5/11 15:44,13082.0
559048,7/5/11 15:48,13027.0
C559049,7/5/11 15:50,12494.0
559050,7/5/11 16:08,13694.0
559051,7/5/11 16:47,
559052,7/5/11 16:53,
559055,7/5/11 17:09,
559056,7/6/11 9:15,14645.0
559057,7/6/11 9:46,13089.0
559058,7/6/11 9:49,12407.0
559060,7/6/11 10:00,15738.0
C559059,7/6/11 10:00,13338.0
559061,7/6/11 10:04,17220.0
559062,7/6/11 10:09,13253.0
559063,7/6/11 10:10,17220.0
559064,7/6/11 10:15,15673.0
559068,7/6/11 10:41,17841.0
559070,7/6/11 10:41,13468.0
C559079,7/6/11 10:44,17841.0
559091,7/6/11 10:47,17905.0
559092,7/6/11 10:48,16829.0
559095,7/6/11 10:49,13198.0
559096,7/6/11 10:52,12830.0
559097,7/6/11 10:59,17562.0
559098,7/6/11 11:02,16029.0
559106,7/6/11 11:10,15889.0
C559105,7/6/11 11:10,16393.0
559107,7/6/11 11:22,15334.0
559108,7/6/11 11:42,13094.0
559109,7/6/11 11:52,15021.0
559110,7/6/11 11:52,14145.0
559111,7/6/11 11:54,17440.0
559112,7/6/11 11:59,17315.0
559113,7/6/11 12:08,13217.0
559120,7/6/11 12:18,16393.0
559121,7/6/11 12:18,13599.0
559122,7/6/11 12:22,15159.0
559123,7/6/11 12:26,17341.0
559124,7/6/11 12:31,14621.0
559125,7/6/11 12:32,13985.0
559126,7/6/11 12:33,17341.0
559127,7/6/11 12:33,15971.0
559128,7/6/11 12:39,17238.0
559129,7/6/11 12:50,17705.0
559130,7/6/11 12:56,15189.0
559131,7/6/11 13:04,18144.0
559132,7/6/11 13:06,15053.0
559133,7/6/11 13:13,17861.0
559134,7/6/11 13:14,12700.0
559135,7/6/11 13:18,12455.0
C559136,7/6/11 13:21,17511.0
559137,7/6/11 13:25,17861.0
559138,7/6/11 13:35,16919.0
559139,7/6/11 13:41,15061.0
C559140,7/6/11 13:42,13420.0
559141,7/6/11 13:56,15311.0
559142,7/6/11 14:01,17719.0
559143,7/6/11 14:04,15581.0
559144,7/6/11 14:17,12921.0
559145,7/6/11 14:17,17404.0
559146,7/6/11 14:18,12921.0
559147,7/6/11 14:32,
559148,7/6/11 14:41,12450.0
C559149,7/6/11 14:47,17469.0
559150,7/6/11 14:59,14002.0
559151,7/6/11 15:02,17389.0
559152,7/6/11 15:02,14214.0
559153,7/6/11 15:10,13804.0
559154,7/6/11 15:15,17045.0
559155,7/6/11 15:49,13418.0
559156,7/6/11 15:50,13418.0
559157,7/6/11 15:53,13999.0
559158,7/6/11 16:03,17428.0
559160,7/6/11 16:15,17293.0
559161,7/6/11 16:15,
559162,7/6/11 16:29,
559163,7/6/11 16:33,
559164,7/6/11 16:39,16422.0
559165,7/6/11 16:40,12977.0
559166,7/6/11 16:53,
559167,7/6/11 16:54,17997.0
559168,7/6/11 17:05,13263.0
559169,7/6/11 17:25,16722.0
559170,7/6/11 17:31,16942.0
559171,7/7/11 8:21,17651.0
559172,7/7/11 8:22,17651.0
559173,7/7/11 10:03,12540.0
559174,7/7/11 10:04,18263.0
C559175,7/7/11 10:17,12507.0
559185,7/7/11 10:20,15512.0
559187,7/7/11 10:20,12507.0
C559189,7/7/11 10:25,12626.0
C559193,7/7/11 10:26,12379.0
559199,7/7/11 10:28,15288.0
559200,7/7/11 10:36,13291.0
559201,7/7/11 10:39,14217.0
559202,7/7/11 10:40,13583.0
559203,7/7/11 10:43,17723.0
559204,7/7/11 11:02,13798.0
559205,7/7/11 11:10,18073.0
559206,7/7/11 11:12,18073.0
559237,7/7/11 11:36,15267.0
C559252,7/7/11 11:42,12980.0
C559253,7/7/11 11:44,12472.0
559254,7/7/11 11:56,16814.0
559255,7/7/11 12:04,13027.0
559256,7/7/11 12:10,15249.0
559289,7/7/11 12:22,15719.0
559293,7/7/11 12:29,16743.0
C559294,7/7/11 12:29,17861.0
559295,7/7/11 12:32,12362.0
559296,7/7/11 12:35,
559297,7/7/11 12:36,16743.0
559298,7/7/11 12:38,12471.0
559299,7/7/11 12:39,16929.0
559300,7/7/11 12:40,12471.0
559301,7/7/11 12:41,13842.0
559302,7/7/11 12:47,14527.0
C559303,7/7/11 12:49,13510.0
559304,7/7/11 12:51,
559305,7/7/11 12:56,17892.0
559306,7/7/11 13:02,18236.0
559307,7/7/11 13:02,15356.0
559308,7/7/11 13:05,13158.0
C559309,7/7/11 13:18,17719.0
559310,7/7/11 13:33,15505.0
559311,7/7/11 13:35,14459.0
559312,7/7/11 13:43,14180.0
559313,7/7/11 13:44,16325.0
559314,7/7/11 13:51,
559315,7/7/11 13:52,13456.0
559316,7/7/11 13:54,12647.0
559317,7/7/11 14:03,17611.0
559318,7/7/11 14:08,18013.0
559319,7/7/11 14:11,18013.0
559320,7/7/11 14:18,13208.0
559321,7/7/11 14:30,17069.0
559322,7/7/11 14:46,15769.0
559323,7/7/11 14:55,12971.0
559324,7/7/11 14:56,12971.0
559325,7/7/11 15:06,17560.0
559326,7/7/11 15:16,13835.0
559327,7/7/11 15:21,13681.0
559328,7/7/11 15:31,13743.0
559329,7/7/11 15:41,15241.0
559330,7/7/11 15:44,17696.0
559331,7/7/11 15:45,16156.0
559332,7/7/11 15:46,14021.0
559333,7/7/11 15:47,16112.0
C559334,7/7/11 15:50,16581.0
559335,7/7/11 15:57,
559336,7/7/11 16:17,17315.0
559337,7/7/11 16:27,
559338,7/7/11 16:30,
559339,7/7/11 16:49,13752.0
559340,7/7/11 16:51,13699.0
559341,7/7/11 16:56,15144.0
559342,7/7/11 16:59,14493.0
559343,7/7/11 17:01,17961.0
C559344,7/7/11 17:09,17837.0
C559345,7/7/11 17:16,13984.0
559346,7/7/11 17:19,13486.0
C559347,7/7/11 17:22,18072.0
C559348,7/7/11 17:25,16550.0
559349,7/7/11 17:33,15150.0
559350,7/7/11 17:35,16842.0
C559351,7/7/11 17:42,13408.0
559352,7/7/11 17:47,17837.0
559353,7/7/11 17:56,13302.0
559354,7/7/11 18:02,16012.0
559355,7/7/11 18:14,17007.0
559356,7/7/11 18:29,15416.0
559357,7/7/11 18:56,17107.0
559358,7/7/11 19:14,15675.0
559359,7/7/11 19:18,14702.0
559360,7/7/11 19:54,14657.0
559361,7/7/11 20:07,17312.0
559362,7/8/11 8:43,12635.0
559363,7/8/11 8:45,16091.0
559364,7/8/11 8:48,17735.0
559365,7/8/11 8:53,
559366,7/8/11 9:03,13102.0
559367,7/8/11 9:38,13013.0
559368,7/8/11 9:38,17031.0
559369,7/8/11 10:00,14388.0
559370,7/8/11 10:01,17042.0
559371,7/8/11 10:20,14264.0
559372,7/8/11 10:23,12461.0
559373,7/8/11 10:36,
559374,7/8/11 10:37,
559375,7/8/11 10:37,
559376,7/8/11 10:38,
559377,7/8/11 10:39,
559378,7/8/11 10:40,
559379,7/8/11 10:42,
559390,7/8/11 10:46,
559398,7/8/11 10:48,
559401,7/8/11 10:49,15039.0
559402,7/8/11 10:49,
559405,7/8/11 10:50,
559410,7/8/11 10:51,
559414,7/8/11 10:52,
C559417,7/8/11 11:08,13115.0
559418,7/8/11 11:36,12681.0
559419,7/8/11 11:41,16029.0
559420,7/8/11 11:52,17663.0
559421,7/8/11 11:55,12648.0
559422,7/8/11 12:00,12553.0
559423,7/8/11 12:06,
559424,7/8/11 12:14,18121.0
559436,7/8/11 12:18,15901.0
559441,7/8/11 12:22,12583.0
559455,7/8/11 12:34,13018.0
559456,7/8/11 12:35,13018.0
559457,7/8/11 12:50,14918.0
559458,7/8/11 12:50,14104.0
559459,7/8/11 12:53,15311.0
559460,7/8/11 13:00,13862.0
C559461,7/8/11 13:04,14680.0
559462,7/8/11 13:12,16523.0
559463,7/8/11 13:23,17965.0
559464,7/8/11 13:26,15157.0
559465,7/8/11 13:26,14680.0
559466,7/8/11 13:31,15679.0
C559467,7/8/11 13:33,13078.0
C559468,7/8/11 13:36,14905.0
559469,7/8/11 13:37,15182.0
C559470,7/8/11 13:38,15615.0
559471,7/8/11 13:39,17512.0
559472,7/8/11 13:39,18037.0
C559473,7/8/11 13:40,13769.0
C559474,7/8/11 13:41,13078.0
559477,7/8/11 13:44,14315.0
C559486,7/8/11 13:51,13047.0
559488,7/8/11 13:52,
559489,7/8/11 13:52,
559490,7/8/11 13:53,
559491,7/8/11 13:53,
559492,7/8/11 13:53,
559493,7/8/11 13:53,
559494,7/8/11 13:54,
559496,7/8/11 13:54,
559497,7/8/11 13:54,
C559495,7/8/11 13:54,14267.0
C559498,7/8/11 14:06,15078.0
559499,7/8/11 14:22,
C559500,7/8/11 14:27,14016.0
559501,7/8/11 14:45,
C559502,7/8/11 14:53,13338.0
559503,7/8/11 15:06,
559504,7/8/11 15:16,15920.0
559505,7/8/11 15:16,16398.0
559506,7/8/11 15:17,
559507,7/8/11 15:22,15920.0
559508,7/8/11 15:23,12748.0
559509,7/8/11 15:25,15920.0
559510,7/8/11 15:29,14961.0
559511,7/8/11 15:31,15920.0
559512,7/8/11 15:54,14188.0
559513,7/8/11 15:56,14534.0
559514,7/8/11 15:57,
559515,7/8/11 15:58,
559516,7/8/11 16:08,14708.0
559517,7/8/11 16:11,
559518,7/8/11 16:11,
559519,7/8/11 16:17,17353.0
559520,7/8/11 16:26,
559521,7/8/11 16:26,
559522,7/8/11 16:56,
559523,7/8/11 17:19,13955.0
559524,7/10/11 10:14,16866.0
559525,7/10/11 10:30,16923.0
559526,7/10/11 11:19,15756.0
559527,7/10/11 11:24,17787.0
559528,7/10/11 11:34,13064.0
559529,7/10/11 12:03,14808.0
C559530,7/10/11 12:04,14808.0
559532,7/10/11 12:07,14808.0
C559531,7/10/11 12:07,14808.0
C559533,7/10/11 12:10,17126.0
C559534,7/10/11 12:11,16283.0
559535,7/10/11 12:16,17841.0
559536,7/10/11 12:17,16283.0
559537,7/10/11 12:23,14472.0
559538,7/10/11 12:25,16880.0
559539,7/10/11 12:28,18024.0
C559540,7/10/11 12:39,18024.0
559541,7/10/11 12:40,18024.0
559542,7/10/11 13:32,17126.0
559543,7/10/11 13:46,17126.0
559544,7/10/11 13:52,17126.0
559545,7/10/11 14:42,15467.0
559546,7/10/11 14:49,14163.0
559547,7/10/11 15:12,17758.0
559548,7/10/11 15:17,17997.0
559549,7/10/11 15:25,13230.0
559550,7/10/11 15:38,17757.0
559551,7/10/11 16:18,16877.0
559552,7/10/11 16:29,16014.0
559553,7/11/11 9:23,16174.0
559554,7/11/11 10:12,14258.0
559555,7/11/11 10:14,13678.0
559556,7/11/11 10:24,16156.0
559557,7/11/11 10:33,17444.0
C559568,7/11/11 11:09,13627.0
559602,7/11/11 11:26,
559603,7/11/11 11:27,
559604,7/11/11 11:27,
559605,7/11/11 11:33,15045.0
559606,7/11/11 11:38,14606.0
559607,7/11/11 11:39,12681.0
C559608,7/11/11 11:44,14690.0
559609,7/11/11 11:51,13754.0
559629,7/11/11 11:58,14690.0
559636,7/11/11 12:01,13058.0
559637,7/11/11 12:15,17381.0
559638,7/11/11 12:17,17381.0
559639,7/11/11 12:23,13767.0
559640,7/11/11 12:30,15812.0
559641,7/11/11 12:31,13184.0
C559651,7/11/11 12:43,13184.0
559652,7/11/11 12:47,17164.0
559653,7/11/11 12:49,14552.0
559654,7/11/11 12:54,13098.0
559655,7/11/11 12:57,
559656,7/11/11 12:57,13675.0
559657,7/11/11 13:05,16701.0
559658,7/11/11 13:06,13003.0
C559659,7/11/11 13:07,14796.0
559660,7/11/11 13:19,16701.0
559661,7/11/11 13:22,18061.0
559662,7/11/11 13:32,16572.0
C559663,7/11/11 13:33,17706.0
C559664,7/11/11 13:34,18142.0
559665,7/11/11 13:35,12556.0
C559666,7/11/11 13:37,14389.0
C559667,7/11/11 13:38,13267.0
559668,7/11/11 13:40,13394.0
559669,7/11/11 13:47,16332.0
C559670,7/11/11 13:51,16033.0
559671,7/11/11 13:55,17811.0
559672,7/11/11 14:04,14796.0
559673,7/11/11 14:10,13224.0
559674,7/11/11 14:16,15856.0
C559675,7/11/11 14:21,13745.0
559676,7/11/11 14:40,17340.0
559677,7/11/11 14:40,17340.0
559678,7/11/11 14:43,16033.0
559679,7/11/11 14:46,15265.0
559680,7/11/11 14:47,12717.0
C559681,7/11/11 14:51,12717.0
559682,7/11/11 14:55,17337.0
C559683,7/11/11 14:56,17337.0
559684,7/11/11 15:05,14367.0
559685,7/11/11 15:22,12599.0
559686,7/11/11 15:26,17966.0
559687,7/11/11 15:28,17966.0
559688,7/11/11 15:32,12748.0
559689,7/11/11 15:46,
559690,7/11/11 15:52,16422.0
559691,7/11/11 15:52,13089.0
559692,7/11/11 15:52,
559693,7/11/11 16:21,
559694,7/11/11 16:40,
559696,7/11/11 16:59,15577.0
559697,7/11/11 17:03,15577.0
559698,7/11/11 17:07,17589.0
559699,7/12/11 8:52,12682.0
559700,7/12/11 9:04,17450.0
559701,7/12/11 9:10,16013.0
559702,7/12/11 9:10,16013.0
559703,7/12/11 9:11,16989.0
559704,7/12/11 9:54,12669.0
C559705,7/12/11 9:58,15719.0
559706,7/12/11 10:02,16609.0
559707,7/12/11 10:04,12358.0
559708,7/12/11 10:05,13549.0
559709,7/12/11 10:21,16656.0
559710,7/12/11 10:25,12474.0
559711,7/12/11 10:46,13590.0
559715,7/12/11 10:47,14132.0
559733,7/12/11 10:54,16145.0
C559738,7/12/11 10:56,18193.0
C559739,7/12/11 11:07,16422.0
C559740,7/12/11 11:08,17381.0
C559741,7/12/11 11:10,13013.0
C559742,7/12/11 11:11,14267.0
C559743,7/12/11 11:12,13599.0
C559744,7/12/11 11:13,15416.0
559745,7/12/11 11:15,17790.0
559746,7/12/11 11:16,16515.0
C559747,7/12/11 11:23,17069.0
559751,7/12/11 11:28,14688.0
559768,7/12/11 11:35,13207.0
559774,7/12/11 11:37,18122.0
559782,7/12/11 11:55,12722.0
559783,7/12/11 12:02,13069.0
559784,7/12/11 12:07,16839.0
559790,7/12/11 12:19,14548.0
559791,7/12/11 12:24,17675.0
559792,7/12/11 12:31,
559793,7/12/11 12:43,17949.0
559794,7/12/11 13:16,16700.0
559795,7/12/11 13:26,17268.0
559796,7/12/11 13:30,
559797,7/12/11 13:31,12720.0
559798,7/12/11 13:32,12720.0
559799,7/12/11 13:46,
559800,7/12/11 13:46,
559801,7/12/11 13:46,
559802,7/12/11 13:48,
C559803,7/12/11 13:49,16701.0
559804,7/12/11 14:17,17405.0
559805,7/12/11 14:24,
559806,7/12/11 14:26,13311.0
559807,7/12/11 14:48,17841.0
C559808,7/12/11 14:49,13743.0
559809,7/12/11 14:57,16409.0
559810,7/12/11 15:15,16168.0
559811,7/12/11 15:22,13269.0
559812,7/12/11 15:29,15051.0
559813,7/12/11 15:42,18272.0
559814,7/12/11 15:49,15544.0
559815,7/12/11 15:56,15251.0
559816,7/12/11 16:11,
559817,7/12/11 16:20,
559818,7/12/11 16:37,13408.0
559819,7/12/11 16:58,12682.0
559821,7/12/11 17:09,16365.0
559822,7/12/11 17:15,16365.0
559823,7/12/11 17:21,12919.0
559824,7/12/11 17:23,17576.0
559825,7/12/11 17:41,
559826,7/13/11 8:48,13420.0
559827,7/13/11 9:44,15189.0
559828,7/13/11 9:44,16998.0
C559829,7/13/11 9:45,14483.0
C559830,7/13/11 9:49,16998.0
559831,7/13/11 9:58,14709.0
559834,7/13/11 10:02,12576.0
559835,7/13/11 10:08,13509.0
559836,7/13/11 10:09,13911.0
559861,7/13/11 10:27,15895.0
559862,7/13/11 10:30,12782.0
559863,7/13/11 10:33,15039.0
559864,7/13/11 10:38,14916.0
559865,7/13/11 10:39,14409.0
559866,7/13/11 10:43,15795.0
559872,7/13/11 11:00,16816.0
559876,7/13/11 11:09,15752.0
559877,7/13/11 11:17,15561.0
559878,7/13/11 11:19,15493.0
559879,7/13/11 11:20,15561.0
C559880,7/13/11 11:32,15493.0
559881,7/13/11 11:33,16899.0
559883,7/13/11 11:34,14397.0
559884,7/13/11 11:34,16843.0
C559882,7/13/11 11:34,16156.0
559885,7/13/11 11:35,16843.0
559886,7/13/11 11:44,13669.0
559887,7/13/11 11:44,13263.0
559888,7/13/11 11:47,16450.0
559889,7/13/11 11:48,12678.0
559890,7/13/11 11:58,12464.0
559893,7/13/11 12:06,14498.0
559894,7/13/11 12:06,14159.0
559895,7/13/11 12:06,14110.0
559896,7/13/11 12:15,15530.0
559897,7/13/11 12:18,16779.0
559898,7/13/11 12:18,16225.0
559899,7/13/11 12:24,12528.0
559900,7/13/11 12:27,13089.0
559901,7/13/11 12:53,18121.0
559902,7/13/11 13:14,14502.0
559903,7/13/11 13:16,12935.0
559904,7/13/11 13:20,13149.0
559905,7/13/11 13:27,15311.0
559906,7/13/11 13:33,18219.0
559907,7/13/11 13:37,12766.0
C559908,7/13/11 13:56,14088.0
559909,7/13/11 14:28,18245.0
559910,7/13/11 14:29,18245.0
559911,7/13/11 14:39,13777.0
559912,7/13/11 15:04,14221.0
559913,7/13/11 15:05,14221.0
559914,7/13/11 15:13,
559916,7/13/11 15:18,14201.0
C559915,7/13/11 15:18,
C559917,7/13/11 15:21,
559918,7/13/11 15:29,18225.0
559919,7/13/11 15:30,12415.0
559920,7/13/11 15:31,12415.0
559921,7/13/11 15:42,13667.0
559922,7/13/11 15:50,14400.0
559923,7/13/11 16:07,
559924,7/13/11 16:30,
559925,7/13/11 16:47,17644.0
559926,7/13/11 16:48,17644.0
559927,7/13/11 17:03,17567.0
559928,7/14/11 8:52,12405.0
559929,7/14/11 9:10,14265.0
559930,7/14/11 9:22,17738.0
559931,7/14/11 9:23,17738.0
559932,7/14/11 9:26,17389.0
559933,7/14/11 9:54,16719.0
559934,7/14/11 9:58,13012.0
559935,7/14/11 10:08,15125.0
559936,7/14/11 10:09,15125.0
559937,7/14/11 10:11,13577.0
559938,7/14/11 10:15,17315.0
C559939,7/14/11 10:19,14426.0
559940,7/14/11 10:20,17396.0
559941,7/14/11 10:20,17396.0
559942,7/14/11 10:21,17396.0
559943,7/14/11 10:21,
559944,7/14/11 10:21,17396.0
559945,7/14/11 10:24,17396.0
559946,7/14/11 10:26,
C559947,7/14/11 10:27,16701.0
559948,7/14/11 10:41,12653.0
C559949,7/14/11 10:42,
C559950,7/14/11 10:47,14562.0
559951,7/14/11 10:52,14847.0
C559952,7/14/11 10:57,17696.0
C559953,7/14/11 11:00,13815.0
559979,7/14/11 11:20,14862.0
559980,7/14/11 11:28,17314.0
559981,7/14/11 11:30,14562.0
559982,7/14/11 11:34,12915.0
C559983,7/14/11 11:41,14562.0
559984,7/14/11 11:45,16657.0
559985,7/14/11 11:46,16488.0
559986,7/14/11 11:47,15256.0
559987,7/14/11 12:12,12619.0
559988,7/14/11 12:17,15402.0
559989,7/14/11 12:21,13319.0
559990,7/14/11 12:22,13319.0
559991,7/14/11 12:29,14527.0
C559992,7/14/11 12:30,14527.0
559993,7/14/11 12:42,14716.0
560010,7/14/11 12:48,13178.0
560018,7/14/11 12:52,15987.0
560024,7/14/11 13:00,15005.0
560025,7/14/11 13:00,18283.0
560026,7/14/11 13:11,16928.0
560032,7/14/11 13:20,18283.0
560033,7/14/11 13:28,12388.0
560034,7/14/11 13:35,13933.0
560035,7/14/11 13:41,17706.0
560036,7/14/11 13:51,14911.0
560037,7/14/11 14:00,
560038,7/14/11 14:08,12709.0
560039,7/14/11 14:27,
560040,7/14/11 14:28,
560041,7/14/11 14:46,14156.0
560042,7/14/11 14:46,17068.0
C560043,7/14/11 14:47,16656.0
C560044,7/14/11 14:47,14258.0
C560045,7/14/11 14:51,16779.0
C560046,7/14/11 14:55,17049.0
560047,7/14/11 15:01,17259.0
560048,7/14/11 15:02,13515.0
560049,7/14/11 15:03,14857.0
560050,7/14/11 15:07,
560051,7/14/11 15:22,15306.0
560052,7/14/11 15:30,15187.0
560053,7/14/11 15:44,17612.0
560078,7/14/11 16:12,16040.0
560079,7/14/11 16:12,15521.0
560080,7/14/11 16:23,17450.0
560086,7/14/11 16:35,15839.0
560087,7/14/11 16:39,18172.0
560088,7/14/11 16:42,15114.0
560089,7/14/11 16:45,12748.0
560090,7/14/11 16:46,
560091,7/14/11 17:03,
560093,7/14/11 17:11,14461.0
560094,7/14/11 17:13,18109.0
560095,7/14/11 17:14,17848.0
560096,7/14/11 17:20,13538.0
560097,7/14/11 17:40,13050.0
560098,7/14/11 17:44,16907.0
C560099,7/14/11 17:47,16779.0
C560100,7/14/11 17:51,16422.0
560101,7/14/11 18:08,14891.0
560102,7/14/11 18:28,13994.0
560103,7/14/11 18:44,17837.0
560104,7/14/11 18:56,17921.0
560105,7/14/11 19:23,16794.0
560106,7/14/11 20:01,17554.0
560107,7/15/11 8:09,12928.0
560108,7/15/11 8:59,16979.0
560109,7/15/11 9:00,13491.0
560110,7/15/11 9:51,
560111,7/15/11 9:52,
560112,7/15/11 9:52,
560113,7/15/11 9:52,
560114,7/15/11 9:53,
560115,7/15/11 10:05,17841.0
560116,7/15/11 10:09,
560117,7/15/11 10:14,
560118,7/15/11 10:21,16818.0
560119,7/15/11 10:21,12815.0
560120,7/15/11 10:27,14907.0
560121,7/15/11 10:33,
560122,7/15/11 10:33,14332.0
C560123,7/15/11 10:35,16782.0
C560124,7/15/11 10:36,17440.0
560125,7/15/11 10:44,18118.0
560145,7/15/11 11:04,13381.0
C560148,7/15/11 11:10,15769.0
560162,7/15/11 11:21,
560180,7/15/11 11:38,14640.0
560181,7/15/11 11:45,16621.0
560182,7/15/11 11:48,12971.0
560183,7/15/11 11:48,12971.0
560184,7/15/11 11:49,12971.0
560185,7/15/11 11:50,14676.0
560186,7/15/11 11:57,17266.0
560187,7/15/11 12:05,17444.0
560188,7/15/11 12:10,18229.0
C560189,7/15/11 12:30,17652.0
560190,7/15/11 12:33,15737.0
560191,7/15/11 12:45,16203.0
560199,7/15/11 12:58,17948.0
560200,7/15/11 12:59,13184.0
560201,7/15/11 13:09,17061.0
560202,7/15/11 13:10,12712.0
560203,7/15/11 13:13,15311.0
560204,7/15/11 13:17,12971.0
560205,7/15/11 13:55,17068.0
C560206,7/15/11 13:56,17068.0
560207,7/15/11 13:57,15301.0
C560208,7/15/11 13:58,13013.0
560209,7/15/11 14:05,15004.0
560210,7/15/11 14:20,14958.0
560211,7/15/11 14:34,12621.0
560212,7/15/11 14:58,14722.0
560213,7/15/11 15:05,
560214,7/15/11 15:07,
560215,7/15/11 15:08,
560216,7/15/11 15:11,
560217,7/15/11 15:11,
560218,7/15/11 15:12,
C560219,7/15/11 15:22,12451.0
C560220,7/15/11 15:22,14572.0
C560221,7/15/11 15:23,13408.0
560222,7/15/11 15:28,14293.0
560223,7/15/11 15:32,16904.0
560224,7/15/11 16:06,14572.0
560225,7/15/11 16:27,
560228,7/15/11 17:29,17750.0
560229,7/17/11 10:39,14013.0
560230,7/17/11 10:53,12600.0
560231,7/17/11 10:55,13305.0
560232,7/17/11 11:08,14810.0
560233,7/17/11 11:10,16813.0
560234,7/17/11 11:21,16180.0
560235,7/17/11 11:26,14060.0
560236,7/17/11 11:26,15206.0
560237,7/17/11 11:27,15281.0
560238,7/17/11 11:41,17725.0
560239,7/17/11 11:50,13507.0
560240,7/17/11 11:59,15716.0
560241,7/17/11 12:02,13967.0
C560242,7/17/11 12:03,14659.0
C560243,7/17/11 12:04,14659.0
560244,7/17/11 12:14,16931.0
560245,7/17/11 12:15,
560246,7/17/11 12:17,14292.0
560247,7/17/11 12:18,14292.0
560248,7/17/11 12:24,16255.0
560249,7/17/11 12:26,17571.0
560250,7/17/11 12:31,14659.0
560251,7/17/11 12:32,17774.0
560252,7/17/11 12:35,13468.0
560253,7/17/11 12:52,13993.0
560254,7/17/11 13:07,16678.0
560255,7/17/11 13:08,16054.0
560256,7/17/11 13:24,14462.0
560257,7/17/11 13:25,13340.0
560258,7/17/11 13:26,13340.0
560259,7/17/11 13:29,13654.0
560260,7/17/11 13:32,14044.0
560261,7/17/11 13:35,12841.0
560262,7/17/11 13:40,14224.0
560263,7/17/11 13:41,16342.0
560264,7/17/11 13:46,12833.0
560265,7/17/11 13:48,17863.0
560266,7/17/11 13:54,17389.0
560267,7/17/11 14:05,13880.0
560268,7/17/11 14:07,13880.0
560269,7/17/11 14:32,16168.0
560270,7/17/11 14:42,16744.0
560271,7/17/11 14:51,16474.0
560272,7/17/11 14:56,12691.0
560273,7/17/11 14:59,14895.0
560274,7/17/11 15:00,14895.0
560275,7/17/11 15:08,14895.0
560276,7/17/11 15:11,14606.0
560277,7/17/11 15:24,15467.0
560278,7/17/11 15:45,13610.0
560279,7/17/11 15:47,14198.0
560280,7/17/11 15:50,16422.0
560281,7/17/11 15:59,17984.0
560282,7/18/11 8:21,14758.0
560283,7/18/11 8:32,
560284,7/18/11 9:15,13705.0
560285,7/18/11 9:21,14944.0
560286,7/18/11 9:38,14062.0
560287,7/18/11 9:49,13821.0
560288,7/18/11 10:05,15845.0
C560289,7/18/11 10:14,16398.0
560290,7/18/11 10:17,
560291,7/18/11 10:17,
560292,7/18/11 10:19,
560293,7/18/11 10:20,
560294,7/18/11 10:20,
560295,7/18/11 10:21,16681.0
560296,7/18/11 10:21,
560297,7/18/11 10:22,
560298,7/18/11 10:26,
560299,7/18/11 10:28,17593.0
560300,7/18/11 10:29,14911.0
C560301,7/18/11 10:34,14159.0
560302,7/18/11 10:43,14397.0
560305,7/18/11 10:49,16511.0
C560317,7/18/11 10:54,15527.0
560328,7/18/11 11:00,
560329,7/18/11 11:07,
C560330,7/18/11 11:10,17841.0
C560331,7/18/11 11:20,17706.0
560355,7/18/11 11:37,15906.0
560356,7/18/11 11:41,16875.0
560357,7/18/11 11:42,15527.0
560358,7/18/11 11:46,
560359,7/18/11 11:47,14159.0
560360,7/18/11 11:55,12744.0
560361,7/18/11 11:58,13488.0
560362,7/18/11 11:59,13488.0
560363,7/18/11 12:05,12589.0
560364,7/18/11 12:15,16705.0
C560365,7/18/11 12:17,14390.0
560366,7/18/11 12:19,16859.0
560367,7/18/11 12:20,
560368,7/18/11 12:25,17841.0
C560372,7/18/11 12:26,17448.0
560373,7/18/11 12:30,
560381,7/18/11 12:42,14733.0
560382,7/18/11 12:49,17389.0
560383,7/18/11 12:52,16762.0
C560384,7/18/11 12:52,14808.0
560385,7/18/11 12:53,14583.0
C560386,7/18/11 12:55,
560387,7/18/11 13:00,14667.0
560388,7/18/11 13:12,
560389,7/18/11 13:13,
C560390,7/18/11 13:20,12930.0
C560391,7/18/11 13:21,12930.0
560392,7/18/11 13:30,13911.0
560393,7/18/11 13:33,14808.0
560394,7/18/11 13:35,14390.0
C560395,7/18/11 13:47,15125.0
C560396,7/18/11 13:49,18087.0
560397,7/18/11 14:04,17652.0
560398,7/18/11 14:10,12731.0
560399,7/18/11 14:18,
560400,7/18/11 14:19,
560401,7/18/11 14:19,
560402,7/18/11 14:19,
560403,7/18/11 14:19,
560404,7/18/11 14:20,
560405,7/18/11 14:20,
560406,7/18/11 14:21,
560407,7/18/11 14:21,
C560408,7/18/11 14:24,13564.0
C560409,7/18/11 14:24,16717.0
560410,7/18/11 14:28,17213.0
560411,7/18/11 14:29,
560412,7/18/11 14:32,12748.0
560413,7/18/11 14:33,13564.0
C560414,7/18/11 14:35,13564.0
560415,7/18/11 14:36,15152.0
560416,7/18/11 14:40,14798.0
560417,7/18/11 14:56,16011.0
C560418,7/18/11 15:01,17809.0
560419,7/18/11 15:03,
C560420,7/18/11 15:11,15369.0
560421,7/18/11 15:13,
560422,7/18/11 15:14,16746.0
560423,7/18/11 15:15,
560424,7/18/11 15:15,
560425,7/18/11 15:15,
560426,7/18/11 15:15,14038.0
560427,7/18/11 15:16,
560428,7/18/11 15:17,
560429,7/18/11 15:17,
C560430,7/18/11 15:21,13154.0
560431,7/18/11 15:23,
560432,7/18/11 15:39,13327.0
560433,7/18/11 15:49,
560434,7/18/11 15:56,
C560435,7/18/11 16:01,17603.0
C560436,7/18/11 16:04,17603.0
560437,7/18/11 16:05,13940.0
560438,7/18/11 16:06,
560439,7/18/11 16:08,
560440,7/18/11 16:36,
560441,7/18/11 16:57,14029.0
560442,7/18/11 16:59,15860.0
560443,7/18/11 17:10,14776.0
560444,7/18/11 17:15,13764.0
560445,7/19/11 9:08,14156.0
560446,7/19/11 9:10,14156.0
560447,7/19/11 9:24,13756.0
560448,7/19/11 9:29,12840.0
560449,7/19/11 9:31,14732.0
560450,7/19/11 9:49,14117.0
560451,7/19/11 9:50,14911.0
560452,7/19/11 9:51,12682.0
560453,7/19/11 9:52,13209.0
560454,7/19/11 10:06,12947.0
560469,7/19/11 10:40,12971.0
560473,7/19/11 10:42,12431.0
C560474,7/19/11 10:46,12705.0
560483,7/19/11 10:49,12955.0
560491,7/19/11 10:51,12415.0
560494,7/19/11 10:51,
560499,7/19/11 11:03,16713.0
560500,7/19/11 11:08,17975.0
560501,7/19/11 11:08,16475.0
560503,7/19/11 11:40,17682.0
560504,7/19/11 11:47,13081.0
560523,7/19/11 11:56,15462.0
560527,7/19/11 11:57,15727.0
C560526,7/19/11 11:57,16401.0
C560533,7/19/11 12:00,16488.0
560534,7/19/11 12:10,14911.0
560535,7/19/11 12:13,13167.0
560536,7/19/11 12:15,16626.0
560537,7/19/11 12:19,17779.0
560538,7/19/11 12:19,16128.0
560539,7/19/11 12:19,16745.0
C560540,7/19/11 12:26,12415.0
560544,7/19/11 12:37,12569.0
560545,7/19/11 12:38,12569.0
560546,7/19/11 12:38,17867.0
560547,7/19/11 12:39,17419.0
560548,7/19/11 12:42,17867.0
560549,7/19/11 12:43,12664.0
560551,7/19/11 12:47,18041.0
C560550,7/19/11 12:47,12971.0
560552,7/19/11 12:54,15311.0
560553,7/19/11 12:58,13991.0
560554,7/19/11 13:01,16232.0
560555,7/19/11 13:01,14178.0
C560556,7/19/11 13:04,13089.0
560557,7/19/11 13:05,18101.0
C560558,7/19/11 13:22,12921.0
C560559,7/19/11 13:24,16145.0
C560560,7/19/11 13:26,17738.0
C560561,7/19/11 13:28,17651.0
560562,7/19/11 13:34,15713.0
C560563,7/19/11 13:37,14911.0
C560564,7/19/11 13:42,12468.0
560565,7/19/11 13:44,
560566,7/19/11 13:45,12662.0
560567,7/19/11 13:57,
560568,7/19/11 14:03,13895.0
560569,7/19/11 14:04,12480.0
560570,7/19/11 14:28,16112.0
560571,7/19/11 14:29,17735.0
C560572,7/19/11 14:45,17065.0
560573,7/19/11 14:47,
C560574,7/19/11 14:56,14437.0
560575,7/19/11 14:58,
560576,7/19/11 14:59,17287.0
560577,7/19/11 15:07,18223.0
560578,7/19/11 15:12,
560579,7/19/11 15:13,15867.0
560580,7/19/11 15:23,14088.0
560581,7/19/11 15:29,12901.0
560582,7/19/11 15:30,12875.0
560583,7/19/11 15:31,
560584,7/19/11 15:38,13827.0
C560585,7/19/11 15:47,13941.0
560586,7/19/11 15:48,13631.0
560587,7/19/11 15:49,13631.0
C560588,7/19/11 15:49,13767.0
C560589,7/19/11 15:50,15249.0
560590,7/19/11 15:55,12560.0
560591,7/19/11 16:28,
560592,7/19/11 16:36,13225.0
560595,7/19/11 16:45,16656.0
560596,7/19/11 16:48,13199.0
560597,7/19/11 16:54,13798.0
560598,7/19/11 17:02,17096.0
560599,7/19/11 17:04,14609.0
560600,7/19/11 17:04,
560601,7/19/11 17:17,16764.0
560602,7/20/11 8:48,13629.0
560603,7/20/11 8:59,18180.0
560604,7/20/11 9:23,15251.0
560605,7/20/11 9:30,17306.0
560606,7/20/11 10:08,17422.0
560607,7/20/11 10:15,12510.0
C560608,7/20/11 10:35,16271.0
560634,7/20/11 10:51,16133.0
560635,7/20/11 10:51,12521.0
560640,7/20/11 10:59,13854.0
560641,7/20/11 11:00,15587.0
560642,7/20/11 11:07,17866.0
C560643,7/20/11 11:09,17866.0
560644,7/20/11 11:22,16271.0
C560645,7/20/11 11:23,15802.0
560646,7/20/11 11:28,18102.0
C560647,7/20/11 11:31,18102.0
560648,7/20/11 11:33,18102.0
C560649,7/20/11 11:35,17581.0
560650,7/20/11 11:38,15529.0
560651,7/20/11 11:38,15802.0
C560652,7/20/11 11:39,16393.0
C560653,7/20/11 11:40,15802.0
C560654,7/20/11 11:40,16255.0
560658,7/20/11 11:42,
560686,7/20/11 11:50,15632.0
C560687,7/20/11 11:51,14606.0
560688,7/20/11 11:54,16393.0
560689,7/20/11 11:55,15039.0
560690,7/20/11 12:00,16807.0
560691,7/20/11 12:00,13136.0
560692,7/20/11 12:01,14704.0
560693,7/20/11 12:01,13136.0
560694,7/20/11 12:05,12757.0
560695,7/20/11 12:08,14101.0
560696,7/20/11 12:14,14606.0
560697,7/20/11 12:16,14401.0
560698,7/20/11 12:29,16353.0
C560699,7/20/11 12:32,13217.0
560700,7/20/11 12:38,17229.0
560701,7/20/11 12:45,16729.0
560710,7/20/11 12:51,14646.0
560711,7/20/11 12:58,17841.0
560712,7/20/11 13:06,14456.0
560713,7/20/11 13:09,16774.0
560714,7/20/11 13:10,14456.0
560715,7/20/11 13:21,13549.0
560716,7/20/11 13:26,17675.0
560717,7/20/11 13:28,
560718,7/20/11 13:30,17677.0
560719,7/20/11 13:30,
560720,7/20/11 13:31,17677.0
560721,7/20/11 13:32,17677.0
560722,7/20/11 13:37,
560723,7/20/11 13:53,16464.0
560724,7/20/11 13:55,16186.0
560725,7/20/11 13:56,16186.0
560726,7/20/11 14:16,17962.0
560727,7/20/11 14:33,13571.0
560728,7/20/11 14:38,12520.0
560729,7/20/11 14:39,17511.0
560730,7/20/11 14:53,
560731,7/20/11 14:54,16149.0
560732,7/20/11 14:55,14056.0
C560733,7/20/11 14:55,15298.0
560734,7/20/11 14:58,15298.0
C560735,7/20/11 14:59,16013.0
560736,7/20/11 15:33,15260.0
560737,7/20/11 15:34,
560742,7/20/11 15:44,14755.0
560754,7/20/11 15:56,17754.0
560755,7/20/11 16:00,
560772,7/20/11 16:12,
560773,7/20/11 16:17,
560775,7/20/11 17:24,
560776,7/21/11 8:44,13995.0
560777,7/21/11 9:30,
560778,7/21/11 9:30,
560779,7/21/11 9:30,
560780,7/21/11 9:31,
560781,7/21/11 9:43,13969.0
560782,7/21/11 10:10,14769.0
560783,7/21/11 10:24,15108.0
560790,7/21/11 10:29,14051.0
560791,7/21/11 10:30,14688.0
560792,7/21/11 10:32,15189.0
560805,7/21/11 10:44,14259.0
560807,7/21/11 10:44,18143.0
C560818,7/21/11 10:52,17811.0
560819,7/21/11 10:53,
560820,7/21/11 10:59,17811.0
560821,7/21/11 11:17,17848.0
C560822,7/21/11 11:20,
C560823,7/21/11 11:22,
560824,7/21/11 11:23,17935.0
C560825,7/21/11 11:23,
560826,7/21/11 11:30,18073.0
560827,7/21/11 11:42,14517.0
560828,7/21/11 11:55,14298.0
560829,7/21/11 12:00,17694.0
560830,7/21/11 12:03,
560831,7/21/11 12:04,
C560832,7/21/11 12:07,13488.0
560833,7/21/11 12:14,16891.0
560834,7/21/11 12:15,16523.0
560839,7/21/11 12:23,14527.0
560841,7/21/11 12:25,14298.0
C560842,7/21/11 12:25,14527.0
560843,7/21/11 12:27,14298.0
560844,7/21/11 12:28,14298.0
560845,7/21/11 12:29,15570.0
560853,7/21/11 12:33,15311.0
560854,7/21/11 12:46,13098.0
C560855,7/21/11 13:00,14410.0
560856,7/21/11 13:06,16607.0
560857,7/21/11 13:21,
560858,7/21/11 13:25,14403.0
560859,7/21/11 13:28,13668.0
C560860,7/21/11 13:30,13668.0
560861,7/21/11 13:37,17660.0
560862,7/21/11 13:48,14085.0
560863,7/21/11 13:53,12748.0
560864,7/21/11 13:54,14407.0
560865,7/21/11 14:00,
C560866,7/21/11 14:04,14410.0
560867,7/21/11 14:10,
560868,7/21/11 14:14,14866.0
C560869,7/21/11 14:32,12830.0
560870,7/21/11 14:34,13157.0
560871,7/21/11 14:40,14745.0
560872,7/21/11 14:41,14745.0
560873,7/21/11 14:52,13881.0
C560874,7/21/11 14:53,17677.0
560875,7/21/11 15:12,13562.0
560876,7/21/11 15:14,12626.0
C560877,7/21/11 15:14,16859.0
560878,7/21/11 15:16,14410.0
560879,7/21/11 15:23,16654.0
C560880,7/21/11 15:39,15152.0
560881,7/21/11 15:45,17965.0
560882,7/21/11 15:47,17213.0
560883,7/21/11 16:10,13694.0
560884,7/21/11 16:12,13694.0
560885,7/21/11 16:20,16188.0
560886,7/21/11 16:27,16041.0
560887,7/21/11 16:28,16041.0
560888,7/21/11 16:33,15380.0
560889,7/21/11 16:42,
560890,7/21/11 16:43,
560891,7/21/11 17:02,15106.0
560892,7/21/11 17:08,13089.0
560893,7/21/11 17:08,13804.0
560894,7/21/11 17:09,14911.0
560895,7/21/11 17:12,13089.0
560896,7/21/11 17:26,15623.0
560897,7/21/11 17:26,12971.0
C560898,7/21/11 17:30,12722.0
C560899,7/21/11 17:32,15260.0
560900,7/21/11 17:33,
560901,7/21/11 17:39,12476.0
C560902,7/21/11 17:45,17593.0
C560903,7/21/11 17:47,18198.0
C560904,7/21/11 17:51,14875.0
C560905,7/21/11 17:54,13468.0
560906,7/21/11 17:55,15827.0
C560907,7/21/11 17:55,16875.0
560908,7/21/11 17:56,15827.0
C560909,7/21/11 17:56,13590.0
C560910,7/21/11 17:57,14733.0
560911,7/21/11 18:00,17961.0
C560912,7/21/11 18:05,14400.0
560913,7/21/11 18:07,17961.0
560914,7/21/11 18:08,17175.0
560915,7/21/11 18:19,13313.0
560916,7/21/11 18:19,14911.0
560917,7/21/11 18:21,17949.0
560918,7/21/11 18:27,14849.0
560919,7/21/11 18:31,15971.0
560920,7/21/11 18:36,15370.0
560921,7/21/11 19:17,16224.0
560922,7/21/11 19:34,14911.0
560923,7/22/11 8:54,
560924,7/22/11 9:01,15061.0
560925,7/22/11 9:02,15061.0
560926,7/22/11 9:20,
560927,7/22/11 9:55,13078.0
560928,7/22/11 10:00,14852.0
560929,7/22/11 10:06,16866.0
560930,7/22/11 10:23,15829.0
560931,7/22/11 10:25,16365.0
C560932,7/22/11 10:29,15005.0
560934,7/22/11 10:48,16722.0
560937,7/22/11 10:52,17920.0
560938,7/22/11 11:16,
560939,7/22/11 11:20,
560940,7/22/11 11:20,
560941,7/22/11 11:21,
560942,7/22/11 11:31,15005.0
560972,7/22/11 11:44,14209.0
560974,7/22/11 11:55,14426.0
560975,7/22/11 11:56,14426.0
560976,7/22/11 12:08,18146.0
560977,7/22/11 12:09,16839.0
560978,7/22/11 12:20,15815.0
560979,7/22/11 12:21,15232.0
560980,7/22/11 12:41,16107.0
560986,7/22/11 13:03,
C560987,7/22/11 13:09,16859.0
560988,7/22/11 13:17,15854.0
560989,7/22/11 13:20,15704.0
C560990,7/22/11 13:24,14056.0
560991,7/22/11 13:29,12438.0
560992,7/22/11 13:31,18161.0
560993,7/22/11 13:32,
560994,7/22/11 13:35,15704.0
560995,7/22/11 13:48,
560996,7/22/11 13:53,17625.0
560997,7/22/11 13:59,12627.0
560998,7/22/11 14:07,14243.0
560999,7/22/11 14:13,
561000,7/22/11 14:16,
561001,7/22/11 14:23,16711.0
561002,7/22/11 14:39,13750.0
561003,7/22/11 14:41,13079.0
561004,7/22/11 14:47,15189.0
561005,7/22/11 14:53,17961.0
561006,7/22/11 15:02,16161.0
561007,7/22/11 15:21,15640.0
561008,7/22/11 15:43,18150.0
561009,7/22/11 16:03,15856.0
561010,7/22/11 16:04,18262.0
C561011,7/22/11 16:05,17612.0
C561012,7/22/11 16:11,13098.0
C561013,7/22/11 16:12,16705.0
C561016,7/22/11 16:41,14056.0
C561017,7/22/11 16:49,13050.0
C561018,7/22/11 16:50,14916.0
C561019,7/22/11 16:52,15187.0
561020,7/22/11 17:21,13563.0
561021,7/24/11 10:03,15465.0
561022,7/24/11 10:24,14800.0
561023,7/24/11 10:30,13576.0
561024,7/24/11 10:35,12916.0
561025,7/24/11 10:37,16241.0
561026,7/24/11 10:49,17265.0
561027,7/24/11 10:54,13802.0
561028,7/24/11 11:06,17769.0
561029,7/24/11 11:25,12490.0
561030,7/24/11 11:25,16407.0
561031,7/24/11 11:32,13461.0
561032,7/24/11 11:37,13029.0
561033,7/24/11 11:40,14443.0
561034,7/24/11 11:45,15506.0
561035,7/24/11 11:52,17312.0
561036,7/24/11 11:54,13137.0
561037,7/24/11 11:55,12472.0
561038,7/24/11 11:58,17114.0
561039,7/24/11 12:02,16525.0
561040,7/24/11 12:05,12431.0
C561041,7/24/11 12:10,15708.0
561042,7/24/11 12:18,16305.0
561043,7/24/11 12:20,15708.0
561044,7/24/11 12:26,13831.0
561045,7/24/11 12:29,17522.0
561046,7/24/11 12:33,16218.0
561047,7/24/11 12:46,16948.0
561048,7/24/11 12:51,12939.0
561049,7/24/11 13:03,12864.0
561050,7/24/11 13:06,16558.0
561051,7/24/11 13:11,16684.0
561052,7/24/11 13:12,16684.0
561053,7/24/11 13:13,16684.0
561054,7/24/11 13:13,18229.0
561055,7/24/11 13:14,16684.0
561056,7/24/11 13:17,13477.0
561057,7/24/11 13:18,17935.0
561058,7/24/11 13:26,17724.0
C561059,7/24/11 13:26,13802.0
561060,7/24/11 13:30,17703.0
C561061,7/24/11 13:31,13097.0
561062,7/24/11 13:56,16668.0
561063,7/24/11 14:12,12763.0
561064,7/24/11 14:16,18109.0
561065,7/24/11 14:18,14180.0
561066,7/24/11 14:21,16710.0
561067,7/24/11 14:26,14397.0
561068,7/24/11 14:33,13116.0
C561069,7/24/11 14:50,16570.0
561070,7/24/11 15:23,16782.0
561071,7/24/11 15:39,14057.0
561072,7/24/11 15:39,14019.0
561073,7/24/11 15:46,13408.0
561074,7/24/11 15:46,13037.0
561075,7/24/11 15:51,16458.0
561076,7/24/11 15:52,17696.0
561077,7/24/11 15:53,17649.0
561078,7/24/11 16:05,16178.0
561079,7/24/11 16:12,13956.0
561080,7/24/11 16:13,
561081,7/24/11 16:15,13230.0
561082,7/24/11 16:18,13230.0
C561083,7/24/11 16:20,13230.0
561084,7/25/11 8:50,14948.0
561085,7/25/11 9:26,14367.0
561086,7/25/11 9:32,
561087,7/25/11 9:48,15144.0
561088,7/25/11 9:50,15144.0
561089,7/25/11 9:50,17579.0
561090,7/25/11 9:55,
561091,7/25/11 9:55,
561092,7/25/11 9:58,17054.0
561093,7/25/11 10:01,12540.0
561094,7/25/11 10:04,12474.0
561095,7/25/11 10:19,17040.0
561096,7/25/11 10:28,16099.0
561097,7/25/11 10:47,15981.0
561098,7/25/11 10:56,14194.0
561099,7/25/11 11:01,14100.0
561100,7/25/11 11:01,15289.0
561101,7/25/11 11:05,16013.0
561102,7/25/11 11:17,12412.0
561103,7/25/11 11:23,
561105,7/25/11 11:36,15218.0
C561104,7/25/11 11:36,12576.0
561106,7/25/11 11:37,14246.0
561107,7/25/11 11:42,
561108,7/25/11 11:43,
561109,7/25/11 11:43,15218.0
561110,7/25/11 11:44,
561111,7/25/11 11:49,16422.0
561112,7/25/11 11:53,14606.0
561113,7/25/11 12:09,17841.0
561114,7/25/11 12:12,14775.0
561115,7/25/11 12:12,17675.0
561116,7/25/11 12:22,13520.0
C561117,7/25/11 12:23,13520.0
561118,7/25/11 12:25,15781.0
561119,7/25/11 12:34,17719.0
561120,7/25/11 12:50,15835.0
561125,7/25/11 12:58,17364.0
561128,7/25/11 12:59,16249.0
561132,7/25/11 13:00,14344.0
561147,7/25/11 13:06,16841.0
561170,7/25/11 13:16,16027.0
561189,7/25/11 13:28,16557.0
561190,7/25/11 13:37,17631.0
561191,7/25/11 13:42,15129.0
561192,7/25/11 13:45,16033.0
561193,7/25/11 13:46,13296.0
561194,7/25/11 13:54,13814.0
561195,7/25/11 13:57,14796.0
561196,7/25/11 14:35,14342.0
561197,7/25/11 14:35,16364.0
561199,7/25/11 14:45,14970.0
C561198,7/25/11 14:45,16161.0
561200,7/25/11 15:01,13695.0
561201,7/25/11 15:08,14692.0
561202,7/25/11 15:14,17705.0
561203,7/25/11 15:17,14232.0
561204,7/25/11 15:22,12836.0
561205,7/25/11 15:48,17693.0
561206,7/25/11 16:18,13110.0
561207,7/25/11 16:20,13110.0
561208,7/25/11 16:39,15372.0
561209,7/25/11 16:57,
C561210,7/25/11 16:58,17841.0
C561211,7/25/11 16:58,15544.0
561214,7/25/11 17:00,
C561212,7/25/11 17:00,17175.0
561216,7/25/11 17:04,14606.0
561217,7/25/11 17:09,
561218,7/25/11 17:11,
561219,7/26/11 8:51,18180.0
561220,7/26/11 9:20,17734.0
561221,7/26/11 9:23,15281.0
561222,7/26/11 9:27,13588.0
561223,7/26/11 9:51,15358.0
561224,7/26/11 9:55,13629.0
C561225,7/26/11 10:06,16029.0
561226,7/26/11 10:13,15618.0
C561227,7/26/11 10:15,12431.0
561228,7/26/11 10:16,12431.0
C561229,7/26/11 10:18,17096.0
C561230,7/26/11 10:19,14329.0
561231,7/26/11 10:20,15855.0
C561232,7/26/11 10:21,16133.0
C561233,7/26/11 10:24,17422.0
C561234,7/26/11 10:25,13327.0
561236,7/26/11 10:27,15159.0
C561235,7/26/11 10:27,13767.0
C561237,7/26/11 10:29,13050.0
C561238,7/26/11 10:31,17675.0
C561239,7/26/11 10:32,
C561240,7/26/11 10:33,17677.0
561241,7/26/11 11:00,13930.0
561242,7/26/11 11:05,16258.0
561243,7/26/11 11:24,
561244,7/26/11 11:24,13865.0
561245,7/26/11 11:27,
561246,7/26/11 11:38,16951.0
561247,7/26/11 11:38,16592.0
561248,7/26/11 11:39,16592.0
561249,7/26/11 11:51,
561250,7/26/11 11:51,
561251,7/26/11 11:51,
561252,7/26/11 11:52,
561253,7/26/11 11:52,
561254,7/26/11 11:52,
561255,7/26/11 11:52,
561256,7/26/11 11:53,
561257,7/26/11 12:00,14911.0
561258,7/26/11 12:03,15513.0
561259,7/26/11 12:04,12584.0
561271,7/26/11 12:18,
561280,7/26/11 12:24,18211.0
561282,7/26/11 12:24,
561284,7/26/11 12:24,16818.0
561288,7/26/11 12:26,13379.0
561295,7/26/11 12:28,15311.0
561314,7/26/11 12:36,16266.0
C561319,7/26/11 12:43,15106.0
561320,7/26/11 12:57,16942.0
561321,7/26/11 12:59,13668.0
561322,7/26/11 13:03,15203.0
561323,7/26/11 13:03,
561324,7/26/11 13:45,14414.0
561325,7/26/11 13:46,17596.0
561326,7/26/11 13:50,
561327,7/26/11 13:54,
C561328,7/26/11 13:54,12471.0
561329,7/26/11 13:57,15044.0
561330,7/26/11 14:03,16019.0
561331,7/26/11 14:24,16809.0
561332,7/26/11 14:25,13492.0
561333,7/26/11 14:27,
561334,7/26/11 14:27,15440.0
561352,7/26/11 14:41,18094.0
561353,7/26/11 14:42,18094.0
561354,7/26/11 14:50,
561355,7/26/11 14:51,13090.0
561356,7/26/11 14:56,14273.0
C561358,7/26/11 15:10,12626.0
561359,7/26/11 15:29,17160.0
561360,7/26/11 15:37,16133.0
561361,7/26/11 15:40,
561362,7/26/11 15:41,
561363,7/26/11 15:42,17238.0
561364,7/26/11 15:42,
561365,7/26/11 15:44,
561366,7/26/11 15:45,15152.0
561367,7/26/11 15:46,
561368,7/26/11 16:00,14866.0
561369,7/26/11 16:21,
561369,7/26/11 16:22,
C561370,7/26/11 16:22,17693.0
561371,7/26/11 16:25,
561372,7/26/11 16:27,
561378,7/26/11 16:55,17861.0
C561379,7/26/11 17:12,13668.0
C561380,7/26/11 17:12,17693.0
561381,7/26/11 17:14,17920.0
561382,7/26/11 17:27,16750.0
561383,7/27/11 8:35,13730.0
561384,7/27/11 9:01,13194.0
561385,7/27/11 9:13,15660.0
561386,7/27/11 9:14,15660.0
561387,7/27/11 9:22,13824.0
561388,7/27/11 9:32,12753.0
561389,7/27/11 9:37,12971.0
561390,7/27/11 9:52,17068.0
561391,7/27/11 9:59,16628.0
561392,7/27/11 10:09,
561393,7/27/11 10:10,18241.0
561394,7/27/11 10:10,17315.0
561395,7/27/11 10:29,13999.0
561396,7/27/11 10:40,13458.0
561397,7/27/11 10:41,16532.0
561398,7/27/11 10:52,16767.0
561399,7/27/11 10:53,15125.0
561430,7/27/11 11:29,15172.0
561453,7/27/11 11:47,13183.0
561455,7/27/11 11:58,15095.0
561462,7/27/11 12:19,14088.0
561463,7/27/11 12:38,14527.0
C561464,7/27/11 12:40,14527.0
561465,7/27/11 12:45,16447.0
561466,7/27/11 12:50,17243.0
561467,7/27/11 12:58,14040.0
561468,7/27/11 13:00,12709.0
C561469,7/27/11 13:13,15289.0
561470,7/27/11 13:14,12523.0
561471,7/27/11 13:14,14911.0
561472,7/27/11 13:15,14911.0
561473,7/27/11 13:17,15078.0
561474,7/27/11 13:18,14680.0
561475,7/27/11 13:29,
561476,7/27/11 13:29,
561477,7/27/11 13:30,
561478,7/27/11 13:32,
561479,7/27/11 13:32,
561480,7/27/11 13:32,
561481,7/27/11 13:38,
561482,7/27/11 13:39,
561483,7/27/11 13:40,
561484,7/27/11 13:41,
561485,7/27/11 13:42,17841.0
561486,7/27/11 13:48,
561487,7/27/11 13:51,
561488,7/27/11 13:51,16609.0
561489,7/27/11 13:52,
561490,7/27/11 13:54,
561491,7/27/11 13:56,
561492,7/27/11 13:57,
561493,7/27/11 13:59,
561494,7/27/11 14:04,
561495,7/27/11 14:06,
561496,7/27/11 14:08,
561497,7/27/11 14:09,
561498,7/27/11 14:10,
561499,7/27/11 14:11,
561500,7/27/11 14:12,
561501,7/27/11 14:13,
561502,7/27/11 14:14,14305.0
561503,7/27/11 14:14,
561504,7/27/11 14:15,
561505,7/27/11 14:16,
561506,7/27/11 14:18,
561507,7/27/11 14:21,12397.0
561508,7/27/11 14:23,16696.0
561509,7/27/11 14:28,
C561510,7/27/11 14:51,14534.0
561511,7/27/11 15:02,15624.0
561512,7/27/11 15:09,14534.0
561513,7/27/11 15:12,
561514,7/27/11 15:14,14331.0
561515,7/27/11 15:16,
561516,7/27/11 15:16,
561517,7/27/11 15:17,18226.0
561518,7/27/11 15:20,15261.0
561519,7/27/11 17:01,17870.0
561520,7/27/11 17:03,17870.0
561521,7/27/11 17:06,17870.0
561522,7/27/11 17:08,17870.0
561523,7/27/11 17:38,
561524,7/27/11 17:39,
561525,7/27/11 17:40,
561526,7/27/11 17:40,
561527,7/27/11 17:40,
561528,7/28/11 8:55,13098.0
561529,7/28/11 9:19,13013.0
561530,7/28/11 9:21,16174.0
561531,7/28/11 9:27,14364.0
561532,7/28/11 9:30,15061.0
561533,7/28/11 9:32,16672.0
561534,7/28/11 9:45,14307.0
561535,7/28/11 9:48,15116.0
561536,7/28/11 9:58,
561537,7/28/11 9:58,13870.0
561538,7/28/11 9:58,
561539,7/28/11 10:08,
561540,7/28/11 10:08,
561541,7/28/11 10:09,
561542,7/28/11 10:09,15105.0
561543,7/28/11 10:10,
561544,7/28/11 10:14,16170.0
561553,7/28/11 10:20,
561555,7/28/11 10:21,
561557,7/28/11 10:21,
561565,7/28/11 10:23,
561570,7/28/11 10:24,14289.0
561583,7/28/11 10:33,13813.0
561584,7/28/11 10:38,13534.0
561585,7/28/11 10:46,13728.0
C561586,7/28/11 10:49,14243.0
C561587,7/28/11 10:50,17649.0
C561588,7/28/11 10:53,15781.0
C561589,7/28/11 10:57,16133.0
C561590,7/28/11 11:16,18268.0
C561591,7/28/11 11:17,15708.0
561592,7/28/11 11:18,14560.0
561593,7/28/11 11:20,16003.0
561595,7/28/11 11:22,12853.0
C561594,7/28/11 11:22,17671.0
C561596,7/28/11 11:23,16558.0
561597,7/28/11 11:26,12853.0
C561598,7/28/11 11:27,13109.0
561599,7/28/11 11:29,12853.0
561600,7/28/11 11:29,15861.0
561601,7/28/11 11:35,18151.0
561602,7/28/11 12:05,16951.0
561603,7/28/11 12:06,14855.0
C561604,7/28/11 12:08,18223.0
561605,7/28/11 12:09,13925.0
C561606,7/28/11 12:10,13420.0
561607,7/28/11 12:15,17389.0
C561608,7/28/11 12:19,15827.0
561609,7/28/11 12:24,
561610,7/28/11 12:28,16076.0
561611,7/28/11 12:29,17975.0
C561612,7/28/11 12:36,17054.0
C561613,7/28/11 12:46,14194.0
561614,7/28/11 12:50,13871.0
561615,7/28/11 12:57,13319.0
561616,7/28/11 13:02,15023.0
561617,7/28/11 13:05,18237.0
561618,7/28/11 13:28,18172.0
C561619,7/28/11 13:31,13408.0
C561620,7/28/11 13:40,15845.0
C561621,7/28/11 13:41,12722.0
C561622,7/28/11 13:42,16572.0
C561623,7/28/11 13:43,17677.0
561624,7/28/11 13:54,16969.0
561625,7/28/11 14:03,16843.0
561626,7/28/11 14:03,14898.0
561627,7/28/11 14:08,12453.0
C561628,7/28/11 14:10,16422.0
561629,7/28/11 14:13,12748.0
561630,7/28/11 14:16,14527.0
561631,7/28/11 14:27,14911.0
561632,7/28/11 14:30,15639.0
561633,7/28/11 14:33,17949.0
561634,7/28/11 14:34,16912.0
561635,7/28/11 14:35,16912.0
561636,7/28/11 14:36,12910.0
561637,7/28/11 14:45,17949.0
561638,7/28/11 14:54,15118.0
561639,7/28/11 14:58,
561640,7/28/11 14:58,
561641,7/28/11 15:03,15939.0
561642,7/28/11 15:04,17965.0
561643,7/28/11 15:04,15939.0
561644,7/28/11 15:15,16029.0
561645,7/28/11 15:16,14911.0
561646,7/28/11 15:19,16029.0
561647,7/28/11 15:20,13340.0
561648,7/28/11 15:21,15746.0
C561649,7/28/11 15:27,15746.0
561650,7/28/11 15:31,15329.0
561651,7/28/11 15:36,
561652,7/28/11 15:50,
561653,7/28/11 15:55,14002.0
561654,7/28/11 15:58,14973.0
561655,7/28/11 16:00,18102.0
561656,7/28/11 16:03,17071.0
561657,7/28/11 16:04,17071.0
561658,7/28/11 16:06,12743.0
561659,7/28/11 16:11,17450.0
561660,7/28/11 16:18,
561661,7/28/11 16:21,12743.0
561662,7/28/11 16:28,12407.0
561663,7/28/11 16:40,
561664,7/28/11 16:53,15189.0
561665,7/28/11 16:55,
561666,7/28/11 16:59,
561667,7/28/11 17:00,
561668,7/28/11 17:03,
561669,7/28/11 17:09,12507.0
561670,7/28/11 17:15,17373.0
561671,7/28/11 17:17,12830.0
561672,7/28/11 17:18,12830.0
561673,7/28/11 17:20,
561674,7/28/11 17:20,
561675,7/28/11 17:33,17483.0
561676,7/28/11 17:53,13468.0
561677,7/28/11 18:23,15311.0
561678,7/28/11 18:33,17931.0
561679,7/28/11 18:56,15245.0
561680,7/28/11 19:13,18268.0
C561681,7/28/11 19:14,15370.0
C561682,7/28/11 19:27,13631.0
561683,7/28/11 19:34,15518.0
C561684,7/28/11 19:36,13136.0
561685,7/28/11 19:46,14315.0
561686,7/29/11 8:29,13148.0
561687,7/29/11 8:30,13148.0
561688,7/29/11 8:48,14407.0
561689,7/29/11 9:01,15942.0
561690,7/29/11 9:11,13875.0
561691,7/29/11 9:17,
561692,7/29/11 9:48,14143.0
561693,7/29/11 9:48,15120.0
561694,7/29/11 9:57,16147.0
561695,7/29/11 10:00,14005.0
561696,7/29/11 10:06,13277.0
561697,7/29/11 10:06,18127.0
561698,7/29/11 10:21,15974.0
561699,7/29/11 10:32,12971.0
561700,7/29/11 10:34,14738.0
561701,7/29/11 10:41,13102.0
561702,7/29/11 10:58,15149.0
561704,7/29/11 11:07,14606.0
C561703,7/29/11 11:07,12709.0
561705,7/29/11 11:23,14735.0
561706,7/29/11 11:25,14735.0
561707,7/29/11 11:27,14735.0
561708,7/29/11 11:28,13575.0
561709,7/29/11 11:35,17790.0
561710,7/29/11 11:45,13827.0
561711,7/29/11 11:45,13414.0
561712,7/29/11 11:49,14499.0
561713,7/29/11 11:56,12901.0
561714,7/29/11 11:56,18081.0
561715,7/29/11 12:03,13102.0
561719,7/29/11 12:09,17519.0
C561725,7/29/11 12:10,17841.0
561732,7/29/11 12:13,14511.0
561743,7/29/11 12:16,13089.0
561750,7/29/11 12:18,16945.0
561773,7/29/11 12:41,17841.0
561774,7/29/11 12:41,16729.0
561783,7/29/11 12:50,16062.0
C561793,7/29/11 13:08,14414.0
561794,7/29/11 13:11,12921.0
561795,7/29/11 13:28,12716.0
561796,7/29/11 13:34,13138.0
561797,7/29/11 13:37,13178.0
561798,7/29/11 13:39,14911.0
561799,7/29/11 13:46,15776.0
561800,7/29/11 14:13,13975.0
561801,7/29/11 14:14,12981.0
561802,7/29/11 14:29,12748.0
561803,7/29/11 14:39,17926.0
561804,7/29/11 14:40,14191.0
561805,7/29/11 14:42,
561806,7/29/11 14:55,12839.0
561807,7/29/11 15:02,17491.0
561808,7/29/11 15:11,13534.0
561809,7/29/11 15:12,16684.0
561811,7/29/11 15:12,13106.0
C561810,7/29/11 15:12,14145.0
561812,7/29/11 15:25,
561813,7/29/11 15:25,13104.0
561814,7/29/11 15:40,14854.0
561815,7/29/11 15:42,14083.0
561816,7/29/11 15:46,16184.0
561817,7/29/11 15:51,12921.0
561818,7/29/11 15:51,16775.0
561819,7/29/11 15:59,13928.0
561820,7/29/11 16:00,
561857,7/29/11 16:24,13004.0
561858,7/29/11 16:39,18064.0
561859,7/29/11 17:19,17750.0
561860,7/29/11 17:28,17997.0
561861,7/31/11 10:28,16839.0
561862,7/31/11 10:38,15569.0
561863,7/31/11 10:40,17695.0
561864,7/31/11 10:43,13217.0
561865,7/31/11 10:47,15569.0
561866,7/31/11 10:48,14341.0
561867,7/31/11 10:59,16931.0
561868,7/31/11 11:26,16813.0
561869,7/31/11 11:38,16764.0
561870,7/31/11 11:45,14911.0
561871,7/31/11 11:46,13018.0
561872,7/31/11 11:46,13018.0
561873,7/31/11 11:48,13316.0
561874,7/31/11 12:02,16255.0
561875,7/31/11 12:05,14885.0
561876,7/31/11 12:08,14472.0
561877,7/31/11 12:16,16401.0
561878,7/31/11 12:34,17388.0
561879,7/31/11 12:43,13722.0
561880,7/31/11 12:44,13722.0
561881,7/31/11 12:47,16477.0
561882,7/31/11 12:52,13388.0
561883,7/31/11 12:52,13388.0
561884,7/31/11 13:07,15453.0
561885,7/31/11 13:13,15532.0
C561886,7/31/11 13:20,15532.0
561887,7/31/11 13:33,14414.0
561888,7/31/11 13:36,14092.0
561889,7/31/11 13:37,15804.0
561890,7/31/11 14:17,12697.0
561891,7/31/11 14:19,15438.0
561892,7/31/11 14:27,
561893,7/31/11 14:39,12942.0
561894,7/31/11 15:00,14456.0
561895,7/31/11 15:04,12748.0
561896,7/31/11 15:22,15819.0
561897,7/31/11 15:24,17841.0
561898,7/31/11 15:25,12456.0
561899,7/31/11 15:26,17173.0
561900,7/31/11 15:31,16655.0
561901,7/31/11 15:42,14156.0
561902,7/31/11 15:50,17404.0
561903,7/31/11 16:04,17162.0
561904,8/1/11 8:30,17941.0
561905,8/1/11 9:31,14947.0
561906,8/1/11 10:03,12921.0
561907,8/1/11 10:08,14060.0
561908,8/1/11 10:09,14239.0
561909,8/1/11 10:23,15625.0
561910,8/1/11 10:23,17053.0
561911,8/1/11 10:26,12534.0
561912,8/1/11 11:08,13184.0
561913,8/1/11 11:12,13184.0
561914,8/1/11 11:13,17676.0
561915,8/1/11 11:23,14408.0
561916,8/1/11 11:44,15581.0
561917,8/1/11 11:57,16904.0
561918,8/1/11 12:05,
561919,8/1/11 12:08,
561920,8/1/11 12:10,
561921,8/1/11 12:11,
561922,8/1/11 12:12,13167.0
561923,8/1/11 12:16,14112.0
561924,8/1/11 12:27,
561925,8/1/11 12:28,16551.0
561926,8/1/11 12:48,12749.0
561927,8/1/11 12:49,
561928,8/1/11 12:50,12749.0
561933,8/1/11 12:56,12949.0
561936,8/1/11 12:57,14403.0
561952,8/1/11 13:02,12949.0
561955,8/1/11 13:03,12949.0
561967,8/1/11 13:11,12844.0
C561966,8/1/11 13:11,
561968,8/1/11 13:29,16332.0
561969,8/1/11 13:31,17757.0
561995,8/1/11 13:44,16133.0
562002,8/1/11 13:48,14567.0
562011,8/1/11 13:54,16745.0
562014,8/1/11 14:05,14341.0
562015,8/1/11 14:06,17615.0
C562016,8/1/11 14:12,14738.0
562017,8/1/11 14:16,14937.0
562018,8/1/11 14:29,17282.0
562019,8/1/11 14:57,14709.0
C562020,8/1/11 15:13,16774.0
562021,8/1/11 15:37,16172.0
C562022,8/1/11 15:39,17389.0
562023,8/1/11 15:57,16814.0
562024,8/1/11 16:07,
562025,8/1/11 16:16,12828.0
562029,8/1/11 16:41,16182.0
C562030,8/1/11 17:03,
562031,8/1/11 17:37,16984.0
562032,8/2/11 8:48,12347.0
562033,8/2/11 8:49,15410.0
562034,8/2/11 9:14,12449.0
562035,8/2/11 9:29,12627.0
562036,8/2/11 9:34,15187.0
562037,8/2/11 9:34,13023.0
562038,8/2/11 9:35,12633.0
562039,8/2/11 9:55,12593.0
562040,8/2/11 10:00,17553.0
C562041,8/2/11 10:05,15120.0
562042,8/2/11 10:19,13075.0
562043,8/2/11 10:19,15342.0
562044,8/2/11 10:24,16607.0
562045,8/2/11 10:33,12644.0
562046,8/2/11 10:34,12378.0
562047,8/2/11 10:38,17788.0
C562048,8/2/11 11:19,13534.0
562049,8/2/11 11:33,14133.0
562050,8/2/11 11:34,14133.0
C562051,8/2/11 11:58,15602.0
562053,8/2/11 12:11,16701.0
C562062,8/2/11 12:17,
562085,8/2/11 12:27,15228.0
C562086,8/2/11 12:27,
562087,8/2/11 12:31,14606.0
562088,8/2/11 12:35,13094.0
562092,8/2/11 12:55,16133.0
562093,8/2/11 12:59,13777.0
562094,8/2/11 13:09,15024.0
562095,8/2/11 13:15,16712.0
562096,8/2/11 13:16,15311.0
C562097,8/2/11 13:19,15311.0
562098,8/2/11 13:31,14315.0
562099,8/2/11 13:46,14688.0
562100,8/2/11 14:00,13437.0
562101,8/2/11 14:04,13850.0
562102,8/2/11 14:21,13089.0
562103,8/2/11 14:23,13089.0
562104,8/2/11 14:31,
562105,8/2/11 14:50,15271.0
562106,8/2/11 15:19,14076.0
562107,8/2/11 15:29,13805.0
562108,8/2/11 15:40,17809.0
562109,8/2/11 15:42,13798.0
C562110,8/2/11 15:46,16316.0
C562111,8/2/11 15:48,15125.0
562112,8/2/11 15:53,18236.0
562113,8/2/11 16:11,
562114,8/2/11 16:14,
C562115,8/2/11 16:17,17696.0
C562116,8/2/11 16:19,15810.0
C562117,8/2/11 16:20,16628.0
C562118,8/2/11 16:23,12457.0
C562119,8/2/11 16:26,13505.0
562120,8/2/11 17:04,13756.0
C562121,8/2/11 17:15,16523.0
C562122,8/2/11 17:18,14857.0
562123,8/2/11 17:19,17353.0
C562124,8/2/11 17:23,13081.0
562125,8/2/11 17:29,17887.0
C562126,8/2/11 17:31,15764.0
562127,8/3/11 8:21,13717.0
562128,8/3/11 9:06,16150.0
562128,8/3/11 9:07,16150.0
562129,8/3/11 9:09,13186.0
562130,8/3/11 9:13,12750.0
562131,8/3/11 9:30,18178.0
562132,8/3/11 9:40,13384.0
562133,8/3/11 9:47,16419.0
562134,8/3/11 9:50,
562135,8/3/11 9:50,
562136,8/3/11 9:59,15374.0
562137,8/3/11 10:04,12720.0
562138,8/3/11 10:04,14737.0
C562139,8/3/11 10:10,12921.0
562140,8/3/11 10:11,18241.0
562141,8/3/11 10:12,17389.0
C562142,8/3/11 10:37,15189.0
562143,8/3/11 10:41,16422.0
C562144,8/3/11 10:43,12757.0
562145,8/3/11 10:45,17656.0
562146,8/3/11 10:45,17675.0
C562147,8/3/11 10:47,16180.0
562148,8/3/11 10:49,13695.0
562150,8/3/11 10:49,14132.0
C562149,8/3/11 10:49,13534.0
C562151,8/3/11 10:55,17053.0
562152,8/3/11 10:56,16168.0
562153,8/3/11 11:21,14088.0
C562154,8/3/11 11:23,13520.0
562155,8/3/11 11:24,17940.0
562156,8/3/11 11:35,14401.0
562157,8/3/11 11:44,16012.0
562158,8/3/11 11:45,15039.0
C562159,8/3/11 11:48,17389.0
C562160,8/3/11 11:50,13106.0
562161,8/3/11 11:58,17841.0
562162,8/3/11 12:03,12841.0
562163,8/3/11 12:06,15628.0
562164,8/3/11 12:08,
562166,8/3/11 12:10,13209.0
562173,8/3/11 12:12,14530.0
C562185,8/3/11 12:15,12748.0
C562188,8/3/11 12:16,12748.0
562199,8/3/11 12:20,12748.0
562200,8/3/11 12:21,17719.0
562201,8/3/11 12:31,14527.0
562202,8/3/11 12:33,15290.0
562203,8/3/11 12:50,16102.0
562204,8/3/11 12:54,16324.0
562205,8/3/11 12:55,18055.0
C562206,8/3/11 12:55,15625.0
562207,8/3/11 12:56,12643.0
562208,8/3/11 12:58,16324.0
562209,8/3/11 13:06,13213.0
562210,8/3/11 13:10,13486.0
562211,8/3/11 13:22,17429.0
562212,8/3/11 13:28,
562213,8/3/11 13:39,13975.0
562214,8/3/11 13:39,17731.0
562215,8/3/11 13:45,
562216,8/3/11 13:50,16835.0
562217,8/3/11 14:06,17659.0
562218,8/3/11 14:07,13851.0
562219,8/3/11 14:14,15089.0
562220,8/3/11 14:19,15150.0
C562221,8/3/11 14:22,16525.0
562222,8/3/11 14:33,18073.0
C562223,8/3/11 14:34,15804.0
562224,8/3/11 14:35,17306.0
562225,8/3/11 14:36,
562233,8/3/11 14:54,14972.0
562255,8/3/11 15:02,16607.0
562256,8/3/11 15:14,15152.0
562257,8/3/11 15:14,17848.0
562258,8/3/11 15:28,16348.0
562259,8/3/11 15:34,15400.0
562260,8/3/11 15:38,13408.0
562261,8/3/11 15:38,13408.0
562262,8/3/11 15:39,13408.0
562263,8/3/11 15:45,17514.0
562264,8/3/11 16:14,
C562267,8/3/11 16:33,14056.0
562269,8/3/11 16:35,14056.0
562270,8/3/11 16:42,12917.0
562271,8/3/11 17:05,16098.0
562272,8/4/11 8:18,12971.0
562273,8/4/11 9:55,12502.0
562274,8/4/11 10:00,12704.0
562275,8/4/11 10:04,12689.0
562276,8/4/11 10:23,17735.0
562277,8/4/11 10:24,17315.0
562278,8/4/11 10:27,
562279,8/4/11 10:28,
C562280,8/4/11 10:31,16133.0
C562281,8/4/11 10:36,12476.0
562282,8/4/11 10:38,13098.0
562283,8/4/11 10:43,15249.0
562284,8/4/11 10:44,15133.0
562285,8/4/11 10:45,17404.0
562286,8/4/11 10:45,15061.0
562287,8/4/11 11:07,12455.0
562290,8/4/11 11:16,14825.0
562313,8/4/11 11:38,14640.0
562332,8/4/11 11:44,13791.0
562339,8/4/11 11:59,13571.0
562340,8/4/11 12:05,13985.0
562341,8/4/11 12:13,15005.0
562342,8/4/11 12:13,16929.0
562343,8/4/11 12:13,17381.0
562344,8/4/11 12:14,17381.0
562345,8/4/11 12:14,13694.0
562346,8/4/11 12:14,16187.0
562347,8/4/11 12:22,13263.0
562348,8/4/11 12:36,17511.0
562349,8/4/11 13:03,16915.0
562350,8/4/11 13:09,
562351,8/4/11 13:10,16626.0
562352,8/4/11 13:12,
562353,8/4/11 13:15,16180.0
562354,8/4/11 13:15,17470.0
562355,8/4/11 13:25,14768.0
562365,8/4/11 13:51,14344.0
562366,8/4/11 14:01,17692.0
C562367,8/4/11 14:03,17811.0
562368,8/4/11 14:06,16570.0
562369,8/4/11 14:12,17584.0
562370,8/4/11 14:20,12626.0
562371,8/4/11 14:30,13709.0
562372,8/4/11 14:33,16258.0
562373,8/4/11 14:33,16672.0
562374,8/4/11 14:40,14911.0
C562375,8/4/11 14:46,14911.0
562376,8/4/11 15:04,15254.0
562377,8/4/11 15:04,14535.0
562378,8/4/11 15:07,15046.0
562379,8/4/11 15:17,15134.0
562380,8/4/11 15:23,14778.0
562381,8/4/11 15:33,16873.0
562382,8/4/11 15:36,
562383,8/4/11 15:37,
562384,8/4/11 15:41,
562385,8/4/11 15:42,
562386,8/4/11 15:43,
562387,8/4/11 15:51,13402.0
562388,8/4/11 15:52,18099.0
562389,8/4/11 15:55,16531.0
562390,8/4/11 16:00,
562391,8/4/11 16:02,
562392,8/4/11 16:07,15205.0
562393,8/4/11 16:17,18172.0
562416,8/4/11 16:31,13969.0
562417,8/4/11 16:32,
562418,8/4/11 16:34,16572.0
562419,8/4/11 16:36,14667.0
562420,8/4/11 16:38,
562421,8/4/11 16:41,15241.0
562422,8/4/11 16:59,13218.0
C562423,8/4/11 17:06,12584.0
562424,8/4/11 17:07,12584.0
C562425,8/4/11 17:08,12584.0
562426,8/4/11 17:13,12748.0
562427,8/4/11 17:19,17267.0
562428,8/4/11 17:22,17267.0
562429,8/4/11 17:23,13767.0
562430,8/4/11 17:26,18109.0
562431,8/4/11 17:37,13069.0
562432,8/4/11 17:38,14004.0
562433,8/4/11 17:40,17677.0
562434,8/4/11 17:45,12823.0
562435,8/4/11 17:51,12693.0
562436,8/4/11 17:55,17961.0
562437,8/4/11 17:58,13047.0
C562438,8/4/11 17:58,14621.0
562439,8/4/11 18:06,12931.0
562440,8/4/11 18:07,12931.0
562441,8/4/11 18:18,14543.0
562442,8/4/11 18:31,14397.0
562443,8/4/11 18:37,17723.0
562444,8/4/11 18:44,14713.0
562445,8/4/11 18:51,12417.0
562446,8/4/11 19:06,13145.0
562447,8/4/11 19:20,15251.0
562448,8/4/11 19:22,17428.0
562449,8/4/11 20:01,14562.0
562450,8/5/11 8:40,12562.0
562451,8/5/11 9:25,15110.0
562452,8/5/11 9:44,16302.0
562453,8/5/11 10:31,18097.0
562454,8/5/11 10:31,15128.0
562455,8/5/11 10:32,18097.0
562456,8/5/11 10:39,15194.0
562457,8/5/11 11:00,18079.0
562458,8/5/11 11:16,16029.0
562459,8/5/11 11:17,16029.0
562460,8/5/11 11:19,17841.0
562461,8/5/11 11:19,16029.0
562462,8/5/11 11:21,16029.0
562463,8/5/11 11:30,
562464,8/5/11 11:31,
562465,8/5/11 11:46,13908.0
562466,8/5/11 11:49,13435.0
562467,8/5/11 11:50,13513.0
562468,8/5/11 11:52,16928.0
562490,8/5/11 12:06,14720.0
C562514,8/5/11 12:20,13408.0
C562515,8/5/11 12:22,13408.0
562516,8/5/11 12:25,15129.0
562517,8/5/11 12:27,15719.0
562518,8/5/11 12:30,16818.0
562519,8/5/11 12:37,16764.0
562520,8/5/11 12:38,12599.0
562521,8/5/11 12:48,17457.0
C562522,8/5/11 12:49,13813.0
562523,8/5/11 13:26,16174.0
562524,8/5/11 13:28,15201.0
562525,8/5/11 13:35,18282.0
562526,8/5/11 13:46,16880.0
562527,8/5/11 13:49,12647.0
562528,8/5/11 13:52,12610.0
562529,8/5/11 14:05,15201.0
562530,8/5/11 14:13,
562531,8/5/11 14:30,13984.0
562532,8/5/11 14:31,14083.0
562533,8/5/11 14:36,17676.0
562534,8/5/11 14:49,14031.0
562535,8/5/11 14:50,13200.0
562536,8/5/11 14:57,
562537,8/5/11 15:02,12517.0
562538,8/5/11 15:07,15505.0
562539,8/5/11 15:30,17220.0
562540,8/5/11 15:38,17400.0
562541,8/5/11 15:39,18102.0
562542,8/5/11 15:40,17377.0
562543,8/5/11 15:45,13552.0
562544,8/5/11 15:46,
562545,8/5/11 15:46,12971.0
562546,8/5/11 15:46,
562547,8/5/11 15:49,
562548,8/5/11 16:00,
562549,8/5/11 16:10,17092.0
562550,8/5/11 16:16,13082.0
562551,8/5/11 16:19,17231.0
562552,8/5/11 16:23,12748.0
562553,8/5/11 16:34,
562555,8/5/11 16:37,15671.0
562558,8/5/11 16:43,13451.0
C562559,8/5/11 17:08,16743.0
562560,8/5/11 17:12,14156.0
C562561,8/5/11 17:13,16729.0
562562,8/5/11 17:43,16271.0
562563,8/7/11 10:24,13450.0
562564,8/7/11 10:43,15058.0
562565,8/7/11 10:45,16206.0
562566,8/7/11 10:55,16954.0
562567,8/7/11 11:40,12877.0
562568,8/7/11 11:59,12720.0
562569,8/7/11 12:05,17323.0
562570,8/7/11 12:10,14079.0
562571,8/7/11 12:21,13782.0
562572,8/7/11 12:21,17298.0
562573,8/7/11 12:40,13248.0
562574,8/7/11 12:42,14903.0
562575,8/7/11 12:54,15411.0
562576,8/7/11 13:08,15518.0
C562577,8/7/11 13:09,15518.0
562578,8/7/11 13:17,14331.0
562579,8/7/11 13:30,16950.0
562580,8/7/11 13:31,14024.0
562581,8/7/11 13:43,15860.0
C562582,8/7/11 13:53,15640.0
562583,8/7/11 13:54,15831.0
562584,8/7/11 14:16,13752.0
562585,8/7/11 14:27,14053.0
562586,8/7/11 14:33,16066.0
562587,8/7/11 14:34,15640.0
562588,8/7/11 15:07,
562589,8/7/11 15:16,15198.0
562590,8/7/11 15:39,12748.0
562591,8/7/11 15:40,12748.0
562592,8/7/11 15:43,13418.0
562593,8/7/11 15:43,16549.0
C562594,8/7/11 15:44,12748.0
562595,8/7/11 15:52,17602.0
562596,8/8/11 9:22,16145.0
C562597,8/8/11 9:48,15518.0
562598,8/8/11 10:00,15152.0
562599,8/8/11 10:01,13013.0
562600,8/8/11 10:01,12676.0
C562601,8/8/11 10:09,12901.0
562602,8/8/11 10:11,12865.0
562603,8/8/11 10:40,17870.0
562604,8/8/11 10:51,17611.0
562605,8/8/11 10:59,12530.0
562606,8/8/11 11:28,13552.0
562607,8/8/11 11:45,12885.0
562608,8/8/11 11:45,15502.0
562609,8/8/11 11:55,17331.0
562610,8/8/11 11:56,16333.0
562611,8/8/11 11:58,17716.0
562612,8/8/11 12:00,16637.0
C562613,8/8/11 12:11,15228.0
562614,8/8/11 12:15,17961.0
562615,8/8/11 12:20,16458.0
562616,8/8/11 12:28,14748.0
C562617,8/8/11 12:31,
C562618,8/8/11 12:32,13186.0
562619,8/8/11 12:34,15311.0
C562620,8/8/11 12:34,13089.0
562621,8/8/11 12:36,14415.0
C562622,8/8/11 12:37,15299.0
C562623,8/8/11 12:38,16255.0
C562647,8/8/11 12:56,15502.0
C562648,8/8/11 12:56,14606.0
562649,8/8/11 13:11,14606.0
562650,8/8/11 13:12,17404.0
C562651,8/8/11 13:25,16951.0
562652,8/8/11 13:34,14844.0
562653,8/8/11 13:35,
C562657,8/8/11 13:39,13588.0
C562661,8/8/11 13:40,13588.0
562670,8/8/11 13:42,14911.0
562680,8/8/11 13:46,17954.0
562688,8/8/11 13:53,13869.0
C562687,8/8/11 13:53,15157.0
562701,8/8/11 13:59,13767.0
562708,8/8/11 14:15,17085.0
C562709,8/8/11 14:32,17511.0
562710,8/8/11 14:37,14298.0
562711,8/8/11 14:53,16788.0
562712,8/8/11 15:00,13016.0
562713,8/8/11 15:17,15189.0
562714,8/8/11 15:23,
562715,8/8/11 15:34,
562716,8/8/11 15:35,14257.0
562717,8/8/11 15:42,
562718,8/8/11 16:07,18241.0
562719,8/8/11 16:15,16365.0
562720,8/8/11 16:18,15033.0
562721,8/8/11 16:31,15985.0
562722,8/8/11 16:43,13798.0
562725,8/9/11 9:04,17302.0
C562726,8/9/11 9:05,16401.0
562727,8/9/11 9:26,15601.0
C562728,8/9/11 9:41,12406.0
562729,8/9/11 10:05,12569.0
562730,8/9/11 10:16,17554.0
562732,8/9/11 10:19,18248.0
562733,8/9/11 10:20,14626.0
562767,8/9/11 10:47,13769.0
562768,8/9/11 10:49,14127.0
562769,8/9/11 10:52,14409.0
562770,8/9/11 11:56,17139.0
562771,8/9/11 12:00,13113.0
562772,8/9/11 12:07,13097.0
C562773,8/9/11 12:18,17841.0
562774,8/9/11 12:20,13500.0
562775,8/9/11 12:21,15078.0
562776,8/9/11 12:23,14180.0
562777,8/9/11 12:52,15247.0
562778,8/9/11 12:55,17591.0
562779,8/9/11 12:58,17841.0
562780,8/9/11 13:03,14901.0
562781,8/9/11 13:10,14334.0
562782,8/9/11 13:14,13280.0
562783,8/9/11 13:22,13018.0
562784,8/9/11 13:22,16791.0
562785,8/9/11 13:32,
C562786,8/9/11 13:43,15581.0
562787,8/9/11 13:44,15581.0
562788,8/9/11 13:48,17669.0
562789,8/9/11 13:50,14646.0
562790,8/9/11 13:51,14646.0
562791,8/9/11 14:18,17730.0
562792,8/9/11 14:18,17634.0
C562793,8/9/11 14:18,16422.0
C562794,8/9/11 14:20,14112.0
C562795,8/9/11 14:23,13709.0
C562796,8/9/11 14:27,13694.0
C562797,8/9/11 14:29,16672.0
C562798,8/9/11 14:30,12929.0
C562799,8/9/11 14:31,16609.0
C562800,8/9/11 14:34,16401.0
C562801,8/9/11 14:35,15194.0
C562802,8/9/11 14:41,15201.0
C562803,8/9/11 14:43,15628.0
562804,8/9/11 14:48,13355.0
562805,8/9/11 14:51,
562806,8/9/11 14:56,13636.0
562807,8/9/11 14:57,16053.0
C562808,8/9/11 15:10,18282.0
562809,8/9/11 15:12,16775.0
562810,8/9/11 15:22,16656.0
C562811,8/9/11 15:30,13217.0
562812,8/9/11 15:32,13217.0
562838,8/9/11 15:59,13162.0
562839,8/9/11 16:17,14056.0
562840,8/9/11 16:27,14527.0
562841,8/9/11 16:42,17675.0
562842,8/9/11 16:44,17675.0
562843,8/9/11 17:37,
562844,8/10/11 8:41,12444.0
C562845,8/10/11 9:21,14903.0
562846,8/10/11 9:29,
562847,8/10/11 9:34,16245.0
C562848,8/10/11 9:35,15201.0
562849,8/10/11 9:52,16700.0
562850,8/10/11 10:08,14680.0
562851,8/10/11 10:09,13117.0
562852,8/10/11 10:12,13050.0
562853,8/10/11 10:15,13919.0
562854,8/10/11 10:15,16133.0
562855,8/10/11 10:16,
C562876,8/10/11 10:42,15110.0
562878,8/10/11 10:45,16241.0
562879,8/10/11 10:45,15640.0
562880,8/10/11 10:53,15838.0
562881,8/10/11 10:57,15632.0
562882,8/10/11 11:23,12384.0
562883,8/10/11 11:24,14056.0
C562884,8/10/11 11:25,14056.0
562885,8/10/11 11:30,14024.0
562886,8/10/11 11:41,17994.0
C562887,8/10/11 11:43,17994.0
562888,8/10/11 11:58,14388.0
C562889,8/10/11 12:07,18172.0
562890,8/10/11 12:11,14191.0
562891,8/10/11 12:18,13468.0
562892,8/10/11 12:24,16292.0
562893,8/10/11 12:25,17442.0
562894,8/10/11 12:35,12571.0
562902,8/10/11 12:41,13925.0
562907,8/10/11 12:44,14116.0
562908,8/10/11 12:48,16839.0
C562909,8/10/11 13:00,17602.0
C562910,8/10/11 13:03,15671.0
C562911,8/10/11 13:06,13384.0
562912,8/10/11 13:15,15311.0
562913,8/10/11 13:19,17042.0
562914,8/10/11 13:25,16558.0
C562915,8/10/11 13:35,13388.0
562916,8/10/11 13:41,
562917,8/10/11 13:43,17949.0
562918,8/10/11 13:51,15615.0
562919,8/10/11 13:52,15615.0
562920,8/10/11 14:13,14495.0
C562921,8/10/11 14:17,13767.0
562922,8/10/11 14:26,12594.0
562923,8/10/11 14:34,16996.0
562924,8/10/11 14:49,16750.0
562925,8/10/11 14:51,17389.0
562926,8/10/11 14:55,17512.0
562928,8/10/11 15:29,15494.0
562929,8/10/11 15:37,17562.0
562930,8/10/11 16:01,14209.0
562931,8/10/11 16:19,14030.0
562932,8/10/11 16:39,16904.0
562933,8/10/11 16:51,
562934,8/10/11 16:56,
562935,8/10/11 17:11,14156.0
562936,8/10/11 17:12,
562937,8/10/11 17:13,
C562938,8/10/11 17:14,14156.0
562939,8/11/11 8:37,15498.0
562940,8/11/11 8:38,15498.0
562941,8/11/11 8:39,15498.0
562942,8/11/11 8:50,13538.0
C562943,8/11/11 9:16,12693.0
562944,8/11/11 9:34,13985.0
562945,8/11/11 9:35,
562946,8/11/11 9:38,15581.0
562947,8/11/11 9:45,15987.0
562948,8/11/11 9:46,17857.0
562949,8/11/11 9:47,14346.0
562950,8/11/11 9:56,15608.0
562951,8/11/11 9:57,14462.0
C562952,8/11/11 10:10,12749.0
C562953,8/11/11 10:12,16180.0
C562954,8/11/11 10:13,17429.0
562955,8/11/11 10:14,
C562956,8/11/11 10:14,13186.0
C562957,8/11/11 10:15,13319.0
C562958,8/11/11 10:19,17531.0
C562959,8/11/11 10:21,17389.0
562960,8/11/11 10:22,14911.0
C562961,8/11/11 10:24,14305.0
C562962,8/11/11 10:26,17579.0
562963,8/11/11 10:29,13203.0
562964,8/11/11 10:29,13488.0
562965,8/11/11 10:45,18226.0
562966,8/11/11 10:53,16133.0
562967,8/11/11 10:54,16422.0
562968,8/11/11 10:55,14291.0
C562969,8/11/11 10:58,12610.0
562973,8/11/11 11:42,14911.0
562980,8/11/11 11:44,17686.0
562984,8/11/11 11:45,17841.0
C562992,8/11/11 11:48,12885.0
562999,8/11/11 11:51,15117.0
563011,8/11/11 12:00,16283.0
563012,8/11/11 12:00,17284.0
563013,8/11/11 12:01,12993.0
563014,8/11/11 12:17,13408.0
563015,8/11/11 12:24,
563016,8/11/11 12:44,15358.0
563017,8/11/11 12:48,13198.0
563018,8/11/11 12:53,13427.0
563019,8/11/11 12:58,17340.0
563020,8/11/11 12:58,12428.0
563021,8/11/11 13:25,18077.0
563022,8/11/11 13:34,17248.0
563023,8/11/11 13:39,14639.0
563024,8/11/11 13:41,14639.0
563025,8/11/11 14:00,
563026,8/11/11 14:04,15747.0
563027,8/11/11 14:10,
563028,8/11/11 14:16,17629.0
563029,8/11/11 14:34,18093.0
563030,8/11/11 14:36,14834.0
563031,8/11/11 14:38,13263.0
563032,8/11/11 14:39,16076.0
563033,8/11/11 14:48,16928.0
563034,8/11/11 14:53,17644.0
563035,8/11/11 14:54,17790.0
563036,8/11/11 14:55,14868.0
563037,8/11/11 15:02,12362.0
563038,8/11/11 15:05,16656.0
563060,8/11/11 15:24,17653.0
563061,8/11/11 15:25,13588.0
563062,8/11/11 15:25,17811.0
C563068,8/11/11 15:26,13722.0
563070,8/11/11 15:34,14099.0
563071,8/11/11 15:43,17633.0
C563072,8/11/11 15:45,16928.0
563073,8/11/11 15:56,18235.0
563074,8/11/11 15:58,12931.0
563075,8/11/11 16:11,13645.0
563076,8/11/11 16:12,14646.0
563078,8/11/11 16:30,15955.0
563079,8/11/11 16:31,15955.0
563080,8/11/11 16:32,15955.0
563088,8/11/11 16:51,
563089,8/11/11 16:54,15469.0
563090,8/11/11 17:00,16186.0
563091,8/11/11 17:02,12994.0
563092,8/11/11 17:14,13307.0
563093,8/11/11 17:28,
563094,8/11/11 17:35,14525.0
563095,8/12/11 9:04,13158.0
563096,8/12/11 9:10,15544.0
563097,8/12/11 9:11,17642.0
563098,8/12/11 9:14,14911.0
563099,8/12/11 9:37,15689.0
563100,8/12/11 9:57,12381.0
563101,8/12/11 10:07,
563102,8/12/11 10:07,
563103,8/12/11 10:08,13873.0
563104,8/12/11 10:13,13888.0
563105,8/12/11 10:15,
563106,8/12/11 10:15,
C563107,8/12/11 10:17,12709.0
563108,8/12/11 10:18,
C563109,8/12/11 10:31,12656.0
563110,8/12/11 11:07,14849.0
563111,8/12/11 11:08,15249.0
563112,8/12/11 11:09,14849.0
563137,8/12/11 11:22,14534.0
563147,8/12/11 11:29,13695.0
563148,8/12/11 11:35,
563149,8/12/11 11:41,13695.0
563150,8/12/11 11:41,15192.0
563155,8/12/11 11:48,13069.0
563160,8/12/11 12:03,
563161,8/12/11 12:15,14790.0
563162,8/12/11 12:15,16013.0
563163,8/12/11 12:16,16013.0
563164,8/12/11 12:18,16013.0
563165,8/12/11 12:36,14646.0
563166,8/12/11 12:37,18092.0
563167,8/12/11 12:37,14696.0
563168,8/12/11 12:41,16045.0
563169,8/12/11 12:42,14911.0
563170,8/12/11 12:44,18237.0
563171,8/12/11 12:46,16317.0
563172,8/12/11 13:15,12399.0
563173,8/12/11 13:27,17381.0
563174,8/12/11 13:40,16746.0
563175,8/12/11 14:02,14855.0
563176,8/12/11 14:02,17293.0
563177,8/12/11 14:03,17293.0
563178,8/12/11 14:12,16011.0
563179,8/12/11 14:19,12431.0
563180,8/12/11 14:25,16209.0
563181,8/12/11 14:32,16612.0
563182,8/12/11 14:33,17122.0
563183,8/12/11 14:47,14110.0
563184,8/12/11 14:50,17516.0
A563185,8/12/11 14:50,
A563186,8/12/11 14:51,
A563187,8/12/11 14:52,
563188,8/12/11 15:00,15606.0
563189,8/12/11 15:22,12682.0
563190,8/12/11 15:41,
563191,8/12/11 16:07,16678.0
563192,8/12/11 16:10,16745.0
563193,8/12/11 16:30,
563194,8/12/11 16:36,17858.0
563195,8/12/11 16:36,
563196,8/12/11 16:54,14406.0
C563197,8/14/11 9:57,13047.0
563198,8/14/11 10:38,15270.0
563199,8/14/11 10:38,16326.0
563200,8/14/11 10:49,13838.0
563201,8/14/11 10:52,13838.0
563202,8/14/11 11:16,12722.0
563203,8/14/11 11:31,16525.0
563204,8/14/11 11:49,17048.0
563205,8/14/11 12:03,14040.0
563206,8/14/11 12:08,17613.0
C563207,8/14/11 12:10,17613.0
563208,8/14/11 12:12,14040.0
563209,8/14/11 12:23,13527.0
563210,8/14/11 12:27,16466.0
563211,8/14/11 12:33,17049.0
563212,8/14/11 12:41,17800.0
563213,8/14/11 12:55,16115.0
563214,8/14/11 12:56,16370.0
563215,8/14/11 12:56,15683.0
563216,8/14/11 13:14,17841.0
563217,8/14/11 13:21,13515.0
C563218,8/14/11 14:15,16401.0
C563219,8/14/11 14:17,17644.0
C563220,8/14/11 14:22,16150.0
C563221,8/14/11 14:23,17611.0
C563222,8/14/11 14:28,15660.0
C563223,8/14/11 14:30,16292.0
C563224,8/14/11 14:33,12409.0
C563225,8/14/11 14:35,14911.0
C563226,8/14/11 14:36,13116.0
563227,8/14/11 15:33,14301.0
563228,8/14/11 15:34,17988.0
563229,8/14/11 15:35,17988.0
563230,8/14/11 15:39,15376.0
563231,8/14/11 15:42,14658.0
C563232,8/14/11 15:55,17988.0
563233,8/14/11 15:56,17988.0
563234,8/15/11 8:26,13621.0
563235,8/15/11 9:18,15939.0
563236,8/15/11 9:45,17252.0
563237,8/15/11 9:57,14321.0
563238,8/15/11 9:59,15093.0
563239,8/15/11 10:02,15048.0
C563240,8/15/11 10:06,15048.0
563241,8/15/11 10:22,12758.0
563242,8/15/11 10:28,17173.0
563243,8/15/11 10:29,18241.0
563244,8/15/11 10:49,
563245,8/15/11 10:53,16272.0
563245,8/15/11 10:54,16272.0
563246,8/15/11 10:57,13089.0
563247,8/15/11 10:59,13089.0
563248,8/15/11 11:30,14702.0
C563249,8/15/11 11:35,16656.0
563250,8/15/11 11:38,15624.0
563251,8/15/11 11:39,12919.0
563252,8/15/11 11:59,17655.0
563253,8/15/11 12:04,15218.0
563254,8/15/11 12:06,15218.0
563255,8/15/11 12:07,14527.0
563256,8/15/11 12:07,18143.0
563257,8/15/11 12:07,13799.0
C563258,8/15/11 12:08,15311.0
563259,8/15/11 12:19,17958.0
563260,8/15/11 12:22,16668.0
563261,8/15/11 12:38,16836.0
563262,8/15/11 12:44,15311.0
563264,8/15/11 12:46,13720.0
563268,8/15/11 12:47,13940.0
563288,8/15/11 12:53,12656.0
563300,8/15/11 12:57,16774.0
563328,8/15/11 13:07,14606.0
563333,8/15/11 13:09,15996.0
563345,8/15/11 13:22,12619.0
563346,8/15/11 13:37,14282.0
563347,8/15/11 13:46,16961.0
563348,8/15/11 13:48,13078.0
563349,8/15/11 13:51,14623.0
563350,8/15/11 14:10,14498.0
563351,8/15/11 14:17,16902.0
563352,8/15/11 14:32,15706.0
563353,8/15/11 14:32,15480.0
563354,8/15/11 14:35,15271.0
563355,8/15/11 14:39,14156.0
563356,8/15/11 14:44,16210.0
563357,8/15/11 14:50,13277.0
563358,8/15/11 14:51,17858.0
563359,8/15/11 14:56,
563360,8/15/11 15:06,15023.0
563361,8/15/11 15:17,15315.0
563362,8/15/11 16:13,15114.0
C563363,8/15/11 16:20,15342.0
563364,8/16/11 8:39,14466.0
563365,8/16/11 8:50,15373.0
563366,8/16/11 8:52,15373.0
563367,8/16/11 8:58,16133.0
563368,8/16/11 9:00,13995.0
563369,8/16/11 9:25,13394.0
563370,8/16/11 9:34,16153.0
563371,8/16/11 9:39,14006.0
563372,8/16/11 9:50,15653.0
563373,8/16/11 10:02,12569.0
563374,8/16/11 10:03,13953.0
C563375,8/16/11 10:27,14911.0
563376,8/16/11 10:36,15752.0
563377,8/16/11 10:44,15002.0
563381,8/16/11 10:48,15768.0
563382,8/16/11 10:50,18221.0
563383,8/16/11 10:52,14407.0
563384,8/16/11 10:52,17315.0
563404,8/16/11 11:04,16303.0
563411,8/16/11 11:10,16927.0
563425,8/16/11 11:37,15140.0
563426,8/16/11 11:38,15140.0
563427,8/16/11 11:40,16470.0
563428,8/16/11 11:44,13159.0
563429,8/16/11 11:48,13999.0
563430,8/16/11 11:50,14918.0
563431,8/16/11 12:00,16266.0
563432,8/16/11 12:12,16713.0
C563433,8/16/11 12:14,16033.0
563434,8/16/11 12:21,14057.0
563435,8/16/11 12:29,16131.0
563436,8/16/11 12:32,16131.0
563437,8/16/11 12:52,14232.0
563438,8/16/11 12:59,13743.0
563439,8/16/11 13:05,
563440,8/16/11 13:12,13189.0
563441,8/16/11 13:13,13140.0
563442,8/16/11 13:25,17637.0
563443,8/16/11 13:26,12641.0
563444,8/16/11 13:50,16033.0
563445,8/16/11 14:18,
C563446,8/16/11 14:24,15205.0
563447,8/16/11 14:25,
563448,8/16/11 14:28,15220.0
563449,8/16/11 14:28,
563450,8/16/11 14:33,16523.0
563451,8/16/11 14:34,18241.0
563452,8/16/11 14:34,
563453,8/16/11 14:34,
563454,8/16/11 14:41,13305.0
C563459,8/16/11 14:51,17048.0
563465,8/16/11 14:55,16168.0
563467,8/16/11 14:55,
563468,8/16/11 14:55,16168.0
563476,8/16/11 15:22,17682.0
563477,8/16/11 15:39,17097.0
563480,8/16/11 15:52,
563482,8/16/11 15:54,17097.0
C563483,8/16/11 15:59,14175.0
563498,8/16/11 16:17,17719.0
563499,8/16/11 17:06,13470.0
563500,8/16/11 17:25,15856.0
563501,8/16/11 17:27,15856.0
563502,8/17/11 8:50,12722.0
563503,8/17/11 9:05,16488.0
563504,8/17/11 9:16,16218.0
563505,8/17/11 9:45,17865.0
563506,8/17/11 9:48,17398.0
563507,8/17/11 10:08,14414.0
563508,8/17/11 10:27,16133.0
563509,8/17/11 10:46,16092.0
563510,8/17/11 10:50,15734.0
563518,8/17/11 10:56,12421.0
563522,8/17/11 10:59,17975.0
563532,8/17/11 11:04,17511.0
563533,8/17/11 11:14,16241.0
563534,8/17/11 11:37,14323.0
C563535,8/17/11 11:38,
C563536,8/17/11 11:39,
C563537,8/17/11 11:40,
563538,8/17/11 11:48,17841.0
563540,8/17/11 12:04,12473.0
563543,8/17/11 12:06,15039.0
563544,8/17/11 12:10,17937.0
563545,8/17/11 12:20,15039.0
563546,8/17/11 12:24,16729.0
563547,8/17/11 12:29,
563548,8/17/11 12:30,12528.0
563549,8/17/11 12:34,
563550,8/17/11 12:50,14194.0
563551,8/17/11 13:04,17757.0
563552,8/17/11 13:06,17656.0
C563553,8/17/11 13:14,16755.0
C563554,8/17/11 13:16,16755.0
563555,8/17/11 13:21,16755.0
563556,8/17/11 13:31,17706.0
563557,8/17/11 13:33,15786.0
563558,8/17/11 13:40,14156.0
563559,8/17/11 13:45,14156.0
563560,8/17/11 14:00,12971.0
563561,8/17/11 14:02,18073.0
563562,8/17/11 14:02,16029.0
563563,8/17/11 14:03,16029.0
563564,8/17/11 14:11,16633.0
563565,8/17/11 14:22,17338.0
563566,8/17/11 14:25,13655.0
563567,8/17/11 14:44,13004.0
563568,8/17/11 14:45,
563569,8/17/11 14:47,18257.0
C563570,8/17/11 14:51,17949.0
563571,8/17/11 14:58,15541.0
563572,8/17/11 15:00,16734.0
563573,8/17/11 15:02,16734.0
563574,8/17/11 15:05,15827.0
563575,8/17/11 15:05,17949.0
563576,8/17/11 15:06,12748.0
C563577,8/17/11 15:06,17949.0
563578,8/17/11 15:11,12949.0
563579,8/17/11 15:16,
563580,8/17/11 15:53,16706.0
563584,8/17/11 16:48,15122.0
563585,8/17/11 17:01,17070.0
C563586,8/17/11 17:19,12697.0
C563587,8/17/11 17:37,18248.0
563588,8/17/11 19:15,17450.0
563589,8/17/11 19:40,17450.0
563590,8/17/11 20:02,17450.0
C563591,8/18/11 6:10,16145.0
C563592,8/18/11 6:12,16029.0
C563593,8/18/11 6:13,14646.0
C563594,8/18/11 6:14,18248.0
C563595,8/18/11 6:15,13769.0
C563596,8/18/11 6:19,12749.0
563597,8/18/11 6:20,14305.0
C563598,8/18/11 6:21,14305.0
C563599,8/18/11 6:22,15152.0
C563600,8/18/11 6:24,14911.0
C563601,8/18/11 6:25,13047.0
C563602,8/18/11 6:26,14291.0
C563603,8/18/11 6:28,17302.0
C563604,8/18/11 6:28,15251.0
C563605,8/18/11 6:29,14112.0
C563606,8/18/11 6:30,13925.0
C563607,8/18/11 6:31,13078.0
C563608,8/18/11 6:33,17719.0
C563609,8/18/11 6:34,18178.0
C563610,8/18/11 6:36,14937.0
C563611,8/18/11 6:38,17340.0
C563612,8/18/11 6:39,17442.0
563613,8/18/11 8:49,12688.0
563614,8/18/11 8:51,12415.0
563615,8/18/11 9:01,16945.0
563616,8/18/11 9:39,13027.0
563617,8/18/11 9:45,15301.0
563618,8/18/11 9:48,15400.0
563619,8/18/11 10:01,12839.0
563620,8/18/11 10:06,13014.0
563621,8/18/11 10:10,13113.0
563622,8/18/11 10:21,15189.0
563623,8/18/11 10:23,15189.0
563626,8/18/11 10:31,16187.0
563638,8/18/11 10:36,15311.0
563650,8/18/11 10:43,
563652,8/18/11 10:43,
C563655,8/18/11 10:44,15311.0
563656,8/18/11 10:48,15615.0
563657,8/18/11 10:49,15615.0
563658,8/18/11 10:57,15505.0
563659,8/18/11 11:00,13694.0
563660,8/18/11 11:03,13694.0
563661,8/18/11 11:23,13048.0
563662,8/18/11 11:40,12729.0
563674,8/18/11 11:59,14132.0
563680,8/18/11 12:06,18272.0
563684,8/18/11 12:23,17386.0
563685,8/18/11 12:26,14911.0
563686,8/18/11 12:30,13098.0
563687,8/18/11 12:32,
563688,8/18/11 12:41,16767.0
563689,8/18/11 12:43,15743.0
563690,8/18/11 12:53,15152.0
563691,8/18/11 12:53,13668.0
563692,8/18/11 13:01,17243.0
C563693,8/18/11 13:04,17243.0
563694,8/18/11 13:16,14741.0
563695,8/18/11 13:17,13617.0
563696,8/18/11 13:38,12962.0
563697,8/18/11 13:44,16813.0
563698,8/18/11 13:46,14667.0
563699,8/18/11 13:47,13381.0
563700,8/18/11 13:55,
563701,8/18/11 13:55,
563702,8/18/11 13:55,
563703,8/18/11 14:02,13273.0
563704,8/18/11 14:03,
563705,8/18/11 14:33,17736.0
563706,8/18/11 14:48,14189.0
563707,8/18/11 14:53,16626.0
563708,8/18/11 15:09,17001.0
563709,8/18/11 15:17,15472.0
563710,8/18/11 15:28,17742.0
563711,8/18/11 15:41,16928.0
563712,8/18/11 15:44,12680.0
563714,8/18/11 15:51,14565.0
563715,8/18/11 16:08,
C563716,8/18/11 16:14,15706.0
563717,8/18/11 16:16,
563718,8/18/11 16:18,15144.0
563719,8/18/11 16:19,13576.0
563720,8/18/11 16:24,15867.0
563721,8/18/11 16:27,15232.0
563722,8/18/11 16:32,17720.0
563723,8/18/11 16:43,13319.0
563726,8/18/11 17:02,16582.0
563727,8/18/11 17:04,15797.0
563728,8/18/11 17:09,17045.0
563729,8/18/11 17:39,14051.0
563730,8/18/11 17:43,14221.0
563731,8/18/11 17:44,17576.0
563732,8/18/11 17:50,15125.0
563733,8/18/11 17:57,18225.0
563734,8/18/11 18:11,14064.0
563735,8/18/11 18:15,16743.0
563736,8/18/11 18:21,13784.0
563737,8/18/11 18:51,16261.0
563738,8/18/11 19:13,15024.0
563739,8/18/11 20:05,17750.0
563740,8/19/11 8:13,17747.0
563741,8/19/11 8:57,14759.0
563742,8/19/11 8:57,17929.0
563743,8/19/11 9:23,12828.0
563744,8/19/11 9:35,13266.0
563745,8/19/11 9:38,15159.0
563746,8/19/11 10:05,14745.0
563747,8/19/11 10:05,13089.0
563748,8/19/11 10:06,16170.0
563749,8/19/11 10:10,12360.0
563750,8/19/11 10:18,16122.0
C563751,8/19/11 10:37,12528.0
C563752,8/19/11 10:38,12362.0
563753,8/19/11 10:51,12513.0
563754,8/19/11 10:56,15396.0
563755,8/19/11 10:58,17612.0
563756,8/19/11 11:08,12418.0
563764,8/19/11 11:15,14606.0
563771,8/19/11 11:17,17841.0
C563773,8/19/11 11:18,13048.0
563776,8/19/11 11:23,12600.0
563808,8/19/11 11:46,12626.0
563812,8/19/11 11:47,16249.0
563818,8/19/11 11:55,13327.0
563819,8/19/11 11:56,14062.0
563820,8/19/11 11:57,
563821,8/19/11 12:06,14533.0
563822,8/19/11 12:13,16184.0
563830,8/19/11 12:20,16638.0
563831,8/19/11 12:23,18081.0
563832,8/19/11 12:33,16419.0
563833,8/19/11 12:49,14755.0
563834,8/19/11 12:50,14401.0
563835,8/19/11 12:53,13242.0
563836,8/19/11 12:56,15938.0
563837,8/19/11 13:03,15078.0
C563838,8/19/11 13:13,18241.0
563839,8/19/11 13:24,16828.0
563840,8/19/11 13:33,14712.0
563841,8/19/11 13:35,17402.0
563842,8/19/11 13:54,13871.0
563843,8/19/11 14:02,17811.0
563844,8/19/11 14:04,17725.0
563845,8/19/11 14:39,12991.0
563846,8/19/11 14:43,16672.0
563847,8/19/11 14:49,16139.0
563848,8/19/11 14:57,14911.0
563849,8/19/11 15:04,14772.0
563850,8/19/11 15:06,15311.0
563851,8/19/11 15:06,14765.0
563852,8/19/11 15:18,12395.0
563853,8/19/11 15:22,12560.0
563854,8/19/11 15:24,12364.0
563855,8/19/11 15:29,14709.0
C563856,8/19/11 15:39,13090.0
563857,8/19/11 15:44,12968.0
563858,8/19/11 16:04,18170.0
563890,8/19/11 16:34,15862.0
563891,8/19/11 17:02,14500.0
563892,8/19/11 17:08,16330.0
563893,8/19/11 17:10,16330.0
C563894,8/21/11 9:18,16330.0
563895,8/21/11 10:35,18229.0
563896,8/21/11 10:44,17061.0
563897,8/21/11 10:44,12523.0
563898,8/21/11 10:48,12971.0
C563899,8/21/11 10:55,17097.0
563900,8/21/11 11:05,14566.0
563901,8/21/11 11:05,17097.0
563902,8/21/11 11:06,17029.0
563903,8/21/11 11:15,17068.0
563904,8/21/11 11:29,13397.0
563905,8/21/11 11:43,13267.0
563906,8/21/11 11:50,14246.0
563907,8/21/11 11:57,14733.0
563908,8/21/11 12:21,18109.0
563909,8/21/11 12:36,15701.0
563910,8/21/11 12:37,17428.0
563911,8/21/11 12:39,16265.0
563912,8/21/11 12:58,17675.0
563913,8/21/11 13:11,14911.0
563914,8/21/11 13:18,12518.0
563915,8/21/11 13:24,14224.0
563916,8/21/11 13:43,13435.0
563917,8/21/11 13:46,14572.0
C563918,8/21/11 13:47,14572.0
563919,8/21/11 13:48,14735.0
563920,8/21/11 14:00,16407.0
563921,8/21/11 14:00,16407.0
563922,8/21/11 14:10,14529.0
563923,8/21/11 14:19,14460.0
563924,8/21/11 14:32,15984.0
563925,8/21/11 14:42,13610.0
563926,8/21/11 14:42,12553.0
563927,8/21/11 15:01,14013.0
563928,8/21/11 15:17,17059.0
563929,8/21/11 15:35,15031.0
563930,8/21/11 15:43,
563931,8/21/11 15:49,14895.0
563932,8/21/11 15:50,14895.0
563933,8/21/11 15:54,16536.0
563934,8/21/11 16:02,15313.0
563935,8/21/11 16:24,15547.0
563936,8/22/11 9:03,17828.0
563937,8/22/11 9:10,18204.0
563938,8/22/11 9:21,18144.0
563939,8/22/11 9:28,14959.0
563940,8/22/11 9:30,17416.0
563941,8/22/11 9:51,15738.0
563942,8/22/11 9:53,15801.0
563943,8/22/11 10:04,13139.0
563944,8/22/11 10:08,17581.0
563945,8/22/11 10:09,17581.0
563946,8/22/11 10:15,17527.0
563947,8/22/11 10:18,12363.0
C563948,8/22/11 10:30,13089.0
563949,8/22/11 10:38,12747.0
563950,8/22/11 10:39,12471.0
563951,8/22/11 10:42,16839.0
563952,8/22/11 10:44,15572.0
563953,8/22/11 10:47,16201.0
563954,8/22/11 10:59,16652.0
563955,8/22/11 11:00,16652.0
563956,8/22/11 11:03,14282.0
563981,8/22/11 11:13,14948.0
563982,8/22/11 11:17,14397.0
564016,8/22/11 11:44,15712.0
564017,8/22/11 11:44,14057.0
564018,8/22/11 11:51,
564019,8/22/11 11:54,13408.0
564020,8/22/11 11:57,13971.0
564021,8/22/11 11:58,
564022,8/22/11 12:10,13269.0
564023,8/22/11 12:16,17562.0
564034,8/22/11 12:22,12935.0
564037,8/22/11 12:26,14800.0
564038,8/22/11 12:32,16555.0
564039,8/22/11 12:40,12645.0
564040,8/22/11 12:45,14560.0
564041,8/22/11 12:46,14560.0
564042,8/22/11 12:52,15443.0
564043,8/22/11 12:55,14414.0
564044,8/22/11 12:58,16952.0
564045,8/22/11 12:59,16013.0
564046,8/22/11 12:59,16013.0
564047,8/22/11 13:03,16952.0
564048,8/22/11 13:20,16013.0
564049,8/22/11 13:30,17585.0
564050,8/22/11 13:32,17160.0
564051,8/22/11 13:32,14265.0
564052,8/22/11 13:40,15033.0
564053,8/22/11 13:42,14188.0
564054,8/22/11 13:55,17857.0
564055,8/22/11 14:03,13933.0
564056,8/22/11 14:13,14387.0
564057,8/22/11 14:20,15296.0
564058,8/22/11 14:23,17676.0
564059,8/22/11 14:35,15796.0
564060,8/22/11 14:37,17073.0
564061,8/22/11 14:38,14505.0
564062,8/22/11 14:41,17706.0
C564063,8/22/11 15:00,16184.0
564065,8/22/11 15:05,15150.0
564066,8/22/11 15:05,17703.0
564067,8/22/11 15:07,18241.0
564075,8/22/11 15:22,17659.0
564076,8/22/11 15:27,14045.0
564077,8/22/11 15:42,14711.0
564078,8/22/11 15:43,17083.0
564079,8/22/11 15:55,12627.0
C564081,8/22/11 17:10,17949.0
564082,8/23/11 8:51,12627.0
564083,8/23/11 8:54,17469.0
C564084,8/23/11 9:16,14911.0
564085,8/23/11 9:17,14911.0
564086,8/23/11 9:36,
564087,8/23/11 9:38,
564088,8/23/11 9:38,17702.0
564089,8/23/11 9:53,15971.0
564090,8/23/11 9:53,17041.0
564091,8/23/11 9:57,15804.0
564092,8/23/11 10:24,13767.0
564093,8/23/11 10:29,14930.0
C564094,8/23/11 10:30,16550.0
564095,8/23/11 10:31,14930.0
564096,8/23/11 10:36,16133.0
C564104,8/23/11 10:38,12530.0
C564108,8/23/11 10:42,12428.0
564109,8/23/11 10:48,17450.0
C564131,8/23/11 10:55,14407.0
564132,8/23/11 10:56,12901.0
564133,8/23/11 11:01,14364.0
C564134,8/23/11 11:02,12456.0
564135,8/23/11 11:12,16550.0
564136,8/23/11 11:16,14404.0
564137,8/23/11 11:30,15722.0
C564138,8/23/11 11:36,12753.0
564139,8/23/11 11:41,16904.0
564140,8/23/11 11:47,12621.0
564141,8/23/11 11:47,17841.0
C564142,8/23/11 11:49,12477.0
564143,8/23/11 11:51,16814.0
564144,8/23/11 11:53,13939.0
564145,8/23/11 12:18,14329.0
564146,8/23/11 12:18,15838.0
564147,8/23/11 12:21,14004.0
564148,8/23/11 12:22,18147.0
564149,8/23/11 12:26,14543.0
564150,8/23/11 12:30,14936.0
564158,8/23/11 12:37,16712.0
564159,8/23/11 12:43,12593.0
564160,8/23/11 12:47,15569.0
564161,8/23/11 13:13,14523.0
564162,8/23/11 13:27,13481.0
564163,8/23/11 13:28,13481.0
564164,8/23/11 13:30,17940.0
564165,8/23/11 13:35,13593.0
564166,8/23/11 13:40,15089.0
564167,8/23/11 13:50,17735.0
564168,8/23/11 13:51,16794.0
564169,8/23/11 13:55,14646.0
564170,8/23/11 13:59,17696.0
564171,8/23/11 14:00,16133.0
564172,8/23/11 14:19,16033.0
564173,8/23/11 14:23,12567.0
564174,8/23/11 14:25,14191.0
564181,8/23/11 14:53,13862.0
564182,8/23/11 14:55,17242.0
C564183,8/23/11 15:04,
564184,8/23/11 15:11,
564185,8/23/11 15:14,
564186,8/23/11 15:20,15755.0
564187,8/23/11 15:24,15005.0
564188,8/23/11 15:33,13140.0
564189,8/23/11 15:34,14769.0
564190,8/23/11 16:01,16143.0
564191,8/23/11 16:16,17315.0
564192,8/23/11 16:36,17719.0
564195,8/23/11 16:49,14060.0
564196,8/23/11 16:56,17315.0
564197,8/23/11 17:13,13425.0
564198,8/23/11 17:18,14418.0
564199,8/23/11 17:31,13263.0
564200,8/23/11 17:37,18018.0
564201,8/24/11 8:09,12540.0
564202,8/24/11 8:27,16342.0
564203,8/24/11 8:49,18061.0
C564204,8/24/11 8:55,13576.0
564205,8/24/11 9:00,
C564206,8/24/11 9:04,14301.0
C564207,8/24/11 9:06,15270.0
C564208,8/24/11 9:07,15469.0
C564209,8/24/11 9:07,14189.0
C564210,8/24/11 9:10,14194.0
C564211,8/24/11 9:11,17652.0
C564212,8/24/11 9:13,13209.0
C564213,8/24/11 9:15,15301.0
C564214,8/24/11 9:20,16996.0
C564215,8/24/11 9:22,16133.0
564216,8/24/11 9:23,12642.0
C564217,8/24/11 9:24,12994.0
C564218,8/24/11 9:25,16302.0
564219,8/24/11 9:30,16422.0
564220,8/24/11 9:34,
564221,8/24/11 9:36,
564222,8/24/11 9:41,12971.0
564223,8/24/11 9:46,13013.0
564224,8/24/11 9:56,15249.0
564225,8/24/11 10:06,17268.0
564226,8/24/11 10:13,12523.0
564227,8/24/11 10:19,15249.0
564228,8/24/11 10:20,13743.0
564229,8/24/11 10:20,
564230,8/24/11 10:22,
564231,8/24/11 10:22,13468.0
C564232,8/24/11 10:25,13517.0
564246,8/24/11 10:36,13534.0
564248,8/24/11 10:37,13798.0
564256,8/24/11 10:45,14796.0
C564257,8/24/11 10:45,16607.0
564268,8/24/11 10:51,16968.0
564272,8/24/11 10:52,16308.0
C564276,8/24/11 10:53,16841.0
C564279,8/24/11 10:54,17706.0
C564281,8/24/11 10:54,14796.0
C564299,8/24/11 11:00,12853.0
564300,8/24/11 11:31,16723.0
564301,8/24/11 11:54,14299.0
564302,8/24/11 12:00,15932.0
564303,8/24/11 12:04,16042.0
564304,8/24/11 12:11,14527.0
564305,8/24/11 12:20,14875.0
564306,8/24/11 12:23,17865.0
564307,8/24/11 12:32,17865.0
564308,8/24/11 12:36,13901.0
564309,8/24/11 12:39,12471.0
564310,8/24/11 12:51,15769.0
564311,8/24/11 12:52,15769.0
564312,8/24/11 12:52,15769.0
564313,8/24/11 12:54,13728.0
564314,8/24/11 12:58,12695.0
564315,8/24/11 13:07,14730.0
564316,8/24/11 13:11,13985.0
564317,8/24/11 13:12,13890.0
564318,8/24/11 13:15,14035.0
564319,8/24/11 13:18,15059.0
C564320,8/24/11 13:20,16536.0
564321,8/24/11 13:22,15059.0
564322,8/24/11 13:23,13694.0
564323,8/24/11 13:24,13694.0
564324,8/24/11 13:26,13694.0
564325,8/24/11 13:27,13694.0
564326,8/24/11 13:30,17256.0
564327,8/24/11 13:33,16029.0
564328,8/24/11 13:42,12662.0
564329,8/24/11 13:55,12569.0
564330,8/24/11 13:57,13411.0
C564331,8/24/11 13:57,12569.0
564332,8/24/11 14:02,14407.0
564333,8/24/11 14:14,13199.0
564334,8/24/11 14:19,15812.0
564335,8/24/11 14:23,15800.0
564336,8/24/11 14:28,12748.0
564337,8/24/11 14:40,12649.0
564338,8/24/11 14:41,12649.0
564339,8/24/11 14:46,15939.0
C564340,8/24/11 14:50,
564342,8/24/11 14:53,16340.0
C564341,8/24/11 14:53,
564346,8/24/11 14:54,15727.0
564350,8/24/11 14:57,14401.0
564351,8/24/11 14:59,13881.0
564352,8/24/11 15:04,14262.0
564353,8/24/11 15:08,15764.0
564354,8/24/11 15:09,15764.0
564355,8/24/11 15:12,13507.0
564356,8/24/11 15:47,13969.0
564357,8/24/11 15:51,14973.0
564358,8/24/11 16:00,17869.0
564359,8/24/11 16:02,14056.0
564360,8/24/11 16:13,12471.0
564361,8/24/11 16:16,17869.0
C564362,8/24/11 16:20,13148.0
564363,8/24/11 16:23,15434.0
564364,8/24/11 16:24,15434.0
564365,8/24/11 16:46,
564366,8/25/11 8:58,13236.0
564367,8/25/11 9:18,12712.0
C564368,8/25/11 9:29,16493.0
564369,8/25/11 9:39,15189.0
564370,8/25/11 9:53,17134.0
564371,8/25/11 9:53,17705.0
564372,8/25/11 9:55,12714.0
564373,8/25/11 9:56,15290.0
564374,8/25/11 10:00,16589.0
564375,8/25/11 10:16,13078.0
564376,8/25/11 10:25,14196.0
564377,8/25/11 10:26,15263.0
564378,8/25/11 10:26,12417.0
564379,8/25/11 10:32,16779.0
564380,8/25/11 10:39,14314.0
564381,8/25/11 10:43,13000.0
564382,8/25/11 10:45,15129.0
564383,8/25/11 10:49,15251.0
564398,8/25/11 10:55,18241.0
564419,8/25/11 11:09,16093.0
C564424,8/25/11 11:10,12955.0
C564426,8/25/11 11:13,15804.0
C564427,8/25/11 11:18,17841.0
564428,8/25/11 11:27,17844.0
564429,8/25/11 11:31,16638.0
564430,8/25/11 11:36,15955.0
564431,8/25/11 11:36,15955.0
564432,8/25/11 11:40,13517.0
564433,8/25/11 11:46,16503.0
564434,8/25/11 11:59,14687.0
C564435,8/25/11 12:05,17676.0
564436,8/25/11 12:06,17841.0
564437,8/25/11 12:10,13320.0
564438,8/25/11 12:11,16628.0
564439,8/25/11 12:12,12841.0
564440,8/25/11 12:13,13928.0
564471,8/25/11 12:26,12583.0
564473,8/25/11 12:33,16722.0
564474,8/25/11 12:46,14180.0
564475,8/25/11 12:50,12500.0
564476,8/25/11 12:57,12610.0
564477,8/25/11 12:59,13854.0
564479,8/25/11 13:12,12682.0
C564478,8/25/11 13:12,14732.0
564480,8/25/11 13:24,17656.0
564481,8/25/11 13:33,12464.0
564482,8/25/11 13:40,13149.0
564483,8/25/11 13:46,14050.0
564484,8/25/11 13:46,13634.0
564485,8/25/11 13:54,16429.0
C564486,8/25/11 13:57,
C564487,8/25/11 14:07,15838.0
C564488,8/25/11 14:12,16859.0
564489,8/25/11 14:13,15950.0
C564490,8/25/11 14:14,13266.0
C564491,8/25/11 14:15,18204.0
C564492,8/25/11 14:16,
C564493,8/25/11 14:19,13089.0
C564494,8/25/11 14:20,
564495,8/25/11 14:21,17719.0
564496,8/25/11 14:21,13050.0
C564498,8/25/11 14:22,
564503,8/25/11 14:23,13971.0
C564504,8/25/11 14:24,16722.0
C564506,8/25/11 14:26,15315.0
564507,8/25/11 14:34,15513.0
564510,8/25/11 14:42,14194.0
564516,8/25/11 14:45,
564526,8/25/11 14:50,15805.0
564529,8/25/11 14:51,14111.0
564530,8/25/11 14:57,
564531,8/25/11 15:04,12624.0
564532,8/25/11 15:04,14055.0
564533,8/25/11 15:09,
564534,8/25/11 15:09,12748.0
564535,8/25/11 15:10,18075.0
564536,8/25/11 15:12,13159.0
564537,8/25/11 15:18,15550.0
564538,8/25/11 15:21,13408.0
564539,8/25/11 15:22,12715.0
564540,8/25/11 15:34,12748.0
564541,8/25/11 15:35,16309.0
564542,8/25/11 15:47,16458.0
564543,8/25/11 15:49,16818.0
564544,8/25/11 15:50,15663.0
C564545,8/25/11 16:08,14188.0
564551,8/25/11 17:21,17730.0
564552,8/25/11 17:22,16670.0
564553,8/25/11 18:45,18200.0
564554,8/25/11 19:39,17189.0
564555,8/25/11 19:45,12748.0
564556,8/25/11 19:48,12748.0
564557,8/25/11 19:55,17576.0
564558,8/26/11 8:59,12704.0
564559,8/26/11 9:37,15811.0
564560,8/26/11 9:55,16184.0
564561,8/26/11 9:55,13340.0
564562,8/26/11 9:58,15203.0
564563,8/26/11 10:32,13630.0
564564,8/26/11 10:50,13003.0
564565,8/26/11 10:50,14911.0
C564571,8/26/11 11:14,14606.0
564572,8/26/11 11:18,15078.0
564573,8/26/11 11:19,14606.0
564574,8/26/11 11:19,15078.0
564583,8/26/11 11:24,17949.0
C564592,8/26/11 11:27,13408.0
564614,8/26/11 11:35,13994.0
564626,8/26/11 11:40,18167.0
564627,8/26/11 11:47,15132.0
564628,8/26/11 11:47,
564629,8/26/11 11:48,14866.0
564630,8/26/11 11:53,13644.0
564631,8/26/11 11:54,17451.0
564632,8/26/11 11:58,16556.0
564633,8/26/11 12:14,
564634,8/26/11 12:36,14210.0
564635,8/26/11 12:41,15615.0
564636,8/26/11 12:44,17146.0
564637,8/26/11 12:49,16641.0
564638,8/26/11 12:54,13812.0
564639,8/26/11 12:55,18036.0
564640,8/26/11 13:00,14837.0
564641,8/26/11 13:16,13489.0
564642,8/26/11 13:22,13527.0
564643,8/26/11 13:25,15356.0
564644,8/26/11 13:35,
564645,8/26/11 13:38,
564646,8/26/11 13:39,
564647,8/26/11 13:56,17920.0
564648,8/26/11 14:04,15641.0
564649,8/26/11 14:13,15611.0
564650,8/26/11 14:17,14646.0
564651,8/26/11 14:19,14646.0
564652,8/26/11 14:20,14646.0
564653,8/26/11 14:23,14776.0
564654,8/26/11 14:29,14911.0
C564655,8/26/11 14:35,13159.0
564656,8/26/11 14:40,14141.0
564657,8/26/11 14:44,14135.0
564660,8/26/11 14:45,15074.0
564661,8/26/11 14:45,12948.0
564665,8/26/11 14:48,
564666,8/26/11 14:51,12492.0
564667,8/26/11 15:08,
564668,8/26/11 15:25,17183.0
564669,8/26/11 15:38,16872.0
564670,8/26/11 15:44,12683.0
564709,8/28/11 10:15,15569.0
564710,8/28/11 10:21,15625.0
C564711,8/28/11 10:31,16768.0
564712,8/28/11 10:40,15611.0
564713,8/28/11 10:43,16768.0
564714,8/28/11 10:54,15290.0
564715,8/28/11 11:01,14472.0
564716,8/28/11 11:02,14810.0
564717,8/28/11 11:19,15669.0
564718,8/28/11 11:25,13301.0
564719,8/28/11 11:55,15325.0
564720,8/28/11 12:00,15095.0
564721,8/28/11 12:01,15095.0
564722,8/28/11 12:06,16456.0
564723,8/28/11 12:11,16168.0
564724,8/28/11 12:16,15555.0
564725,8/28/11 12:28,18041.0
564726,8/28/11 12:29,18077.0
564727,8/28/11 12:31,16686.0
564728,8/28/11 12:43,13199.0
564729,8/28/11 12:44,13137.0
C564730,8/28/11 12:47,17841.0
564731,8/28/11 12:57,16186.0
564732,8/28/11 13:08,16466.0
564733,8/28/11 13:18,17841.0
564734,8/28/11 13:32,12484.0
564735,8/28/11 13:35,15856.0
564736,8/28/11 13:42,16353.0
564737,8/28/11 14:00,15312.0
564738,8/28/11 14:16,16816.0
564739,8/28/11 14:28,16931.0
564740,8/28/11 14:39,14044.0
564741,8/28/11 14:53,16107.0
564742,8/28/11 15:01,17346.0
564743,8/28/11 15:17,14606.0
564744,8/28/11 15:25,13778.0
564745,8/28/11 15:27,16806.0
564746,8/28/11 15:58,17633.0
564747,8/28/11 16:09,14869.0
C564748,8/30/11 8:00,14911.0
564749,8/30/11 8:15,12708.0
564750,8/30/11 9:36,17690.0
C564751,8/30/11 10:06,17828.0
564752,8/30/11 10:07,16126.0
564753,8/30/11 10:20,13709.0
564754,8/30/11 10:29,
564755,8/30/11 10:31,
564756,8/30/11 10:33,
564757,8/30/11 10:36,
564758,8/30/11 10:39,
C564759,8/30/11 10:40,14911.0
564760,8/30/11 10:47,
564761,8/30/11 10:48,
564762,8/30/11 10:48,
564764,8/30/11 10:49,14096.0
C564763,8/30/11 10:49,14096.0
564785,8/30/11 11:28,
564800,8/30/11 11:32,14108.0
564803,8/30/11 11:32,13870.0
564811,8/30/11 11:37,15769.0
C564812,8/30/11 11:45,14527.0
C564813,8/30/11 11:46,17173.0
564814,8/30/11 11:54,12931.0
564815,8/30/11 12:00,12748.0
564816,8/30/11 12:00,14901.0
564817,8/30/11 12:02,
564818,8/30/11 12:10,
564819,8/30/11 12:11,12814.0
564820,8/30/11 12:16,
564821,8/30/11 12:16,14078.0
564825,8/30/11 12:26,
564835,8/30/11 12:31,
564836,8/30/11 12:32,17402.0
564837,8/30/11 12:40,
564838,8/30/11 12:43,
564839,8/30/11 12:45,13524.0
564840,8/30/11 12:49,
564841,8/30/11 13:42,
564842,8/30/11 13:47,16133.0
564843,8/30/11 14:09,15866.0
564844,8/30/11 14:11,
C564845,8/30/11 14:20,17416.0
564846,8/30/11 15:16,14507.0
564847,8/30/11 15:31,
564848,8/30/11 15:37,16928.0
564849,8/30/11 15:42,17675.0
564850,8/30/11 16:43,17298.0
564851,8/30/11 16:53,13183.0
564852,8/30/11 17:23,14976.0
564853,8/31/11 8:55,12423.0
C564854,8/31/11 8:56,17865.0
564855,8/31/11 9:10,16746.0
564856,8/31/11 9:11,12477.0
564857,8/31/11 9:23,
564858,8/31/11 9:44,12484.0
564859,8/31/11 9:55,14057.0
564860,8/31/11 10:06,17725.0
564861,8/31/11 10:21,17315.0
564862,8/31/11 10:24,12678.0
564863,8/31/11 10:30,15491.0
564866,8/31/11 10:40,14660.0
564868,8/31/11 10:42,16842.0
564871,8/31/11 10:46,17949.0
564872,8/31/11 10:47,16083.0
564895,8/31/11 10:55,15596.0
564896,8/31/11 11:06,13726.0
564897,8/31/11 11:22,12678.0
564898,8/31/11 11:25,14513.0
C564899,8/31/11 11:31,14646.0
C564900,8/31/11 11:34,12948.0
564901,8/31/11 11:40,15690.0
564902,8/31/11 11:50,18198.0
C564903,8/31/11 12:05,16984.0
564904,8/31/11 12:11,15984.0
C564905,8/31/11 12:16,17450.0
564906,8/31/11 12:18,12682.0
C564907,8/31/11 12:24,18225.0
C564908,8/31/11 12:26,17705.0
C564909,8/31/11 12:29,15498.0
564910,8/31/11 12:31,13993.0
C564911,8/31/11 12:32,16133.0
564912,8/31/11 12:33,12490.0
C564913,8/31/11 12:39,12560.0
564914,8/31/11 12:40,
564915,8/31/11 12:41,
564916,8/31/11 12:42,
564917,8/31/11 12:42,
564918,8/31/11 12:42,
564919,8/31/11 12:43,
564920,8/31/11 12:43,
564921,8/31/11 12:43,
564922,8/31/11 12:43,
564923,8/31/11 12:44,
564924,8/31/11 12:44,
564925,8/31/11 12:45,
564926,8/31/11 12:45,
564927,8/31/11 12:45,
564928,8/31/11 12:46,
564929,8/31/11 12:46,
C564940,8/31/11 13:10,12931.0
C564941,8/31/11 13:18,13709.0
C564942,8/31/11 13:19,18097.0
564943,8/31/11 13:23,17706.0
C564944,8/31/11 13:24,13078.0
C564945,8/31/11 13:26,16652.0
C564946,8/31/11 13:27,13534.0
C564947,8/31/11 13:29,17747.0
C564948,8/31/11 13:29,14895.0
564950,8/31/11 13:31,17320.0
C564949,8/31/11 13:31,17706.0
564951,8/31/11 13:35,
C564952,8/31/11 13:36,14188.0
564953,8/31/11 13:37,17588.0
564954,8/31/11 13:39,
C564955,8/31/11 13:39,15786.0
C564956,8/31/11 13:41,16303.0
564957,8/31/11 13:55,15260.0
564958,8/31/11 13:56,13089.0
564959,8/31/11 14:22,17299.0
C564960,8/31/11 14:24,14525.0
564961,8/31/11 14:28,14525.0
564962,8/31/11 14:35,17777.0
564963,8/31/11 14:52,15582.0
C564964,8/31/11 15:00,17315.0
564965,8/31/11 15:07,17677.0
564966,8/31/11 15:08,17677.0
564967,8/31/11 15:13,17659.0
C564971,8/31/11 15:29,13466.0
564972,8/31/11 15:30,12621.0
564974,8/31/11 15:32,
564975,8/31/11 15:35,17097.0
564976,8/31/11 15:49,17315.0
564995,8/31/11 16:09,16780.0
C564996,8/31/11 16:10,17677.0
C564997,8/31/11 16:13,15625.0
C564998,8/31/11 16:14,17581.0
C565001,8/31/11 16:23,17675.0
565014,8/31/11 16:28,16180.0
C565016,8/31/11 16:28,15764.0
C565023,8/31/11 16:30,12901.0
C565025,8/31/11 16:32,13050.0
C565026,8/31/11 16:34,13694.0
565042,8/31/11 17:01,
565043,8/31/11 17:01,
C565044,8/31/11 17:02,12931.0
565045,8/31/11 17:03,
565046,8/31/11 17:04,
565047,8/31/11 17:04,
565048,8/31/11 17:06,
565049,8/31/11 17:09,
C565050,8/31/11 17:10,12381.0
565052,8/31/11 17:11,
565055,8/31/11 17:11,
565056,8/31/11 17:12,16278.0
565057,8/31/11 17:12,
565060,8/31/11 17:15,
565063,8/31/11 17:15,
565067,8/31/11 17:16,15856.0
565069,8/31/11 17:18,
565070,8/31/11 17:18,
565071,8/31/11 17:21,
565072,8/31/11 17:22,
C565075,8/31/11 17:25,13408.0
565076,8/31/11 17:30,
C565077,8/31/11 17:31,17451.0
C565078,8/31/11 17:45,16422.0
565080,9/1/11 8:25,13509.0
565081,9/1/11 9:03,
565082,9/1/11 9:15,13305.0
565083,9/1/11 9:19,16187.0
565084,9/1/11 9:39,17306.0
C565085,9/1/11 9:40,12474.0
565086,9/1/11 9:57,13631.0
565087,9/1/11 10:03,13276.0
565088,9/1/11 10:11,16145.0
C565089,9/1/11 10:27,12645.0
565090,9/1/11 10:28,17572.0
565091,9/1/11 10:28,16011.0
565092,9/1/11 10:36,14092.0
565093,9/1/11 10:38,13408.0
565114,9/1/11 11:15,13588.0
565115,9/1/11 11:22,16880.0
565116,9/1/11 11:30,13089.0
565117,9/1/11 11:33,13089.0
565118,9/1/11 11:33,15039.0
565119,9/1/11 11:38,16722.0
565120,9/1/11 11:41,15206.0
565121,9/1/11 11:43,14239.0
565122,9/1/11 11:48,13069.0
565123,9/1/11 11:56,17949.0
565124,9/1/11 12:09,12436.0
565125,9/1/11 12:16,14217.0
565126,9/1/11 12:17,17653.0
565127,9/1/11 12:28,13147.0
565128,9/1/11 12:34,15189.0
565129,9/1/11 12:41,15719.0
565133,9/1/11 12:46,13458.0
565139,9/1/11 12:50,16422.0
C565140,9/1/11 12:56,17841.0
565141,9/1/11 13:40,17841.0
565142,9/1/11 13:46,17386.0
565143,9/1/11 13:47,17386.0
565144,9/1/11 13:50,16456.0
565145,9/1/11 13:50,12415.0
565146,9/1/11 13:51,12415.0
565147,9/1/11 13:53,16187.0
565149,9/1/11 14:13,14414.0
565150,9/1/11 14:26,14298.0
565151,9/1/11 14:29,16923.0
565152,9/1/11 14:42,17799.0
565153,9/1/11 14:47,18241.0
565154,9/1/11 14:57,13470.0
565155,9/1/11 14:58,16672.0
565156,9/1/11 15:04,13045.0
565157,9/1/11 15:08,16168.0
565158,9/1/11 15:21,17024.0
565181,9/1/11 15:52,17381.0
565186,9/1/11 15:56,17220.0
565192,9/1/11 15:59,17220.0
565197,9/1/11 16:16,13376.0
565198,9/1/11 16:18,16729.0
565199,9/1/11 16:30,18171.0
565200,9/1/11 16:30,17576.0
565201,9/1/11 16:41,14907.0
565202,9/1/11 16:44,14482.0
565204,9/1/11 16:45,15829.0
565205,9/1/11 16:45,14735.0
565206,9/1/11 16:46,12971.0
565207,9/1/11 16:46,16764.0
565208,9/1/11 16:50,18172.0
565209,9/1/11 16:59,15910.0
565210,9/1/11 17:09,17750.0
565211,9/1/11 17:14,16638.0
565212,9/1/11 17:14,12828.0
565213,9/1/11 17:19,14911.0
565214,9/1/11 17:20,14911.0
C565215,9/1/11 17:22,16474.0
565216,9/1/11 17:38,12971.0
565217,9/1/11 17:40,13099.0
565218,9/1/11 17:45,12739.0
565219,9/1/11 18:07,14420.0
565220,9/1/11 18:20,13437.0
565221,9/1/11 18:49,16525.0
565222,9/1/11 18:54,13629.0
565223,9/1/11 19:08,15410.0
565224,9/1/11 19:11,14713.0
565225,9/1/11 19:34,16808.0
565226,9/2/11 8:50,16992.0
C565227,9/2/11 9:06,12708.0
565228,9/2/11 9:09,16333.0
C565229,9/2/11 9:12,17450.0
565230,9/2/11 9:24,16705.0
565231,9/2/11 9:26,
565232,9/2/11 9:30,
565233,9/2/11 9:34,
565234,9/2/11 9:38,
565235,9/2/11 9:43,13418.0
565236,9/2/11 9:45,14276.0
C565237,9/2/11 9:47,14299.0
565238,9/2/11 9:48,16945.0
565239,9/2/11 9:51,12670.0
565240,9/2/11 10:05,17949.0
565241,9/2/11 10:06,17949.0
565242,9/2/11 10:13,14436.0
565243,9/2/11 10:20,16735.0
565244,9/2/11 10:21,16735.0
565245,9/2/11 10:24,16678.0
565246,9/2/11 10:27,12408.0
565247,9/2/11 10:31,15864.0
565248,9/2/11 10:34,15860.0
565249,9/2/11 10:38,18027.0
565250,9/2/11 10:42,13643.0
565251,9/2/11 10:49,12748.0
565261,9/2/11 10:53,12474.0
565275,9/2/11 11:08,
C565284,9/2/11 11:31,12471.0
565285,9/2/11 11:34,16013.0
565286,9/2/11 11:39,
565287,9/2/11 11:42,12483.0
565288,9/2/11 11:43,
565289,9/2/11 11:43,14911.0
C565290,9/2/11 11:46,16092.0
565291,9/2/11 11:53,18102.0
565292,9/2/11 11:54,16102.0
565293,9/2/11 11:59,17857.0
C565294,9/2/11 12:00,12423.0
565295,9/2/11 12:01,12794.0
565296,9/2/11 12:04,
565297,9/2/11 12:06,
565302,9/2/11 12:16,
565303,9/2/11 12:17,
565304,9/2/11 12:18,
C565305,9/2/11 12:18,15311.0
565306,9/2/11 12:20,
565307,9/2/11 12:20,
565308,9/2/11 12:22,
565309,9/2/11 12:25,15311.0
565310,9/2/11 12:26,
565311,9/2/11 12:33,16210.0
565312,9/2/11 12:37,14527.0
C565313,9/2/11 12:41,14527.0
565314,9/2/11 12:43,
565315,9/2/11 12:51,14019.0
565316,9/2/11 12:52,15628.0
565317,9/2/11 13:00,12921.0
565318,9/2/11 13:01,12921.0
565319,9/2/11 13:07,
565320,9/2/11 13:10,16745.0
565321,9/2/11 13:14,12437.0
565322,9/2/11 13:15,12437.0
C565323,9/2/11 13:16,14606.0
565324,9/2/11 13:18,13232.0
565325,9/2/11 13:22,16086.0
565326,9/2/11 13:41,16706.0
565327,9/2/11 13:48,12832.0
565328,9/2/11 13:50,14004.0
565329,9/2/11 13:54,14606.0
565330,9/2/11 13:55,16989.0
565331,9/2/11 13:59,16674.0
565332,9/2/11 14:09,13695.0
565333,9/2/11 14:23,12375.0
565338,9/2/11 14:39,14948.0
565346,9/2/11 14:41,
565350,9/2/11 14:42,14178.0
565366,9/2/11 14:56,17091.0
565367,9/2/11 14:56,17091.0
565368,9/2/11 14:59,
565369,9/2/11 15:02,
565370,9/2/11 15:04,
565371,9/2/11 15:04,
565372,9/2/11 15:05,17090.0
565376,9/2/11 15:10,
565377,9/2/11 15:12,18087.0
565378,9/2/11 15:16,
C565379,9/2/11 15:17,14415.0
565380,9/2/11 15:20,14463.0
565381,9/2/11 15:23,16173.0
565383,9/2/11 15:45,14096.0
565384,9/2/11 15:45,13507.0
C565382,9/2/11 15:45,14096.0
565385,9/2/11 15:46,
565386,9/2/11 15:48,17997.0
565387,9/2/11 15:50,14560.0
565388,9/2/11 15:56,14415.0
565389,9/2/11 16:19,
C565390,9/2/11 16:23,13408.0
565396,9/2/11 16:39,
565397,9/2/11 16:43,14171.0
565398,9/2/11 16:50,15856.0
565399,9/2/11 16:53,12748.0
565400,9/2/11 16:58,
565401,9/2/11 17:38,16686.0
C565402,9/2/11 17:51,16401.0
C565403,9/2/11 17:53,16187.0
565404,9/4/11 10:35,13434.0
565405,9/4/11 10:51,14211.0
565406,9/4/11 10:59,13804.0
565407,9/4/11 11:00,16983.0
565408,9/4/11 11:12,16813.0
565409,9/4/11 11:15,16761.0
565410,9/4/11 11:17,14691.0
565411,9/4/11 11:22,13772.0
565412,9/4/11 11:36,14156.0
565413,9/4/11 11:49,18223.0
565414,9/4/11 11:54,15046.0
565415,9/4/11 12:00,14067.0
565416,9/4/11 12:00,12710.0
565417,9/4/11 12:04,15738.0
565418,9/4/11 12:07,13576.0
565419,9/4/11 12:07,13808.0
565420,9/4/11 12:09,16326.0
565421,9/4/11 12:10,16744.0
C565422,9/4/11 12:15,17774.0
565423,9/4/11 12:23,12569.0
565424,9/4/11 12:24,15215.0
C565425,9/4/11 12:40,15561.0
565426,9/4/11 12:41,12851.0
565427,9/4/11 12:49,17774.0
C565428,9/4/11 12:53,12867.0
565429,9/4/11 12:54,16434.0
565430,9/4/11 13:07,14335.0
565431,9/4/11 13:15,14965.0
565432,9/4/11 13:16,16241.0
565433,9/4/11 13:20,14965.0
565434,9/4/11 13:35,12867.0
565435,9/4/11 13:38,16241.0
565436,9/4/11 13:45,14189.0
565437,9/4/11 13:48,17050.0
565438,9/4/11 13:56,17229.0
565439,9/4/11 13:56,14852.0
565440,9/4/11 14:06,12709.0
565441,9/4/11 14:08,13240.0
565442,9/4/11 14:09,12627.0
565443,9/4/11 14:22,12567.0
565444,9/4/11 14:36,17894.0
565445,9/4/11 14:50,13548.0
565446,9/4/11 15:19,16057.0
565447,9/4/11 15:20,14107.0
565448,9/4/11 15:21,16057.0
565449,9/4/11 15:21,16057.0
565450,9/4/11 15:22,17722.0
565451,9/4/11 15:37,15365.0
565452,9/4/11 15:52,15187.0
565453,9/4/11 16:05,15136.0
565454,9/4/11 16:08,17410.0
565455,9/4/11 16:09,
565456,9/4/11 16:12,16629.0
565457,9/5/11 9:07,14565.0
565458,9/5/11 9:16,16523.0
565459,9/5/11 9:20,16656.0
565460,9/5/11 9:24,16843.0
565461,9/5/11 9:34,18261.0
565462,9/5/11 9:38,16551.0
565463,9/5/11 9:45,13748.0
565464,9/5/11 9:45,13748.0
565465,9/5/11 9:46,15364.0
565466,9/5/11 9:48,12422.0
565467,9/5/11 9:49,14129.0
565468,9/5/11 9:49,14129.0
565469,9/5/11 10:00,17389.0
565470,9/5/11 10:06,12576.0
565471,9/5/11 10:12,13931.0
565472,9/5/11 10:15,16255.0
565473,9/5/11 10:27,16717.0
565474,9/5/11 10:34,14156.0
565475,9/5/11 10:47,14156.0
565476,9/5/11 10:48,14156.0
C565477,9/5/11 10:58,13630.0
565478,9/5/11 11:18,15005.0
565479,9/5/11 11:19,13999.0
565480,9/5/11 11:27,18273.0
565481,9/5/11 11:31,16891.0
565488,9/5/11 11:38,15307.0
565491,9/5/11 11:41,13881.0
565492,9/5/11 11:43,13881.0
565513,9/5/11 11:51,14401.0
565515,9/5/11 11:51,17491.0
565519,9/5/11 11:52,12502.0
565541,9/5/11 12:00,14159.0
565542,9/5/11 12:06,16820.0
565543,9/5/11 12:07,
565544,9/5/11 12:09,
565545,9/5/11 12:09,
565556,9/5/11 12:14,
565563,9/5/11 12:18,14177.0
565565,9/5/11 12:20,14534.0
565569,9/5/11 12:21,14111.0
565577,9/5/11 12:24,14177.0
565579,9/5/11 12:35,18283.0
565580,9/5/11 12:36,13851.0
C565581,9/5/11 12:37,14565.0
C565582,9/5/11 12:38,14156.0
565583,9/5/11 12:41,12816.0
565584,9/5/11 13:10,14243.0
565585,9/5/11 13:22,16172.0
565586,9/5/11 13:22,16172.0
565587,9/5/11 13:38,12727.0
565588,9/5/11 13:50,16918.0
565589,9/5/11 13:52,17450.0
565590,9/5/11 13:53,16029.0
565591,9/5/11 13:54,16029.0
565592,9/5/11 13:54,16029.0
565593,9/5/11 14:07,17612.0
565594,9/5/11 14:11,13510.0
565595,9/5/11 14:13,13192.0
565596,9/5/11 14:27,16444.0
C565597,9/5/11 14:29,12709.0
565598,9/5/11 14:30,14842.0
565610,9/5/11 14:56,14849.0
565611,9/5/11 14:57,14849.0
565612,9/5/11 15:17,12616.0
565613,9/5/11 15:19,13744.0
565614,9/5/11 15:20,17309.0
C565615,9/5/11 15:20,12683.0
565616,9/5/11 15:26,15238.0
565617,9/5/11 15:30,
565618,9/5/11 15:40,15974.0
565631,9/5/11 15:49,14680.0
565643,9/5/11 15:56,13468.0
565644,9/5/11 15:56,15491.0
565648,9/5/11 16:22,18196.0
565649,9/5/11 16:27,16712.0
565664,9/5/11 17:36,13211.0
565665,9/5/11 17:44,15856.0
C565666,9/5/11 17:46,15856.0
565667,9/6/11 8:34,17449.0
565668,9/6/11 9:15,15291.0
565669,9/6/11 9:18,17560.0
565670,9/6/11 9:23,14944.0
C565671,9/6/11 9:30,14796.0
565672,9/6/11 9:34,17700.0
565673,9/6/11 9:45,14441.0
565674,9/6/11 9:49,15271.0
565675,9/6/11 9:51,15513.0
565676,9/6/11 9:53,15513.0
565677,9/6/11 10:04,15521.0
565678,9/6/11 10:04,15521.0
565679,9/6/11 10:12,15199.0
565680,9/6/11 10:27,14560.0
565682,9/6/11 10:42,14796.0
C565681,9/6/11 10:42,15521.0
C565683,9/6/11 10:42,15521.0
565684,9/6/11 10:46,16455.0
565685,9/6/11 10:53,15671.0
565723,9/6/11 11:29,14408.0
565724,9/6/11 11:53,16168.0
565725,9/6/11 11:55,13949.0
565726,9/6/11 11:58,14360.0
565727,9/6/11 11:58,13158.0
565728,9/6/11 12:00,17716.0
565729,9/6/11 12:01,17716.0
565730,9/6/11 12:02,14715.0
565731,9/6/11 12:02,17716.0
565732,9/6/11 12:10,17068.0
565733,9/6/11 12:11,16359.0
565734,9/6/11 12:15,17191.0
565735,9/6/11 12:25,16904.0
565736,9/6/11 12:27,13784.0
565737,9/6/11 12:27,16400.0
565738,9/6/11 12:30,14667.0
565740,9/6/11 12:31,15189.0
565741,9/6/11 12:32,15189.0
565747,9/6/11 12:38,14239.0
565748,9/6/11 12:38,14156.0
565749,9/6/11 12:44,14156.0
565750,9/6/11 12:48,14208.0
565751,9/6/11 12:56,16393.0
C565752,9/6/11 12:58,17841.0
565753,9/6/11 13:11,13538.0
565754,9/6/11 13:11,15462.0
565755,9/6/11 13:19,
565756,9/6/11 13:20,18230.0
565757,9/6/11 13:29,17339.0
565758,9/6/11 13:29,16928.0
565759,9/6/11 13:46,12720.0
565760,9/6/11 13:47,12720.0
C565761,9/6/11 13:59,16278.0
C565762,9/6/11 14:05,14040.0
565763,9/6/11 14:09,14739.0
565764,9/6/11 14:10,
565765,9/6/11 14:19,12526.0
565766,9/6/11 14:23,17841.0
565767,9/6/11 14:28,
565768,9/6/11 14:29,14040.0
565769,9/6/11 14:32,16175.0
565776,9/6/11 14:38,15311.0
565777,9/6/11 14:53,12569.0
565778,9/6/11 15:04,17460.0
565779,9/6/11 15:14,15804.0
565780,9/6/11 15:30,13130.0
565781,9/6/11 15:34,13098.0
565782,9/6/11 15:48,12748.0
565783,9/6/11 15:53,13122.0
565784,9/6/11 16:02,15089.0
565785,9/6/11 16:57,12461.0
565788,9/7/11 8:18,13210.0
C565789,9/7/11 9:07,16735.0
565790,9/7/11 9:15,16767.0
565791,9/7/11 9:33,16029.0
565792,9/7/11 9:37,14397.0
565793,9/7/11 9:40,16029.0
565794,9/7/11 9:45,16029.0
565795,9/7/11 9:57,17481.0
565796,9/7/11 10:07,14916.0
565797,9/7/11 10:15,
565798,9/7/11 10:15,
C565799,9/7/11 10:17,13999.0
565800,9/7/11 10:23,14911.0
565801,9/7/11 10:28,12685.0
565802,9/7/11 10:36,17573.0
565803,9/7/11 10:38,17735.0
C565804,9/7/11 10:50,17491.0
565805,9/7/11 10:51,18229.0
565806,9/7/11 10:51,15594.0
565807,9/7/11 10:55,14334.0
565808,9/7/11 10:56,16843.0
565835,9/7/11 11:32,14452.0
565836,9/7/11 11:41,17511.0
565838,9/7/11 11:43,15071.0
565839,9/7/11 11:46,13186.0
565840,9/7/11 12:02,
565841,9/7/11 12:04,
565842,9/7/11 12:10,13808.0
C565843,9/7/11 12:15,14606.0
565844,9/7/11 12:19,17442.0
565845,9/7/11 12:21,14709.0
565846,9/7/11 12:41,14606.0
565847,9/7/11 12:44,
C565848,9/7/11 12:48,14606.0
565849,9/7/11 12:50,14309.0
565850,9/7/11 12:55,14530.0
565851,9/7/11 13:06,14911.0
565852,9/7/11 13:11,
565853,9/7/11 13:19,13756.0
565854,9/7/11 13:22,12490.0
565855,9/7/11 13:30,15114.0
565856,9/7/11 14:09,17345.0
565857,9/7/11 14:13,14911.0
565858,9/7/11 14:30,17949.0
565859,9/7/11 14:40,16818.0
565860,9/7/11 14:41,12748.0
565861,9/7/11 14:47,17368.0
565862,9/7/11 14:56,15885.0
565863,9/7/11 15:00,17422.0
C565864,9/7/11 15:00,15752.0
565865,9/7/11 15:07,12637.0
565870,9/7/11 15:10,16828.0
565877,9/7/11 15:13,15189.0
565901,9/7/11 15:34,13798.0
565914,9/7/11 15:43,18093.0
565915,9/7/11 15:52,15752.0
565916,9/7/11 16:00,14156.0
565917,9/7/11 16:15,
565918,9/7/11 16:27,13249.0
565919,9/7/11 16:48,
565920,9/8/11 8:56,15298.0
565921,9/8/11 9:13,13889.0
565922,9/8/11 9:51,14116.0
565923,9/8/11 10:00,17567.0
565924,9/8/11 10:01,13026.0
565926,9/8/11 10:02,13305.0
C565925,9/8/11 10:02,12471.0
565927,9/8/11 10:08,
565928,9/8/11 10:09,
565929,9/8/11 10:11,15488.0
565930,9/8/11 10:32,12685.0
565931,9/8/11 10:35,12683.0
565932,9/8/11 10:35,16418.0
565933,9/8/11 10:43,15885.0
565934,9/8/11 10:45,18222.0
565935,9/8/11 10:46,
565936,9/8/11 10:49,15653.0
565937,9/8/11 10:52,13468.0
565938,9/8/11 10:54,
C565962,9/8/11 11:25,14410.0
565967,9/8/11 11:27,14646.0
565971,9/8/11 11:27,13571.0
565975,9/8/11 11:28,14646.0
565990,9/8/11 11:44,13577.0
565993,9/8/11 11:46,13013.0
565994,9/8/11 11:46,13244.0
565995,9/8/11 11:48,16076.0
566001,9/8/11 11:53,13700.0
566005,9/8/11 11:56,16426.0
566006,9/8/11 12:01,13018.0
C566007,9/8/11 12:03,16076.0
566008,9/8/11 12:04,16426.0
566009,9/8/11 12:04,16076.0
566010,9/8/11 12:05,13700.0
C566011,9/8/11 12:11,14688.0
C566012,9/8/11 12:15,17243.0
566013,9/8/11 12:16,17004.0
566014,9/8/11 12:16,14688.0
566015,9/8/11 12:19,16426.0
566016,9/8/11 12:20,15144.0
566017,9/8/11 12:27,13330.0
566018,9/8/11 12:42,13137.0
566019,9/8/11 12:44,17243.0
566020,9/8/11 12:47,13925.0
566021,9/8/11 12:47,15306.0
566022,9/8/11 12:47,13925.0
566023,9/8/11 12:48,12955.0
566024,9/8/11 12:51,13871.0
566025,9/8/11 12:55,17634.0
566026,9/8/11 12:56,15618.0
566027,9/8/11 12:57,15618.0
566028,9/8/11 12:58,13848.0
566033,9/8/11 13:07,16031.0
566035,9/8/11 13:17,12839.0
C566036,9/8/11 13:21,17811.0
566037,9/8/11 13:26,13249.0
566038,9/8/11 13:26,14511.0
566039,9/8/11 13:38,14223.0
566040,9/8/11 13:38,12540.0
566041,9/8/11 13:48,13814.0
566042,9/8/11 13:53,17811.0
566043,9/8/11 13:54,13769.0
566044,9/8/11 13:55,13769.0
566045,9/8/11 13:57,15400.0
566046,9/8/11 14:02,12971.0
566047,9/8/11 14:19,17370.0
566048,9/8/11 14:21,16558.0
566049,9/8/11 14:28,15730.0
566050,9/8/11 14:35,13854.0
566051,9/8/11 14:42,15198.0
566052,9/8/11 14:53,13199.0
566053,9/8/11 14:57,14410.0
566054,9/8/11 15:04,12592.0
566055,9/8/11 15:05,15453.0
566056,9/8/11 15:08,14410.0
566057,9/8/11 15:16,17997.0
566058,9/8/11 15:16,16682.0
566059,9/8/11 15:22,12569.0
566060,9/8/11 15:27,
566061,9/8/11 15:36,13267.0
566062,9/8/11 15:39,14522.0
566063,9/8/11 15:41,16011.0
566064,9/8/11 15:53,
566065,9/8/11 16:14,
566066,9/8/11 16:36,
566067,9/8/11 16:36,
566068,9/8/11 16:37,
C566071,9/8/11 17:56,17997.0
566072,9/8/11 18:33,
566073,9/8/11 19:58,14562.0
566074,9/9/11 8:48,12535.0
566075,9/9/11 9:03,16173.0
566076,9/9/11 9:13,12449.0
566077,9/9/11 9:38,13441.0
C566078,9/9/11 9:38,13137.0
566079,9/9/11 9:52,17593.0
566080,9/9/11 10:05,15187.0
566081,9/9/11 10:09,16293.0
566082,9/9/11 10:09,16293.0
566083,9/9/11 10:10,13145.0
C566084,9/9/11 10:11,12621.0
566085,9/9/11 10:12,17841.0
566086,9/9/11 10:16,14051.0
566087,9/9/11 10:24,13319.0
C566088,9/9/11 10:24,14911.0
566089,9/9/11 10:31,14062.0
C566090,9/9/11 10:32,12477.0
566091,9/9/11 10:37,17870.0
566092,9/9/11 10:42,13823.0
566094,9/9/11 10:42,17965.0
566108,9/9/11 10:47,16027.0
566115,9/9/11 10:51,12674.0
566117,9/9/11 10:54,17965.0
566121,9/9/11 10:56,
566122,9/9/11 10:57,
566123,9/9/11 11:15,15039.0
566124,9/9/11 11:15,16515.0
C566161,9/9/11 11:39,17696.0
566162,9/9/11 11:46,15249.0
566163,9/9/11 11:48,12637.0
566164,9/9/11 11:56,
C566165,9/9/11 11:57,14911.0
C566166,9/9/11 11:59,14194.0
C566167,9/9/11 12:00,17865.0
C566168,9/9/11 12:02,
566169,9/9/11 12:09,14414.0
566170,9/9/11 12:11,12879.0
566171,9/9/11 12:22,18118.0
566172,9/9/11 12:24,17001.0
566173,9/9/11 12:24,12787.0
C566174,9/9/11 12:26,16309.0
566175,9/9/11 12:36,18237.0
C566176,9/9/11 12:37,16133.0
C566177,9/9/11 12:38,14108.0
566178,9/9/11 12:41,16353.0
566179,9/9/11 12:42,
C566180,9/9/11 12:52,16173.0
C566181,9/9/11 12:53,14243.0
C566182,9/9/11 12:55,14210.0
C566183,9/9/11 12:59,14837.0
566184,9/9/11 13:01,16723.0
566186,9/9/11 13:02,16603.0
C566185,9/9/11 13:02,18167.0
C566187,9/9/11 13:03,14096.0
566188,9/9/11 13:14,14312.0
566189,9/9/11 13:19,17800.0
566190,9/9/11 13:20,12748.0
566191,9/9/11 13:26,14388.0
566192,9/9/11 13:34,14915.0
566193,9/9/11 13:37,14961.0
566194,9/9/11 13:42,14711.0
566195,9/9/11 13:44,12433.0
566196,9/9/11 13:47,14180.0
C566197,9/9/11 13:54,18109.0
566198,9/9/11 13:58,18109.0
566199,9/9/11 14:12,14824.0
566200,9/9/11 14:14,16910.0
566201,9/9/11 14:18,15189.0
566202,9/9/11 14:22,15652.0
566203,9/9/11 14:47,16362.0
566204,9/9/11 14:58,14628.0
C566205,9/9/11 14:58,16362.0
566206,9/9/11 15:00,16362.0
566207,9/9/11 15:02,12830.0
566208,9/9/11 15:03,16362.0
C566209,9/9/11 15:04,16362.0
566213,9/9/11 15:09,14895.0
566214,9/9/11 15:10,14895.0
566215,9/9/11 15:11,14895.0
566217,9/9/11 15:17,14096.0
C566216,9/9/11 15:17,14096.0
566218,9/9/11 15:25,13079.0
566219,9/9/11 15:51,17426.0
566220,9/9/11 15:53,15251.0
566221,9/9/11 16:13,
C566222,9/9/11 16:34,13458.0
C566223,9/9/11 16:36,16145.0
566224,9/9/11 17:52,
566225,9/11/11 10:35,16899.0
566226,9/11/11 10:39,15605.0
566227,9/11/11 10:42,14258.0
566228,9/11/11 10:52,13408.0
566229,9/11/11 10:53,13408.0
566230,9/11/11 10:57,15159.0
566231,9/11/11 10:58,14837.0
566232,9/11/11 10:58,15159.0
566233,9/11/11 11:04,12635.0
566234,9/11/11 11:08,15035.0
566235,9/11/11 11:17,15636.0
566236,9/11/11 11:19,16384.0
566237,9/11/11 11:24,13742.0
566238,9/11/11 11:24,17377.0
566239,9/11/11 11:26,14665.0
566240,9/11/11 11:29,14508.0
566241,9/11/11 11:30,15939.0
566242,9/11/11 11:56,15502.0
566243,9/11/11 11:57,15502.0
566244,9/11/11 11:58,15502.0
566245,9/11/11 11:59,13426.0
566246,9/11/11 12:00,13941.0
566247,9/11/11 12:03,16107.0
566248,9/11/11 12:06,13272.0
566249,9/11/11 12:09,13527.0
566250,9/11/11 12:10,15587.0
566251,9/11/11 12:13,12841.0
C566252,9/11/11 12:14,13527.0
566253,9/11/11 12:15,13527.0
566254,9/11/11 12:16,13993.0
566255,9/11/11 12:23,13324.0
566256,9/11/11 12:27,12680.0
566257,9/11/11 12:34,13324.0
566258,9/11/11 12:45,13124.0
566259,9/11/11 12:45,17317.0
566260,9/11/11 12:45,14212.0
566261,9/11/11 12:46,13372.0
566262,9/11/11 12:56,15527.0
C566263,9/11/11 13:01,14606.0
566264,9/11/11 13:07,14606.0
566265,9/11/11 13:16,18255.0
566266,9/11/11 13:22,17299.0
566267,9/11/11 13:32,12647.0
566268,9/11/11 13:38,13813.0
566269,9/11/11 13:39,17864.0
566270,9/11/11 13:40,16523.0
566271,9/11/11 13:44,14250.0
566272,9/11/11 13:51,14487.0
566273,9/11/11 13:56,14720.0
566274,9/11/11 13:58,13884.0
566275,9/11/11 13:58,16549.0
566276,9/11/11 14:00,13450.0
566277,9/11/11 14:01,16796.0
566278,9/11/11 14:05,13614.0
566279,9/11/11 14:09,14432.0
C566280,9/11/11 14:12,12748.0
566281,9/11/11 14:15,12748.0
566282,9/11/11 14:29,15782.0
566283,9/11/11 14:34,17838.0
566284,9/11/11 14:49,14825.0
566285,9/11/11 14:51,13611.0
566286,9/11/11 14:58,14057.0
566287,9/11/11 15:11,17218.0
566288,9/11/11 15:18,12883.0
566289,9/11/11 15:20,15601.0
566290,9/11/11 15:24,14456.0
566291,9/11/11 15:31,12965.0
566292,9/11/11 15:35,13381.0
566293,9/11/11 15:35,14533.0
566294,9/11/11 15:41,15533.0
566295,9/11/11 15:44,15547.0
566296,9/11/11 15:47,17841.0
566297,9/11/11 15:50,16794.0
566298,9/11/11 15:52,14030.0
566299,9/11/11 15:59,16871.0
566300,9/11/11 16:05,18215.0
566301,9/11/11 16:06,16474.0
566302,9/11/11 16:09,16474.0
566303,9/12/11 8:24,12997.0
566304,9/12/11 9:03,18158.0
566305,9/12/11 9:26,14110.0
566306,9/12/11 9:36,13265.0
566307,9/12/11 9:37,14307.0
566308,9/12/11 9:38,15865.0
566309,9/12/11 9:38,14307.0
566310,9/12/11 9:39,15980.0
566311,9/12/11 9:41,15980.0
566312,9/12/11 9:43,16150.0
C566313,9/12/11 9:43,13577.0
566314,9/12/11 9:57,15358.0
566315,9/12/11 10:01,15392.0
566316,9/12/11 10:07,
566317,9/12/11 10:19,13375.0
566318,9/12/11 10:47,15971.0
566319,9/12/11 11:25,13431.0
566320,9/12/11 11:41,13983.0
566321,9/12/11 11:44,17961.0
566322,9/12/11 11:58,16209.0
566323,9/12/11 12:02,
566324,9/12/11 12:03,
566325,9/12/11 12:03,
566326,9/12/11 12:11,16211.0
566327,9/12/11 12:13,
566328,9/12/11 12:19,13743.0
566329,9/12/11 12:20,14527.0
566334,9/12/11 12:24,13798.0
566345,9/12/11 12:27,17685.0
566361,9/12/11 12:32,15253.0
566364,9/12/11 12:32,15253.0
C566384,9/12/11 12:41,17811.0
566393,9/12/11 12:45,13269.0
566394,9/12/11 12:45,13650.0
566395,9/12/11 12:48,14952.0
566396,9/12/11 12:51,14292.0
566397,9/12/11 12:54,17811.0
566398,9/12/11 13:10,12884.0
566399,9/12/11 13:11,16141.0
566400,9/12/11 13:16,17139.0
566402,9/12/11 13:34,14997.0
566403,9/12/11 13:38,16985.0
566405,9/12/11 13:41,17919.0
566408,9/12/11 13:43,16984.0
566420,9/12/11 13:50,16360.0
566421,9/12/11 13:55,12924.0
566422,9/12/11 13:56,13064.0
C566423,9/12/11 14:00,16984.0
566424,9/12/11 14:15,13309.0
566425,9/12/11 14:22,16458.0
566426,9/12/11 14:23,17865.0
566427,9/12/11 14:24,17433.0
566428,9/12/11 14:24,15932.0
566429,9/12/11 14:24,17865.0
566430,9/12/11 14:37,16475.0
566431,9/12/11 14:39,18180.0
566432,9/12/11 14:40,13704.0
566433,9/12/11 14:54,16839.0
566434,9/12/11 15:01,17090.0
566435,9/12/11 15:04,13854.0
566438,9/12/11 15:14,15996.0
566439,9/12/11 15:14,17656.0
566440,9/12/11 15:19,15755.0
566441,9/12/11 15:23,17719.0
566442,9/12/11 15:29,14732.0
566443,9/12/11 15:31,17071.0
566444,9/12/11 15:32,14020.0
C566445,9/12/11 15:35,14286.0
566446,9/12/11 15:40,
566447,9/12/11 15:43,12989.0
566448,9/12/11 16:06,14897.0
566449,9/12/11 16:07,
566450,9/12/11 16:12,15673.0
566451,9/12/11 16:14,18069.0
566452,9/12/11 16:14,14901.0
566453,9/12/11 16:23,17811.0
566455,9/12/11 16:45,14500.0
C566457,9/12/11 17:02,17696.0
C566458,9/12/11 17:11,16191.0
C566459,9/12/11 17:17,13236.0
C566460,9/12/11 17:19,18223.0
C566461,9/12/11 17:21,16713.0
C566462,9/12/11 17:49,14276.0
C566463,9/12/11 17:50,17449.0
C566464,9/12/11 17:54,15764.0
566465,9/12/11 17:58,15764.0
C566466,9/12/11 18:00,13850.0
C566467,9/12/11 18:04,14688.0
C566468,9/12/11 18:14,13319.0
C566469,9/12/11 18:15,13709.0
C566470,9/12/11 18:16,13136.0
C566471,9/12/11 18:18,16670.0
C566472,9/12/11 18:19,16187.0
C566473,9/12/11 18:25,16705.0
C566474,9/12/11 18:26,15136.0
C566475,9/12/11 18:26,14527.0
566476,9/13/11 9:01,
566477,9/13/11 9:03,14359.0
566478,9/13/11 9:03,
566479,9/13/11 9:07,13831.0
566480,9/13/11 9:17,16451.0
566481,9/13/11 9:33,15769.0
566482,9/13/11 9:43,16609.0
566483,9/13/11 9:47,13880.0
566484,9/13/11 9:48,13880.0
566485,9/13/11 9:49,13880.0
566486,9/13/11 9:59,16098.0
566487,9/13/11 10:03,16422.0
566488,9/13/11 10:16,12940.0
566489,9/13/11 10:17,16814.0
C566490,9/13/11 10:20,16656.0
566491,9/13/11 10:25,14060.0
566492,9/13/11 10:34,12679.0
566493,9/13/11 10:52,
566494,9/13/11 11:12,17404.0
566495,9/13/11 11:14,15529.0
566518,9/13/11 11:24,17779.0
566520,9/13/11 11:26,17757.0
566534,9/13/11 11:32,
566537,9/13/11 11:34,13767.0
566539,9/13/11 11:34,17228.0
566554,9/13/11 11:39,13136.0
566555,9/13/11 11:41,15216.0
566556,9/13/11 11:47,16353.0
566557,9/13/11 11:47,14646.0
566558,9/13/11 11:51,15311.0
566559,9/13/11 11:52,18044.0
566560,9/13/11 12:09,17092.0
566561,9/13/11 12:13,18145.0
566562,9/13/11 12:18,17365.0
566563,9/13/11 12:22,12909.0
566564,9/13/11 12:26,15522.0
566566,9/13/11 12:32,14096.0
C566565,9/13/11 12:32,14096.0
566567,9/13/11 12:37,16161.0
566571,9/13/11 12:49,17037.0
566572,9/13/11 12:52,13488.0
566573,9/13/11 13:10,
566574,9/13/11 13:14,
566575,9/13/11 13:15,17133.0
566576,9/13/11 13:21,13098.0
566577,9/13/11 13:29,
C566578,9/13/11 13:33,
C566579,9/13/11 13:34,
566580,9/13/11 13:46,12822.0
566581,9/13/11 13:47,16081.0
566582,9/13/11 13:49,13384.0
566583,9/13/11 13:55,15343.0
C566584,9/13/11 13:59,17779.0
566585,9/13/11 14:06,16409.0
566586,9/13/11 14:23,12619.0
566587,9/13/11 14:30,14132.0
566588,9/13/11 14:42,17562.0
566589,9/13/11 14:50,14753.0
566590,9/13/11 14:51,14032.0
566591,9/13/11 14:53,16036.0
566592,9/13/11 14:53,15201.0
566593,9/13/11 14:59,
566594,9/13/11 15:03,16959.0
566595,9/13/11 15:03,18251.0
566596,9/13/11 15:18,14163.0
566597,9/13/11 15:23,14194.0
566598,9/13/11 15:35,12664.0
566599,9/13/11 15:37,15998.0
566600,9/13/11 15:41,13704.0
566601,9/13/11 15:57,16469.0
566602,9/13/11 16:05,
566603,9/13/11 16:12,
566604,9/13/11 16:26,16279.0
566605,9/13/11 16:27,13263.0
566606,9/13/11 16:33,15194.0
566607,9/13/11 16:40,13032.0
566610,9/13/11 16:56,17961.0
C566611,9/13/11 17:14,15513.0
566612,9/13/11 17:16,16229.0
C566613,9/13/11 17:17,16029.0
C566614,9/13/11 17:28,16029.0
566615,9/13/11 17:30,
566616,9/14/11 8:35,12895.0
566617,9/14/11 9:11,18092.0
566618,9/14/11 9:13,17640.0
566619,9/14/11 9:16,13798.0
566620,9/14/11 9:21,13588.0
566621,9/14/11 9:22,15845.0
566622,9/14/11 9:27,13860.0
566623,9/14/11 9:31,12756.0
566624,9/14/11 9:36,17315.0
566625,9/14/11 9:38,14911.0
C566626,9/14/11 10:07,15380.0
566627,9/14/11 10:28,18229.0
566628,9/14/11 10:32,12971.0
566629,9/14/11 10:32,15622.0
566630,9/14/11 10:33,12971.0
566631,9/14/11 10:34,15622.0
566632,9/14/11 10:35,15622.0
566633,9/14/11 10:40,17193.0
566634,9/14/11 10:42,13183.0
566635,9/14/11 10:54,
566647,9/14/11 11:21,18001.0
566648,9/14/11 11:25,14198.0
566649,9/14/11 11:26,18173.0
566667,9/14/11 11:34,14660.0
566668,9/14/11 11:35,18065.0
566669,9/14/11 11:36,18065.0
566670,9/14/11 11:36,18065.0
566673,9/14/11 11:39,17728.0
C566671,9/14/11 11:39,17841.0
C566672,9/14/11 11:39,13145.0
566674,9/14/11 11:41,15105.0
566675,9/14/11 11:42,15105.0
566694,9/14/11 11:50,16401.0
566705,9/14/11 11:53,13552.0
566707,9/14/11 11:54,13552.0
566708,9/14/11 11:55,13078.0
566709,9/14/11 11:58,16745.0
566710,9/14/11 12:03,
566711,9/14/11 12:03,
566712,9/14/11 12:04,
566713,9/14/11 12:05,15933.0
566717,9/14/11 12:14,17841.0
566718,9/14/11 12:25,15854.0
566719,9/14/11 12:29,15081.0
566720,9/14/11 12:42,13634.0
566721,9/14/11 12:50,12921.0
566722,9/14/11 12:51,13408.0
566723,9/14/11 13:02,15804.0
566724,9/14/11 13:04,14284.0
C566725,9/14/11 13:08,14606.0
566726,9/14/11 13:12,15021.0
566727,9/14/11 13:12,17347.0
566728,9/14/11 13:15,15841.0
566729,9/14/11 13:23,14562.0
566730,9/14/11 13:31,14606.0
566731,9/14/11 13:37,17883.0
566732,9/14/11 13:42,17716.0
566733,9/14/11 13:54,15103.0
566734,9/14/11 14:09,16910.0
566735,9/14/11 14:19,15707.0
566736,9/14/11 14:19,12726.0
566737,9/14/11 14:26,13430.0
566738,9/14/11 14:28,14110.0
566739,9/14/11 14:30,12566.0
566740,9/14/11 14:34,17033.0
C566741,9/14/11 14:55,15618.0
C566742,9/14/11 14:56,17422.0
C566743,9/14/11 14:58,14299.0
566744,9/14/11 15:11,14177.0
C566745,9/14/11 15:15,16150.0
566746,9/14/11 15:18,13321.0
566747,9/14/11 15:33,16928.0
C566748,9/14/11 15:37,12822.0
C566749,9/14/11 15:38,13999.0
566750,9/14/11 15:41,15380.0
C566751,9/14/11 15:42,14911.0
C566752,9/14/11 15:46,14397.0
C566753,9/14/11 15:48,14911.0
566755,9/14/11 15:49,13877.0
C566754,9/14/11 15:49,18158.0
566756,9/14/11 15:54,12457.0
566757,9/14/11 15:54,
C566758,9/14/11 16:05,14292.0
566759,9/14/11 16:29,16210.0
566760,9/14/11 16:36,15272.0
566761,9/14/11 16:51,
566762,9/14/11 17:35,
566763,9/14/11 17:48,
566764,9/14/11 17:49,
566765,9/14/11 17:50,
566766,9/14/11 17:51,
566767,9/14/11 17:52,
566768,9/14/11 17:53,
566769,9/15/11 8:27,18211.0
566770,9/15/11 8:55,15304.0
566771,9/15/11 9:34,15322.0
566772,9/15/11 9:41,13107.0
566773,9/15/11 9:43,12444.0
566774,9/15/11 9:44,12921.0
C566775,9/15/11 9:51,14060.0
566776,9/15/11 9:53,14911.0
C566777,9/15/11 9:55,14911.0
566778,9/15/11 10:02,17961.0
C566779,9/15/11 10:03,13931.0
C566780,9/15/11 10:08,12997.0
566781,9/15/11 10:11,17333.0
C566782,9/15/11 10:12,16048.0
566783,9/15/11 10:18,13539.0
C566784,9/15/11 10:27,14915.0
C566785,9/15/11 10:28,17071.0
566786,9/15/11 10:29,13518.0
566787,9/15/11 10:31,
566788,9/15/11 10:31,14306.0
566789,9/15/11 10:35,13134.0
566790,9/15/11 10:35,17679.0
566816,9/15/11 10:53,12731.0
566817,9/15/11 10:53,16160.0
566818,9/15/11 11:20,13104.0
566819,9/15/11 11:25,17214.0
C566820,9/15/11 11:30,17214.0
566821,9/15/11 11:33,14227.0
566822,9/15/11 11:33,17677.0
566823,9/15/11 11:33,14227.0
566829,9/15/11 11:46,14608.0
566833,9/15/11 11:47,17865.0
566846,9/15/11 11:54,14911.0
566847,9/15/11 11:57,15005.0
566848,9/15/11 12:02,18172.0
566849,9/15/11 12:03,16341.0
566850,9/15/11 12:04,13662.0
566851,9/15/11 12:16,15573.0
566860,9/15/11 12:40,17002.0
566861,9/15/11 12:43,12748.0
566862,9/15/11 12:46,13018.0
566863,9/15/11 12:47,13018.0
566864,9/15/11 12:51,17786.0
566865,9/15/11 12:53,14735.0
566866,9/15/11 12:55,13694.0
566867,9/15/11 12:56,13694.0
566868,9/15/11 13:13,14595.0
566869,9/15/11 13:20,13658.0
566870,9/15/11 13:21,13658.0
566871,9/15/11 13:27,17047.0
566872,9/15/11 13:28,16729.0
566873,9/15/11 13:31,12682.0
566874,9/15/11 13:32,
566875,9/15/11 13:43,17669.0
C566889,9/15/11 13:50,
566891,9/15/11 13:51,14894.0
C566899,9/15/11 13:53,
566901,9/15/11 13:54,17434.0
566904,9/15/11 13:57,15660.0
566912,9/15/11 14:05,14367.0
566913,9/15/11 14:07,17602.0
566914,9/15/11 14:08,15466.0
566915,9/15/11 14:22,16945.0
566916,9/15/11 14:25,12457.0
566917,9/15/11 14:37,18259.0
566918,9/15/11 14:50,12722.0
566921,9/15/11 14:56,17898.0
566922,9/15/11 14:58,16156.0
566923,9/15/11 15:05,15511.0
566924,9/15/11 15:17,
C566925,9/15/11 15:18,12748.0
566926,9/15/11 15:20,17402.0
566927,9/15/11 15:20,17846.0
566928,9/15/11 15:21,16189.0
566929,9/15/11 15:21,17428.0
566930,9/15/11 15:26,15417.0
566931,9/15/11 15:27,18102.0
566932,9/15/11 15:29,17576.0
566933,9/15/11 15:30,18102.0
566934,9/15/11 15:34,18102.0
566935,9/15/11 15:35,18102.0
566936,9/15/11 15:35,18102.0
566937,9/15/11 15:44,12995.0
566938,9/15/11 15:48,14557.0
C566939,9/15/11 16:11,14111.0
C566940,9/15/11 16:13,14105.0
C566941,9/15/11 16:14,13136.0
C566942,9/15/11 16:16,17139.0
C566943,9/15/11 16:17,16293.0
C566944,9/15/11 16:22,15449.0
C566945,9/15/11 16:26,13319.0
C566946,9/15/11 16:27,15122.0
C566947,9/15/11 16:28,13871.0
C566948,9/15/11 16:30,13468.0
566949,9/15/11 16:32,
566950,9/15/11 16:34,17594.0
566951,9/15/11 16:36,17293.0
566952,9/15/11 16:37,
C566953,9/15/11 16:37,15804.0
566954,9/15/11 16:39,15804.0
C566955,9/15/11 16:42,13026.0
C566956,9/15/11 16:45,14019.0
C566957,9/15/11 16:45,18172.0
C566958,9/15/11 16:57,14420.0
566959,9/15/11 17:00,17530.0
C566960,9/15/11 17:02,12616.0
C566961,9/15/11 17:04,13319.0
566962,9/15/11 17:07,16764.0
566964,9/15/11 17:09,17573.0
C566963,9/15/11 17:09,17573.0
C566965,9/15/11 17:37,12919.0
C566966,9/15/11 18:02,16362.0
566967,9/15/11 18:05,16746.0
566968,9/15/11 18:49,16350.0
566969,9/15/11 19:36,15205.0
C566970,9/16/11 8:51,13993.0
566971,9/16/11 9:03,12963.0
566972,9/16/11 9:13,16573.0
566973,9/16/11 9:21,15152.0
566974,9/16/11 9:24,13599.0
566975,9/16/11 9:24,13599.0
566976,9/16/11 9:27,15382.0
566977,9/16/11 9:47,
C566978,9/16/11 9:52,14177.0
566979,9/16/11 9:54,13141.0
566980,9/16/11 9:56,15498.0
566981,9/16/11 10:02,15498.0
566982,9/16/11 10:15,
566983,9/16/11 10:16,
566984,9/16/11 10:39,12471.0
566985,9/16/11 10:42,
C566986,9/16/11 10:47,12476.0
566987,9/16/11 10:56,12476.0
566988,9/16/11 10:56,16709.0
C566999,9/16/11 11:14,14842.0
567024,9/16/11 11:23,
567043,9/16/11 11:27,13268.0
567056,9/16/11 11:39,
567057,9/16/11 11:39,
567058,9/16/11 11:40,
567059,9/16/11 11:41,
567060,9/16/11 11:41,
567061,9/16/11 11:42,
567062,9/16/11 11:48,16108.0
567063,9/16/11 11:50,
567064,9/16/11 11:51,
C567065,9/16/11 11:51,16108.0
567066,9/16/11 12:17,13418.0
567074,9/16/11 12:22,17068.0
567076,9/16/11 12:27,15505.0
567077,9/16/11 12:34,18122.0
567085,9/16/11 12:38,12434.0
C567091,9/16/11 12:45,12513.0
567092,9/16/11 12:48,13196.0
567093,9/16/11 12:50,17144.0
567094,9/16/11 12:54,16924.0
567095,9/16/11 13:03,17049.0
567096,9/16/11 13:13,15099.0
567097,9/16/11 13:23,13323.0
567099,9/16/11 13:31,15311.0
567102,9/16/11 13:32,14124.0
567104,9/16/11 13:33,15975.0
567111,9/16/11 13:37,17663.0
567113,9/16/11 13:39,
567124,9/16/11 13:45,15240.0
567125,9/16/11 13:49,
567126,9/16/11 13:53,17238.0
567127,9/16/11 14:01,
567128,9/16/11 14:04,18055.0
567129,9/16/11 14:05,
C567130,9/16/11 14:11,
567131,9/16/11 14:13,
567132,9/16/11 14:14,
567133,9/16/11 14:17,
567134,9/16/11 14:20,12600.0
567135,9/16/11 14:23,
C567136,9/16/11 14:27,
567137,9/16/11 14:39,
567138,9/16/11 14:39,17652.0
567139,9/16/11 14:45,13563.0
567140,9/16/11 14:47,15410.0
567141,9/16/11 14:53,17370.0
567142,9/16/11 14:55,14262.0
567143,9/16/11 15:02,
567144,9/16/11 15:07,12871.0
567145,9/16/11 15:09,12921.0
567146,9/16/11 15:09,
C567147,9/16/11 15:14,12709.0
567148,9/16/11 15:23,18225.0
567149,9/16/11 15:29,
567150,9/16/11 15:29,
567151,9/16/11 15:51,
567152,9/16/11 15:58,
567153,9/16/11 16:25,14056.0
567154,9/16/11 16:29,15523.0
C567155,9/16/11 16:52,17728.0
567156,9/16/11 17:05,14462.0
567157,9/16/11 17:33,12748.0
567158,9/16/11 17:39,16878.0
567159,9/18/11 10:19,15465.0
567160,9/18/11 10:35,14562.0
567161,9/18/11 10:46,15947.0
567162,9/18/11 11:13,16525.0
567163,9/18/11 11:31,13247.0
567164,9/18/11 11:51,14487.0
567165,9/18/11 11:58,17841.0
567166,9/18/11 12:15,13078.0
567167,9/18/11 12:21,15547.0
567168,9/18/11 12:24,14878.0
567169,9/18/11 12:40,14487.0
567170,9/18/11 12:40,13566.0
567171,9/18/11 12:42,17677.0
567172,9/18/11 13:29,18194.0
567173,9/18/11 13:29,16689.0
567174,9/18/11 13:31,16438.0
567175,9/18/11 13:38,13067.0
567176,9/18/11 13:40,15533.0
C567177,9/18/11 13:42,15533.0
567178,9/18/11 14:08,17858.0
567179,9/18/11 14:27,15547.0
567180,9/18/11 14:56,17802.0
567181,9/18/11 15:15,17750.0
567182,9/18/11 15:21,13334.0
567183,9/18/11 15:32,14769.0
567183,9/18/11 15:33,14769.0
567184,9/18/11 15:41,16033.0
567185,9/18/11 15:55,16370.0
567186,9/18/11 16:04,17073.0
C567187,9/19/11 8:40,12705.0
567188,9/19/11 9:04,12457.0
567189,9/19/11 9:10,17069.0
567190,9/19/11 9:14,18226.0
567191,9/19/11 9:15,12562.0
567192,9/19/11 9:20,17961.0
567193,9/19/11 9:27,18094.0
567194,9/19/11 9:28,18094.0
567195,9/19/11 9:30,17451.0
567196,9/19/11 10:09,12379.0
567197,9/19/11 10:10,14934.0
C567198,9/19/11 10:11,14159.0
567199,9/19/11 10:13,17058.0
567200,9/19/11 10:15,16460.0
567201,9/19/11 10:28,
567202,9/19/11 10:36,13325.0
567203,9/19/11 10:42,16080.0
567204,9/19/11 10:43,15365.0
567205,9/19/11 10:44,15365.0
567206,9/19/11 10:51,13562.0
567207,9/19/11 11:01,
567208,9/19/11 11:01,
567211,9/19/11 11:02,14159.0
567213,9/19/11 11:04,14684.0
567236,9/19/11 11:33,14735.0
567239,9/19/11 11:33,14735.0
567252,9/19/11 11:37,13695.0
567280,9/19/11 11:46,14646.0
567287,9/19/11 11:49,18232.0
567288,9/19/11 11:49,16906.0
C567289,9/19/11 11:50,17612.0
567290,9/19/11 11:54,14646.0
567291,9/19/11 11:55,12527.0
567292,9/19/11 11:59,14606.0
567293,9/19/11 12:01,12640.0
567294,9/19/11 12:06,13774.0
567295,9/19/11 12:16,17490.0
567296,9/19/11 12:19,12682.0
567297,9/19/11 12:27,15594.0
567298,9/19/11 12:29,12497.0
567299,9/19/11 12:29,13524.0
567300,9/19/11 12:36,12724.0
567301,9/19/11 12:48,
567302,9/19/11 13:02,15058.0
567303,9/19/11 13:20,17613.0
567304,9/19/11 13:27,14704.0
567305,9/19/11 13:28,12621.0
567306,9/19/11 13:32,12752.0
567307,9/19/11 13:35,15078.0
567308,9/19/11 13:35,16422.0
567309,9/19/11 13:39,12901.0
567310,9/19/11 13:45,15504.0
567311,9/19/11 13:45,13777.0
567312,9/19/11 13:47,15500.0
567313,9/19/11 13:48,15675.0
567323,9/19/11 14:23,17557.0
567324,9/19/11 14:27,12879.0
567325,9/19/11 14:28,13228.0
567326,9/19/11 14:38,14290.0
567327,9/19/11 14:43,13102.0
567328,9/19/11 14:43,14356.0
567329,9/19/11 14:43,13416.0
C567330,9/19/11 14:46,13552.0
C567331,9/19/11 14:50,16609.0
C567332,9/19/11 14:52,13767.0
567333,9/19/11 14:55,14282.0
567334,9/19/11 14:55,14911.0
567335,9/19/11 14:55,
567336,9/19/11 14:56,12621.0
567337,9/19/11 14:56,
567338,9/19/11 15:00,14146.0
567339,9/19/11 15:01,14146.0
567340,9/19/11 15:02,12540.0
567341,9/19/11 15:04,14961.0
567342,9/19/11 15:04,16235.0
567343,9/19/11 15:21,17628.0
567344,9/19/11 15:49,13704.0
567346,9/19/11 15:53,13767.0
C567345,9/19/11 15:53,14911.0
C567347,9/19/11 15:54,15465.0
C567348,9/19/11 15:57,15755.0
C567349,9/19/11 16:01,13375.0
C567350,9/19/11 16:02,17677.0
C567351,9/19/11 16:05,15251.0
C567352,9/19/11 16:13,
567353,9/19/11 16:14,
567354,9/19/11 16:15,18017.0
C567355,9/19/11 16:16,15764.0
567356,9/19/11 16:21,16527.0
C567357,9/19/11 16:23,16211.0
C567358,9/19/11 16:31,16428.0
C567359,9/19/11 16:33,15201.0
C567360,9/19/11 16:37,13860.0
C567361,9/19/11 16:47,13599.0
567362,9/19/11 16:49,17848.0
567363,9/19/11 16:58,
567364,9/19/11 16:58,
567366,9/19/11 16:59,
C567365,9/19/11 16:59,15443.0
567367,9/19/11 17:15,
567368,9/20/11 8:23,17147.0
567369,9/20/11 9:06,17527.0
567370,9/20/11 9:13,14236.0
567371,9/20/11 9:24,
567372,9/20/11 9:24,14191.0
567373,9/20/11 9:31,16700.0
567374,9/20/11 9:40,15341.0
567375,9/20/11 9:45,14766.0
567376,9/20/11 9:54,13767.0
567377,9/20/11 9:55,17450.0
567378,9/20/11 10:01,14911.0
567379,9/20/11 10:02,13089.0
567380,9/20/11 10:06,12620.0
567381,9/20/11 10:12,17450.0
567382,9/20/11 10:18,16215.0
567383,9/20/11 10:21,18180.0
567384,9/20/11 10:23,17450.0
567385,9/20/11 10:27,14866.0
567386,9/20/11 10:38,17863.0
567387,9/20/11 10:38,17450.0
567408,9/20/11 10:47,14201.0
567423,9/20/11 11:05,17450.0
567424,9/20/11 11:16,16369.0
567425,9/20/11 11:32,13767.0
567426,9/20/11 11:33,13767.0
567427,9/20/11 11:34,
567428,9/20/11 11:35,14911.0
567429,9/20/11 11:39,17686.0
C567440,9/20/11 11:58,17841.0
567453,9/20/11 12:05,17450.0
567454,9/20/11 12:12,15839.0
567455,9/20/11 12:14,16029.0
567456,9/20/11 12:16,16029.0
567457,9/20/11 12:18,14164.0
567458,9/20/11 12:21,17450.0
567459,9/20/11 12:21,14221.0
567460,9/20/11 12:30,15888.0
567461,9/20/11 12:31,
567462,9/20/11 12:35,14446.0
567470,9/20/11 12:39,16624.0
567472,9/20/11 12:47,15039.0
567473,9/20/11 12:50,17841.0
567474,9/20/11 12:53,13448.0
567475,9/20/11 13:11,16360.0
567476,9/20/11 13:19,14859.0
567477,9/20/11 13:20,16327.0
567478,9/20/11 13:21,12584.0
C567479,9/20/11 13:37,
567480,9/20/11 13:38,17450.0
567481,9/20/11 13:41,16777.0
567482,9/20/11 13:42,16464.0
567483,9/20/11 13:45,16584.0
567484,9/20/11 13:52,17340.0
567485,9/20/11 13:52,15026.0
567486,9/20/11 13:53,17340.0
567487,9/20/11 13:53,17340.0
567488,9/20/11 14:00,17564.0
567489,9/20/11 14:08,18135.0
567504,9/20/11 14:33,13356.0
567505,9/20/11 14:34,12352.0
567506,9/20/11 14:37,13038.0
567507,9/20/11 14:46,
567508,9/20/11 14:50,17724.0
567509,9/20/11 14:51,14298.0
567510,9/20/11 14:52,14298.0
567511,9/20/11 14:57,13094.0
567512,9/20/11 15:03,12720.0
567513,9/20/11 15:05,14401.0
567514,9/20/11 15:10,16928.0
567515,9/20/11 15:29,16839.0
567516,9/20/11 15:31,13138.0
567517,9/20/11 15:49,14211.0
C567518,9/20/11 16:28,
C567519,9/20/11 16:30,12474.0
C567520,9/20/11 16:31,12989.0
C567521,9/20/11 16:33,12540.0
567522,9/20/11 16:41,17873.0
567523,9/21/11 8:27,17034.0
567524,9/21/11 8:55,15696.0
567525,9/21/11 8:56,18241.0
567526,9/21/11 9:06,12435.0
C567527,9/21/11 9:16,17450.0
567528,9/21/11 9:18,14356.0
567529,9/21/11 9:22,18236.0
567530,9/21/11 9:33,12390.0
567531,9/21/11 9:37,14397.0
C567532,9/21/11 9:44,15888.0
567533,9/21/11 9:45,17651.0
C567534,9/21/11 9:49,16341.0
C567535,9/21/11 9:50,15253.0
C567536,9/21/11 9:52,14284.0
567537,9/21/11 9:54,16656.0
C567538,9/21/11 9:54,14198.0
567539,9/21/11 9:58,
C567540,9/21/11 10:00,12384.0
C567541,9/21/11 10:15,15498.0
567542,9/21/11 10:16,16626.0
C567543,9/21/11 10:19,13418.0
C567544,9/21/11 10:19,15622.0
567545,9/21/11 10:27,13155.0
567546,9/21/11 10:39,16525.0
567552,9/21/11 10:40,12583.0
567578,9/21/11 10:47,12701.0
567579,9/21/11 10:48,18228.0
567580,9/21/11 11:10,16493.0
567610,9/21/11 11:30,17511.0
567611,9/21/11 11:40,16076.0
567612,9/21/11 11:48,17164.0
567613,9/21/11 11:49,13908.0
567614,9/21/11 11:55,16103.0
567615,9/21/11 12:14,13316.0
567616,9/21/11 12:23,14911.0
567617,9/21/11 12:25,15140.0
567618,9/21/11 12:26,12721.0
567619,9/21/11 12:28,15203.0
C567620,9/21/11 12:32,14306.0
567621,9/21/11 12:46,16016.0
567622,9/21/11 12:46,14527.0
567623,9/21/11 12:50,17415.0
C567624,9/21/11 12:50,13448.0
567625,9/21/11 12:55,13627.0
567626,9/21/11 12:56,15311.0
567628,9/21/11 13:01,14060.0
C567627,9/21/11 13:01,17511.0
567629,9/21/11 13:21,
567630,9/21/11 13:24,15737.0
567631,9/21/11 13:33,13350.0
567632,9/21/11 13:33,13946.0
567633,9/21/11 13:34,12939.0
567634,9/21/11 13:35,12939.0
567635,9/21/11 13:41,16523.0
567636,9/21/11 13:48,16358.0
567637,9/21/11 13:57,17865.0
567638,9/21/11 13:58,17865.0
567639,9/21/11 14:07,15290.0
567640,9/21/11 14:08,12604.0
C567641,9/21/11 14:13,12409.0
567642,9/21/11 14:15,12409.0
C567643,9/21/11 14:16,12409.0
567644,9/21/11 14:17,16989.0
567645,9/21/11 14:27,
567653,9/21/11 14:35,12550.0
567654,9/21/11 14:38,16627.0
567656,9/21/11 14:40,14096.0
C567655,9/21/11 14:40,14096.0
567657,9/21/11 14:43,12523.0
567658,9/21/11 14:50,14428.0
567659,9/21/11 14:55,17475.0
567660,9/21/11 15:02,17731.0
567661,9/21/11 15:06,13959.0
567662,9/21/11 15:12,17758.0
567663,9/21/11 15:15,14951.0
567664,9/21/11 15:15,14780.0
567665,9/21/11 15:22,
567666,9/21/11 15:23,12520.0
567667,9/21/11 15:24,
567668,9/21/11 15:29,
567669,9/21/11 15:32,14887.0
567670,9/21/11 15:32,
567671,9/21/11 15:34,
567672,9/21/11 15:39,16085.0
567673,9/21/11 15:43,
567674,9/21/11 15:53,
567675,9/21/11 15:54,15351.0
567676,9/21/11 15:54,15114.0
567678,9/21/11 15:57,15399.0
C567677,9/21/11 15:57,12409.0
567679,9/21/11 16:15,14606.0
567680,9/21/11 16:17,
C567681,9/21/11 16:24,15433.0
C567682,9/21/11 16:28,17997.0
567683,9/21/11 16:31,13704.0
C567685,9/21/11 16:35,16394.0
C567686,9/21/11 16:42,17702.0
567687,9/21/11 16:43,17888.0
C567688,9/21/11 16:48,13282.0
C567689,9/21/11 16:49,17434.0
C567690,9/21/11 17:01,15810.0
C567691,9/21/11 17:04,17567.0
567692,9/21/11 17:05,17997.0
567693,9/21/11 17:26,
567694,9/21/11 17:30,
567695,9/21/11 17:31,
567696,9/21/11 17:32,
567697,9/22/11 8:41,16558.0
567698,9/22/11 9:15,13529.0
567699,9/22/11 9:16,17466.0
567700,9/22/11 9:33,16379.0
567701,9/22/11 9:36,17172.0
567702,9/22/11 9:38,15810.0
C567703,9/22/11 9:38,15810.0
C567704,9/22/11 9:41,17716.0
C567705,9/22/11 9:43,14768.0
C567706,9/22/11 9:46,15769.0
567707,9/22/11 9:52,14676.0
567709,9/22/11 9:53,15239.0
C567708,9/22/11 9:53,15201.0
567710,9/22/11 10:03,16213.0
567711,9/22/11 10:04,15603.0
C567712,9/22/11 10:08,13282.0
C567713,9/22/11 10:10,
C567714,9/22/11 10:11,16316.0
C567715,9/22/11 10:12,16160.0
C567716,9/22/11 10:16,14543.0
C567717,9/22/11 10:20,15601.0
567718,9/22/11 10:26,17730.0
567719,9/22/11 10:32,
567720,9/22/11 10:37,14911.0
567721,9/22/11 10:38,12409.0
567742,9/22/11 10:47,14261.0
567747,9/22/11 10:48,18102.0
567756,9/22/11 10:52,12678.0
C567767,9/22/11 10:58,17460.0
567768,9/22/11 11:17,15950.0
567785,9/22/11 11:28,18102.0
567792,9/22/11 11:40,17581.0
567793,9/22/11 11:40,12657.0
567794,9/22/11 11:41,17581.0
567795,9/22/11 11:44,14646.0
567796,9/22/11 11:46,16395.0
567797,9/22/11 11:49,16735.0
567798,9/22/11 12:00,13089.0
567799,9/22/11 12:01,13089.0
567800,9/22/11 12:01,13089.0
567801,9/22/11 12:02,13089.0
567802,9/22/11 12:06,14299.0
567803,9/22/11 12:11,18102.0
567804,9/22/11 12:13,17920.0
567805,9/22/11 12:15,12854.0
567806,9/22/11 12:22,18102.0
567807,9/22/11 12:23,17027.0
567808,9/22/11 12:24,17027.0
567809,9/22/11 12:29,13804.0
567816,9/22/11 12:34,17243.0
567817,9/22/11 12:41,15005.0
567818,9/22/11 12:41,14395.0
567819,9/22/11 12:42,14004.0
567821,9/22/11 12:45,14659.0
567822,9/22/11 12:54,17644.0
567823,9/22/11 12:55,12910.0
567824,9/22/11 13:00,12739.0
567826,9/22/11 13:05,12877.0
567846,9/22/11 13:13,13486.0
567849,9/22/11 13:15,15571.0
567850,9/22/11 13:18,15067.0
567851,9/22/11 13:20,15067.0
567852,9/22/11 13:21,18102.0
567853,9/22/11 13:31,15484.0
567854,9/22/11 13:37,14038.0
567855,9/22/11 13:38,13220.0
567856,9/22/11 13:44,14077.0
567858,9/22/11 13:50,16813.0
567859,9/22/11 13:51,12936.0
567860,9/22/11 13:53,18102.0
567861,9/22/11 14:01,
567862,9/22/11 14:02,
567863,9/22/11 14:03,
567864,9/22/11 14:10,16236.0
567865,9/22/11 14:11,17311.0
567866,9/22/11 14:13,16669.0
567868,9/22/11 14:18,17603.0
567869,9/22/11 14:18,16669.0
C567867,9/22/11 14:18,16669.0
567873,9/22/11 14:25,13055.0
567874,9/22/11 14:26,13055.0
567875,9/22/11 14:29,16348.0
567878,9/22/11 14:42,16910.0
567879,9/22/11 14:53,16161.0
567880,9/22/11 14:56,15398.0
567881,9/22/11 14:59,15640.0
567882,9/22/11 15:03,12906.0
567883,9/22/11 15:03,12906.0
C567884,9/22/11 15:08,13627.0
C567885,9/22/11 15:17,12879.0
567886,9/22/11 15:18,12930.0
567887,9/22/11 15:28,15237.0
567888,9/22/11 15:34,17079.0
567889,9/22/11 15:39,16633.0
567890,9/22/11 15:40,14125.0
C567891,9/22/11 15:50,15296.0
567892,9/22/11 15:51,15394.0
567893,9/22/11 15:54,17163.0
567894,9/22/11 15:54,16389.0
567895,9/22/11 15:57,13777.0
C567896,9/22/11 15:59,14527.0
567897,9/22/11 16:07,12364.0
567898,9/22/11 16:20,13394.0
567899,9/22/11 16:26,14911.0
567900,9/22/11 16:27,14911.0
567901,9/22/11 16:28,
C567902,9/22/11 16:29,15555.0
C567903,9/22/11 16:29,16422.0
567904,9/22/11 16:34,12609.0
567905,9/22/11 16:37,12952.0
567906,9/22/11 16:46,14113.0
567907,9/22/11 16:48,18172.0
567908,9/22/11 16:48,18172.0
567909,9/22/11 16:53,13012.0
567910,9/22/11 16:58,12437.0
567911,9/22/11 17:00,14854.0
567912,9/22/11 17:07,15555.0
567913,9/22/11 17:08,18144.0
567914,9/22/11 17:14,12647.0
567915,9/22/11 17:15,12579.0
567917,9/22/11 17:19,14298.0
C567916,9/22/11 17:19,12579.0
567918,9/22/11 17:20,
C567919,9/22/11 17:20,17037.0
567920,9/22/11 17:21,
567921,9/22/11 17:24,
567922,9/22/11 17:24,13279.0
567923,9/22/11 17:24,
567924,9/22/11 17:25,12471.0
567925,9/22/11 17:26,
567926,9/22/11 17:27,
567927,9/22/11 17:28,
567928,9/22/11 17:31,12380.0
567929,9/22/11 17:31,12425.0
567931,9/22/11 17:38,
567932,9/22/11 17:39,
567933,9/22/11 17:49,
567934,9/22/11 17:56,16173.0
567935,9/22/11 18:07,13320.0
567936,9/22/11 18:10,15194.0
567937,9/22/11 18:10,14147.0
567938,9/22/11 18:14,12704.0
567939,9/22/11 18:15,16715.0
C567940,9/22/11 18:21,16984.0
567941,9/22/11 18:24,13519.0
567942,9/22/11 19:03,15804.0
567943,9/22/11 19:33,14702.0
567944,9/22/11 19:54,14562.0
C567945,9/23/11 7:57,17340.0
C567946,9/23/11 7:58,12909.0
C567947,9/23/11 8:00,17663.0
C567948,9/23/11 8:21,14769.0
C567949,9/23/11 8:22,13435.0
C567950,9/23/11 8:24,17069.0
567951,9/23/11 8:25,17069.0
C567952,9/23/11 8:26,18226.0
C567953,9/23/11 8:28,18198.0
567954,9/23/11 8:30,13004.0
C567955,9/23/11 8:52,17428.0
C567956,9/23/11 8:54,12895.0
567957,9/23/11 9:00,16136.0
567958,9/23/11 9:00,12619.0
567959,9/23/11 9:13,12516.0
567960,9/23/11 9:14,13777.0
C567961,9/23/11 9:16,13430.0
567962,9/23/11 9:19,15838.0
C567963,9/23/11 9:19,14141.0
C567964,9/23/11 9:20,12995.0
C567965,9/23/11 9:23,14911.0
567966,9/23/11 9:26,16782.0
567967,9/23/11 9:39,15858.0
567968,9/23/11 9:44,12546.0
567969,9/23/11 9:52,15744.0
567970,9/23/11 10:02,18041.0
567971,9/23/11 10:04,16681.0
567972,9/23/11 10:14,13949.0
567973,9/23/11 10:17,13994.0
567974,9/23/11 10:19,
567975,9/23/11 10:25,17416.0
567976,9/23/11 10:26,13127.0
567977,9/23/11 10:31,17388.0
C567978,9/23/11 10:40,14546.0
567979,9/23/11 10:44,14215.0
567980,9/23/11 11:22,15311.0
567981,9/23/11 11:22,
567982,9/23/11 11:25,
567983,9/23/11 11:25,15714.0
C567997,9/23/11 11:31,13097.0
568001,9/23/11 11:35,12540.0
568013,9/23/11 11:39,17480.0
568040,9/23/11 12:09,12681.0
568044,9/23/11 12:10,15763.0
568046,9/23/11 12:16,18118.0
568047,9/23/11 12:27,15075.0
568048,9/23/11 12:36,14911.0
568049,9/23/11 12:38,17841.0
568050,9/23/11 12:38,15901.0
568051,9/23/11 12:40,18189.0
568052,9/23/11 12:42,
568053,9/23/11 12:44,
568054,9/23/11 12:50,16978.0
C568055,9/23/11 12:50,17929.0
568056,9/23/11 12:55,12705.0
568057,9/23/11 12:56,
568058,9/23/11 12:58,18188.0
568059,9/23/11 12:58,13097.0
568060,9/23/11 13:11,14546.0
568061,9/23/11 13:12,16910.0
568062,9/23/11 13:18,14014.0
568063,9/23/11 13:24,15981.0
568064,9/23/11 13:42,14880.0
568065,9/23/11 13:44,16240.0
568066,9/23/11 13:48,14529.0
568069,9/23/11 14:05,13336.0
568070,9/23/11 14:17,16128.0
568075,9/23/11 14:21,14652.0
568079,9/23/11 14:35,
568080,9/23/11 14:35,
568081,9/23/11 14:36,
568082,9/23/11 14:38,14944.0
568083,9/23/11 14:38,15903.0
568084,9/23/11 14:38,
568085,9/23/11 14:39,
568086,9/23/11 14:39,14944.0
568087,9/23/11 14:40,
568088,9/23/11 14:40,
568089,9/23/11 14:41,
568090,9/23/11 14:41,
568091,9/23/11 14:41,
568092,9/23/11 14:42,
568093,9/23/11 14:42,
568094,9/23/11 14:43,15807.0
568095,9/23/11 14:49,14911.0
C568096,9/23/11 14:50,17867.0
C568097,9/23/11 15:12,15804.0
568098,9/23/11 15:17,15762.0
568099,9/23/11 15:18,15916.0
568100,9/23/11 15:20,15475.0
568101,9/23/11 15:21,15978.0
568102,9/23/11 15:34,
568103,9/23/11 15:45,12518.0
568104,9/23/11 15:50,16485.0
568131,9/23/11 16:05,16872.0
568132,9/23/11 16:22,15549.0
568134,9/23/11 17:02,
568135,9/23/11 17:04,
568136,9/25/11 10:30,13630.0
568137,9/25/11 10:34,12488.0
C568138,9/25/11 10:43,16689.0
568139,9/25/11 10:46,13083.0
568140,9/25/11 10:48,17411.0
568141,9/25/11 11:21,16326.0
568142,9/25/11 11:22,16744.0
568143,9/25/11 11:28,13266.0
568144,9/25/11 11:29,14005.0
568145,9/25/11 11:30,12388.0
568146,9/25/11 11:33,16169.0
568147,9/25/11 11:34,15044.0
568148,9/25/11 11:36,14135.0
568149,9/25/11 11:38,14285.0
568150,9/25/11 11:39,16689.0
568151,9/25/11 11:39,17506.0
568152,9/25/11 11:40,16480.0
568153,9/25/11 12:02,17716.0
568154,9/25/11 12:06,13787.0
568155,9/25/11 12:15,17006.0
568156,9/25/11 12:16,14367.0
C568157,9/25/11 12:18,14367.0
568158,9/25/11 12:22,16133.0
568159,9/25/11 12:22,17719.0
568160,9/25/11 12:25,17498.0
568161,9/25/11 12:31,15860.0
568162,9/25/11 12:32,14194.0
568163,9/25/11 12:34,14540.0
568164,9/25/11 12:39,14561.0
568165,9/25/11 12:42,17131.0
568166,9/25/11 12:45,14800.0
568167,9/25/11 12:45,15706.0
568168,9/25/11 12:46,15799.0
568169,9/25/11 12:54,14152.0
568170,9/25/11 13:08,16931.0
568171,9/25/11 13:10,15312.0
568172,9/25/11 13:13,12348.0
568173,9/25/11 13:16,16187.0
568174,9/25/11 13:23,16261.0
568175,9/25/11 13:24,14820.0
568176,9/25/11 13:25,12685.0
568177,9/25/11 13:30,13536.0
568178,9/25/11 13:32,18155.0
568179,9/25/11 13:39,12545.0
568180,9/25/11 13:42,15429.0
568181,9/25/11 13:42,17154.0
568182,9/25/11 13:47,13079.0
568183,9/25/11 13:47,13991.0
C568184,9/25/11 13:55,15429.0
568185,9/25/11 14:08,16594.0
568186,9/25/11 14:08,17837.0
568187,9/25/11 14:32,13408.0
568188,9/25/11 14:33,16049.0
568189,9/25/11 14:36,14757.0
568190,9/25/11 14:36,16342.0
568191,9/25/11 14:37,16655.0
568192,9/25/11 14:37,14235.0
568193,9/25/11 14:37,17107.0
568194,9/25/11 14:38,16008.0
568195,9/25/11 14:41,13408.0
568196,9/25/11 14:44,16705.0
568197,9/25/11 14:52,16746.0
568198,9/25/11 14:52,16771.0
568199,9/25/11 14:53,17315.0
568200,9/25/11 14:58,16198.0
568201,9/25/11 14:58,14712.0
568202,9/25/11 15:01,15366.0
568203,9/25/11 15:15,13435.0
568204,9/25/11 15:25,13670.0
568205,9/25/11 15:30,18066.0
568206,9/25/11 15:32,14806.0
568207,9/25/11 15:34,15150.0
568208,9/25/11 15:35,12783.0
568209,9/25/11 15:43,13089.0
568210,9/25/11 15:56,17159.0
568211,9/25/11 15:59,13429.0
568212,9/25/11 16:05,15154.0
568213,9/25/11 16:06,15214.0
568214,9/26/11 7:35,12823.0
568215,9/26/11 8:38,13390.0
568216,9/26/11 9:28,16168.0
568217,9/26/11 9:51,
568218,9/26/11 9:52,13389.0
568219,9/26/11 9:59,13468.0
568220,9/26/11 10:03,15626.0
568221,9/26/11 10:05,14911.0
568222,9/26/11 10:06,16603.0
568223,9/26/11 10:16,12412.0
568224,9/26/11 10:22,17377.0
568225,9/26/11 10:35,13014.0
568226,9/26/11 10:39,16719.0
568227,9/26/11 10:57,17841.0
568228,9/26/11 11:02,15358.0
568229,9/26/11 11:04,15358.0
568230,9/26/11 11:05,12925.0
568231,9/26/11 11:19,14808.0
C568232,9/26/11 11:27,14808.0
568233,9/26/11 11:37,
568234,9/26/11 11:38,17705.0
568235,9/26/11 11:39,13410.0
568236,9/26/11 11:49,12820.0
C568237,9/26/11 11:59,13481.0
568238,9/26/11 12:00,13927.0
568239,9/26/11 12:02,18205.0
C568240,9/26/11 12:04,17172.0
568241,9/26/11 12:10,15218.0
568242,9/26/11 12:11,14931.0
568243,9/26/11 12:12,14217.0
C568244,9/26/11 12:21,12583.0
568245,9/26/11 12:23,13867.0
568301,9/26/11 12:45,16383.0
568302,9/26/11 12:46,
568310,9/26/11 12:48,14911.0
568311,9/26/11 12:53,17287.0
568312,9/26/11 12:54,18241.0
568313,9/26/11 12:56,14908.0
568314,9/26/11 12:58,14387.0
568315,9/26/11 13:17,16705.0
568316,9/26/11 13:21,16407.0
568317,9/26/11 13:25,17491.0
568318,9/26/11 13:25,13233.0
568319,9/26/11 13:35,17389.0
568320,9/26/11 13:35,17674.0
568321,9/26/11 13:36,13639.0
568322,9/26/11 13:41,15958.0
568323,9/26/11 13:45,15078.0
568324,9/26/11 13:48,16778.0
568325,9/26/11 13:57,14667.0
568326,9/26/11 14:00,13200.0
568327,9/26/11 14:02,15492.0
568328,9/26/11 14:06,18016.0
568329,9/26/11 14:12,15243.0
568330,9/26/11 14:13,16468.0
568331,9/26/11 14:25,16600.0
568332,9/26/11 14:30,13434.0
568333,9/26/11 14:48,15344.0
568340,9/26/11 14:54,13866.0
568342,9/26/11 15:10,14473.0
568343,9/26/11 15:13,16839.0
568344,9/26/11 15:23,16531.0
568346,9/26/11 15:28,14096.0
C568345,9/26/11 15:28,14096.0
C568347,9/26/11 15:31,17997.0
C568348,9/26/11 15:34,17997.0
568350,9/26/11 15:35,12612.0
568364,9/26/11 15:43,16999.0
568365,9/26/11 15:45,
568366,9/26/11 15:47,14217.0
568367,9/26/11 15:51,15755.0
568368,9/26/11 16:13,17997.0
568369,9/26/11 16:15,16710.0
C568370,9/26/11 16:43,15154.0
568371,9/26/11 16:48,
568372,9/26/11 16:54,
568374,9/26/11 16:59,12748.0
568375,9/26/11 17:01,13405.0
568376,9/26/11 17:20,14031.0
C568377,9/27/11 8:53,14911.0
568378,9/27/11 8:57,13035.0
568379,9/27/11 9:05,16626.0
568380,9/27/11 9:18,18008.0
568381,9/27/11 9:24,14321.0
568382,9/27/11 9:33,13499.0
568383,9/27/11 9:39,13514.0
568384,9/27/11 9:46,12748.0
C568385,9/27/11 9:51,15398.0
C568386,9/27/11 9:56,12720.0
568387,9/27/11 10:04,13704.0
C568388,9/27/11 10:05,14808.0
568389,9/27/11 10:06,12971.0
568390,9/27/11 10:08,17811.0
568392,9/27/11 10:08,14272.0
568391,9/27/11 10:09,17788.0
568393,9/27/11 10:12,15754.0
568394,9/27/11 10:20,13314.0
C568395,9/27/11 10:21,17480.0
568396,9/27/11 10:24,16462.0
568397,9/27/11 10:24,15745.0
568398,9/27/11 10:26,14543.0
568399,9/27/11 10:26,16145.0
568400,9/27/11 10:27,13644.0
568401,9/27/11 10:30,
568402,9/27/11 10:34,16629.0
568403,9/27/11 10:35,
568404,9/27/11 10:36,
568405,9/27/11 10:36,
568406,9/27/11 10:37,
568407,9/27/11 10:38,
568408,9/27/11 10:40,
568409,9/27/11 10:41,15701.0
C568410,9/27/11 10:42,12748.0
568411,9/27/11 10:52,
C568412,9/27/11 10:54,14456.0
568413,9/27/11 11:01,14818.0
568414,9/27/11 11:05,14901.0
568415,9/27/11 11:06,15150.0
C568416,9/27/11 11:08,14866.0
568417,9/27/11 11:10,14911.0
C568418,9/27/11 11:11,15763.0
C568419,9/27/11 11:16,13694.0
C568420,9/27/11 11:17,16573.0
C568421,9/27/11 11:19,16626.0
568423,9/27/11 11:24,17061.0
568428,9/27/11 11:27,14419.0
568442,9/27/11 11:31,
C568445,9/27/11 11:31,16156.0
568458,9/27/11 11:34,13384.0
568460,9/27/11 11:35,13384.0
568469,9/27/11 11:38,14141.0
568471,9/27/11 11:49,17805.0
568472,9/27/11 11:50,12517.0
568480,9/27/11 11:52,17490.0
568485,9/27/11 11:53,17511.0
568491,9/27/11 11:58,15443.0
568492,9/27/11 11:58,18278.0
568493,9/27/11 12:03,12987.0
568494,9/27/11 12:08,16266.0
568495,9/27/11 12:08,14755.0
C568501,9/27/11 12:13,16713.0
568505,9/27/11 12:17,15311.0
568509,9/27/11 12:26,16422.0
568510,9/27/11 12:26,13555.0
568511,9/27/11 12:26,16422.0
568512,9/27/11 12:28,14101.0
568513,9/27/11 12:36,13555.0
568514,9/27/11 12:44,
568515,9/27/11 12:44,14466.0
C568516,9/27/11 12:45,14456.0
568517,9/27/11 12:52,14456.0
568518,9/27/11 12:53,12680.0
568519,9/27/11 12:57,16607.0
568526,9/27/11 13:04,17656.0
568527,9/27/11 13:21,13178.0
568528,9/27/11 13:32,13979.0
568529,9/27/11 13:38,16181.0
568530,9/27/11 13:42,17591.0
568531,9/27/11 13:49,16713.0
C568532,9/27/11 13:54,14356.0
568533,9/27/11 13:56,15061.0
C568534,9/27/11 13:57,12579.0
568535,9/27/11 14:00,15241.0
568536,9/27/11 14:01,15061.0
568537,9/27/11 14:04,15061.0
568538,9/27/11 14:07,15061.0
568539,9/27/11 14:07,13016.0
568540,9/27/11 14:08,13016.0
568541,9/27/11 14:08,14047.0
568542,9/27/11 14:31,16750.0
568543,9/27/11 14:33,
568544,9/27/11 14:33,
568545,9/27/11 14:34,
568546,9/27/11 14:35,
568547,9/27/11 14:37,15568.0
568548,9/27/11 14:40,
568549,9/27/11 14:52,13950.0
568550,9/27/11 14:58,14883.0
568551,9/27/11 14:58,14883.0
568552,9/27/11 15:16,14824.0
568553,9/27/11 15:17,15674.0
568554,9/27/11 15:31,12455.0
568555,9/27/11 15:34,16122.0
568556,9/27/11 15:35,15827.0
C568557,9/27/11 15:48,12681.0
568558,9/27/11 16:28,16354.0
C568559,9/27/11 16:37,14397.0
C568560,9/27/11 16:39,14299.0
C568561,9/27/11 16:45,15505.0
C568562,9/27/11 16:48,17002.0
568564,9/27/11 17:03,17576.0
568565,9/27/11 17:31,
568566,9/27/11 17:47,17609.0
568567,9/27/11 18:41,
568568,9/28/11 8:48,14412.0
568569,9/28/11 9:02,17857.0
C568570,9/28/11 9:04,15358.0
C568571,9/28/11 9:05,17581.0
C568572,9/28/11 9:06,15194.0
C568573,9/28/11 9:09,13115.0
568574,9/28/11 9:15,13862.0
C568575,9/28/11 9:22,13134.0
568576,9/28/11 9:40,17017.0
568577,9/28/11 9:41,15301.0
568578,9/28/11 9:43,15301.0
C568579,9/28/11 9:45,14934.0
C568580,9/28/11 9:57,12566.0
C568581,9/28/11 9:59,15804.0
C568582,9/28/11 10:02,13014.0
568583,9/28/11 10:09,15584.0
C568584,9/28/11 10:13,15706.0
568585,9/28/11 10:14,17370.0
568586,9/28/11 10:15,16119.0
C568587,9/28/11 10:15,18225.0
568588,9/28/11 10:18,14109.0
568589,9/28/11 10:27,17405.0
568590,9/28/11 10:29,13126.0
568591,9/28/11 10:39,17088.0
568592,9/28/11 10:42,17469.0
568593,9/28/11 10:54,13988.0
568594,9/28/11 10:56,13397.0
568595,9/28/11 11:11,16681.0
C568596,9/28/11 11:13,16493.0
C568597,9/28/11 11:17,13089.0
C568598,9/28/11 11:19,15737.0
C568599,9/28/11 11:20,14395.0
C568600,9/28/11 11:21,18223.0
C568601,9/28/11 11:22,15696.0
568614,9/28/11 11:26,13515.0
568645,9/28/11 11:38,12656.0
C568646,9/28/11 11:45,13430.0
568647,9/28/11 11:48,16157.0
568648,9/28/11 11:49,16672.0
C568649,9/28/11 11:51,16626.0
568650,9/28/11 11:56,13505.0
568651,9/28/11 12:04,12362.0
568652,9/28/11 12:15,15841.0
568653,9/28/11 12:16,13798.0
568654,9/28/11 12:20,14911.0
568655,9/28/11 12:20,17611.0
568656,9/28/11 12:21,14911.0
568657,9/28/11 12:22,16460.0
568658,9/28/11 12:25,18242.0
568659,9/28/11 12:28,13516.0
568660,9/28/11 12:33,15134.0
568661,9/28/11 12:34,18109.0
568662,9/28/11 12:36,16764.0
568663,9/28/11 12:46,14440.0
C568664,9/28/11 12:50,14911.0
568665,9/28/11 12:52,13018.0
568666,9/28/11 12:54,14609.0
568667,9/28/11 13:00,14606.0
568668,9/28/11 13:00,15750.0
568669,9/28/11 13:04,13488.0
568670,9/28/11 13:07,14978.0
568671,9/28/11 13:13,13139.0
568672,9/28/11 13:17,15348.0
568673,9/28/11 13:23,16182.0
568674,9/28/11 13:30,12708.0
568675,9/28/11 13:32,14298.0
568676,9/28/11 13:43,18242.0
C568677,9/28/11 14:04,12619.0
568680,9/28/11 14:10,18265.0
568685,9/28/11 14:21,16394.0
568686,9/28/11 14:26,16115.0
568687,9/28/11 14:26,16321.0
568688,9/28/11 14:38,16458.0
C568689,9/28/11 14:42,17841.0
568690,9/28/11 14:43,16332.0
568691,9/28/11 14:47,
568692,9/28/11 14:48,13901.0
568693,9/28/11 14:54,
568695,9/28/11 14:55,16321.0
C568694,9/28/11 14:55,16321.0
568696,9/28/11 14:56,13842.0
568697,9/28/11 14:57,16281.0
568698,9/28/11 14:57,14911.0
568699,9/28/11 14:58,12352.0
568700,9/28/11 15:02,16690.0
568701,9/28/11 15:07,13924.0
568702,9/28/11 15:18,17950.0
568703,9/28/11 15:21,12748.0
568704,9/28/11 15:24,13321.0
568705,9/28/11 15:31,14434.0
568706,9/28/11 15:32,14911.0
568707,9/28/11 15:33,14911.0
568708,9/28/11 15:41,12393.0
568709,9/28/11 15:42,15036.0
568710,9/28/11 15:42,14649.0
568711,9/28/11 15:48,14947.0
568712,9/28/11 15:50,17841.0
568713,9/28/11 16:04,13061.0
C568714,9/28/11 16:04,16332.0
568715,9/28/11 16:07,17783.0
568716,9/28/11 16:13,
568717,9/28/11 16:17,18102.0
568718,9/28/11 16:17,18102.0
568719,9/28/11 16:19,
568721,9/28/11 16:24,
568724,9/28/11 16:27,
568725,9/28/11 16:28,
568726,9/28/11 16:35,16775.0
568727,9/28/11 16:38,15796.0
568728,9/28/11 16:42,17513.0
568729,9/28/11 16:45,16909.0
C568748,9/28/11 16:59,16389.0
568780,9/29/11 8:27,18235.0
568781,9/29/11 8:28,14952.0
568782,9/29/11 8:53,13985.0
568783,9/29/11 9:03,17739.0
568784,9/29/11 9:15,15144.0
568785,9/29/11 9:16,16929.0
568786,9/29/11 9:16,15144.0
568787,9/29/11 9:19,13741.0
568788,9/29/11 9:23,17894.0
568789,9/29/11 9:37,14522.0
568790,9/29/11 9:44,14062.0
568791,9/29/11 9:51,16650.0
568792,9/29/11 9:53,18192.0
568793,9/29/11 9:55,16011.0
568794,9/29/11 10:10,17447.0
568795,9/29/11 10:19,17870.0
C568796,9/29/11 10:20,17870.0
568797,9/29/11 10:22,13694.0
568798,9/29/11 10:23,12615.0
C568799,9/29/11 10:34,17450.0
568800,9/29/11 10:45,14868.0
568801,9/29/11 10:46,14475.0
568802,9/29/11 10:49,14834.0
568803,9/29/11 10:50,15030.0
568804,9/29/11 10:52,17819.0
568805,9/29/11 10:55,12826.0
568819,9/29/11 11:29,17427.0
568828,9/29/11 11:31,15175.0
568829,9/29/11 11:33,17633.0
C568830,9/29/11 11:34,13725.0
568831,9/29/11 11:35,16059.0
C568832,9/29/11 11:35,17450.0
568833,9/29/11 11:39,17348.0
568868,9/29/11 12:00,12957.0
568869,9/29/11 12:01,12957.0
568870,9/29/11 12:11,17930.0
568872,9/29/11 12:12,12372.0
568873,9/29/11 12:15,14188.0
568874,9/29/11 12:16,14524.0
568875,9/29/11 12:23,14527.0
568876,9/29/11 12:24,13881.0
568877,9/29/11 12:31,14680.0
568878,9/29/11 12:34,14524.0
C568879,9/29/11 12:38,14680.0
568880,9/29/11 12:39,14524.0
568881,9/29/11 12:39,13960.0
568882,9/29/11 12:39,12839.0
568883,9/29/11 12:43,18198.0
C568884,9/29/11 12:49,14680.0
568893,9/29/11 13:03,15712.0
568894,9/29/11 13:04,17528.0
568895,9/29/11 13:11,15356.0
568896,9/29/11 13:13,16361.0
568897,9/29/11 13:17,13886.0
568898,9/29/11 13:17,13354.0
C568899,9/29/11 13:20,12619.0
568900,9/29/11 13:21,13647.0
568901,9/29/11 13:22,15050.0
568902,9/29/11 13:23,13503.0
568904,9/29/11 13:29,14691.0
C568903,9/29/11 13:29,16156.0
568905,9/29/11 13:30,14691.0
568906,9/29/11 13:31,14681.0
568907,9/29/11 13:35,15370.0
568908,9/29/11 13:38,16653.0
568909,9/29/11 13:38,16818.0
568910,9/29/11 13:39,16574.0
C568911,9/29/11 13:44,15050.0
568912,9/29/11 13:45,17528.0
568913,9/29/11 13:45,15050.0
568914,9/29/11 13:53,
568915,9/29/11 13:56,14948.0
568916,9/29/11 14:08,15452.0
568917,9/29/11 14:11,15955.0
568918,9/29/11 14:12,15955.0
568919,9/29/11 14:38,12937.0
568921,9/29/11 14:40,17373.0
568938,9/29/11 14:46,17220.0
568943,9/29/11 14:50,17306.0
568944,9/29/11 14:50,16589.0
568945,9/29/11 14:52,14239.0
568946,9/29/11 15:01,
568947,9/29/11 15:04,14696.0
568948,9/29/11 15:13,
568949,9/29/11 15:13,
568950,9/29/11 15:25,12458.0
568951,9/29/11 15:26,17724.0
568952,9/29/11 15:29,14305.0
568953,9/29/11 15:31,12728.0
568954,9/29/11 15:32,13576.0
568955,9/29/11 15:40,13759.0
568966,9/29/11 15:52,14681.0
568984,9/29/11 15:57,17813.0
568987,9/29/11 15:58,12709.0
568988,9/29/11 16:38,12718.0
568989,9/29/11 16:41,14709.0
568990,9/29/11 16:42,15933.0
568991,9/29/11 16:44,18204.0
568992,9/29/11 16:48,17218.0
568993,9/29/11 16:51,15062.0
568994,9/29/11 16:52,12598.0
568995,9/29/11 16:53,16779.0
568996,9/29/11 17:16,13131.0
568997,9/29/11 17:27,16233.0
568998,9/29/11 17:33,17905.0
568999,9/29/11 17:34,15949.0
569000,9/29/11 17:36,17015.0
569001,9/29/11 17:52,12703.0
569002,9/29/11 17:53,17572.0
569003,9/29/11 18:13,13364.0
569004,9/29/11 18:18,14409.0
569005,9/29/11 18:30,16268.0
569006,9/29/11 18:30,16268.0
569007,9/29/11 18:51,17552.0
569008,9/29/11 18:53,15114.0
569009,9/29/11 19:30,15984.0
569010,9/30/11 7:36,14156.0
569011,9/30/11 8:14,14655.0
569012,9/30/11 8:18,15187.0
569013,9/30/11 8:19,15187.0
569014,9/30/11 9:05,18053.0
569015,9/30/11 9:20,13575.0
569016,9/30/11 9:20,14916.0
569017,9/30/11 9:22,13813.0
569018,9/30/11 9:25,12676.0
569019,9/30/11 9:38,15602.0
569020,9/30/11 9:39,15321.0
569021,9/30/11 9:40,15321.0
569022,9/30/11 9:45,17725.0
569024,9/30/11 10:04,12822.0
569025,9/30/11 10:08,18041.0
569026,9/30/11 10:18,16101.0
569027,9/30/11 10:19,13089.0
569028,9/30/11 10:20,14911.0
569029,9/30/11 10:25,17450.0
569030,9/30/11 10:27,17450.0
569031,9/30/11 10:37,
569033,9/30/11 10:40,15611.0
C569032,9/30/11 10:40,15061.0
C569034,9/30/11 10:42,16240.0
569035,9/30/11 10:44,15565.0
569036,9/30/11 10:44,18217.0
569037,9/30/11 10:45,13263.0
C569038,9/30/11 10:46,12940.0
569046,9/30/11 10:48,14422.0
569060,9/30/11 10:52,13954.0
569077,9/30/11 11:18,13092.0
569078,9/30/11 11:41,14688.0
569079,9/30/11 11:45,14226.0
569080,9/30/11 11:46,15593.0
569081,9/30/11 11:54,13972.0
569082,9/30/11 11:55,18229.0
569083,9/30/11 11:56,
569084,9/30/11 11:56,17949.0
569085,9/30/11 11:57,17949.0
569086,9/30/11 11:58,17949.0
569087,9/30/11 12:03,13095.0
569089,9/30/11 12:03,13764.0
569097,9/30/11 12:06,12731.0
569098,9/30/11 12:09,
569099,9/30/11 12:12,17961.0
569100,9/30/11 12:19,12748.0
569101,9/30/11 12:24,14164.0
569102,9/30/11 12:25,
569103,9/30/11 12:30,16133.0
569104,9/30/11 12:30,15287.0
569105,9/30/11 12:35,16729.0
569106,9/30/11 12:36,17376.0
569108,9/30/11 12:40,16013.0
C569107,9/30/11 12:40,15150.0
569110,9/30/11 12:44,17675.0
C569109,9/30/11 12:44,16523.0
569111,9/30/11 12:45,17675.0
C569112,9/30/11 12:47,17405.0
C569113,9/30/11 12:50,13426.0
C569114,9/30/11 12:50,14911.0
C569115,9/30/11 12:51,13426.0
C569116,9/30/11 12:52,13320.0
C569117,9/30/11 12:54,17506.0
C569119,9/30/11 12:57,14194.0
569120,9/30/11 12:58,12583.0
569121,9/30/11 13:03,
569122,9/30/11 13:06,12694.0
569123,9/30/11 13:09,12748.0
569124,9/30/11 13:15,15172.0
569125,9/30/11 13:21,15611.0
569126,9/30/11 13:28,13347.0
569127,9/30/11 13:31,15903.0
C569128,9/30/11 13:34,15034.0
569129,9/30/11 13:40,15034.0
569130,9/30/11 13:46,14911.0
569131,9/30/11 13:49,
569132,9/30/11 13:54,17757.0
569133,9/30/11 14:06,15185.0
569134,9/30/11 14:07,15411.0
569135,9/30/11 14:20,
569136,9/30/11 14:41,15834.0
569137,9/30/11 14:45,
C569138,9/30/11 14:48,14911.0
569139,9/30/11 14:55,16404.0
569140,9/30/11 14:59,14503.0
569141,9/30/11 15:02,13021.0
569142,9/30/11 15:03,13021.0
569143,9/30/11 15:04,15867.0
569144,9/30/11 15:14,17227.0
569145,9/30/11 15:17,18008.0
569147,9/30/11 15:33,12842.0
569148,9/30/11 15:52,16613.0
569149,9/30/11 16:42,
569202,9/30/11 17:22,
569203,10/2/11 10:32,16353.0
569204,10/2/11 10:43,16591.0
569205,10/2/11 10:55,16923.0
569206,10/2/11 10:58,15038.0
569207,10/2/11 11:04,17811.0
569208,10/2/11 11:10,16693.0
569209,10/2/11 11:30,16626.0
569210,10/2/11 11:41,13681.0
569211,10/2/11 12:04,15774.0
569212,10/2/11 12:05,15164.0
569213,10/2/11 12:11,13782.0
569214,10/2/11 12:22,14533.0
569215,10/2/11 12:30,13571.0
569216,10/2/11 12:41,15555.0
569217,10/2/11 12:45,15579.0
569218,10/2/11 12:47,15952.0
569219,10/2/11 13:01,13558.0
569220,10/2/11 13:26,16007.0
569221,10/2/11 13:44,14970.0
569222,10/2/11 13:46,15906.0
569223,10/2/11 13:49,16283.0
569224,10/2/11 14:00,15701.0
569225,10/2/11 14:25,16930.0
569226,10/2/11 14:31,16930.0
569227,10/2/11 14:37,14051.0
569228,10/2/11 14:47,15547.0
569229,10/2/11 14:56,14502.0
569230,10/2/11 15:07,16533.0
569231,10/2/11 15:18,13379.0
569232,10/2/11 15:26,16667.0
C569233,10/2/11 15:26,17841.0
569234,10/2/11 15:33,17841.0
569235,10/2/11 15:35,17841.0
569236,10/2/11 15:49,14432.0
569237,10/2/11 15:50,
569238,10/2/11 15:52,17954.0
569239,10/3/11 8:30,14644.0
569240,10/3/11 9:30,18059.0
569241,10/3/11 9:30,14488.0
569242,10/3/11 9:34,14193.0
569243,10/3/11 9:44,13344.0
569244,10/3/11 9:45,13344.0
569246,10/3/11 9:57,14096.0
C569245,10/3/11 9:57,14096.0
569247,10/3/11 10:08,17924.0
569248,10/3/11 10:09,12886.0
569249,10/3/11 10:15,14092.0
569250,10/3/11 10:18,16747.0
C569251,10/3/11 10:37,12957.0
569252,10/3/11 10:38,14333.0
569253,10/3/11 10:55,13635.0
569254,10/3/11 11:00,18116.0
569255,10/3/11 11:01,18102.0
569256,10/3/11 11:15,
569257,10/3/11 11:24,18102.0
569258,10/3/11 11:26,17330.0
569261,10/3/11 11:34,17321.0
569262,10/3/11 11:36,14815.0
569263,10/3/11 11:37,18102.0
569302,10/3/11 12:04,16205.0
C569318,10/3/11 12:14,13505.0
569319,10/3/11 12:17,14290.0
C569320,10/3/11 12:19,15301.0
569321,10/3/11 12:23,
569322,10/3/11 12:31,16912.0
569323,10/3/11 12:32,16912.0
569324,10/3/11 12:32,16912.0
569325,10/3/11 12:41,16774.0
569326,10/3/11 12:47,14360.0
569327,10/3/11 12:47,15091.0
569328,10/3/11 12:48,14360.0
569329,10/3/11 13:03,17652.0
569330,10/3/11 13:31,15311.0
569331,10/3/11 13:39,16875.0
569332,10/3/11 13:46,12637.0
569333,10/3/11 13:49,13431.0
569334,10/3/11 13:53,12931.0
569335,10/3/11 13:57,
569336,10/3/11 14:05,15088.0
569337,10/3/11 14:09,17396.0
569338,10/3/11 14:18,16013.0
569339,10/3/11 14:18,15299.0
569340,10/3/11 14:19,15299.0
569341,10/3/11 14:19,
569342,10/3/11 14:20,16013.0
569343,10/3/11 14:34,18102.0
569347,10/3/11 14:38,
569357,10/3/11 14:52,15930.0
569358,10/3/11 14:53,18257.0
569359,10/3/11 14:55,18257.0
569360,10/3/11 14:59,14653.0
569361,10/3/11 14:59,16183.0
569362,10/3/11 15:06,18102.0
569363,10/3/11 15:08,13297.0
569364,10/3/11 15:10,13167.0
569365,10/3/11 15:24,18102.0
569366,10/3/11 15:26,18102.0
569367,10/3/11 15:28,13994.0
569368,10/3/11 15:29,15971.0
569369,10/3/11 15:32,15105.0
C569370,10/3/11 15:41,12484.0
569371,10/3/11 15:52,14651.0
569372,10/3/11 16:04,
569373,10/3/11 16:12,12971.0
569374,10/3/11 16:14,
569375,10/3/11 16:29,
569376,10/3/11 16:29,
569377,10/3/11 16:30,
569378,10/3/11 16:31,
569379,10/3/11 16:33,
569380,10/3/11 16:40,
569381,10/3/11 16:44,
569382,10/3/11 16:44,15502.0
569383,10/3/11 16:46,15159.0
569384,10/3/11 16:47,15159.0
569385,10/3/11 16:48,14031.0
569386,10/3/11 16:48,15159.0
C569387,10/3/11 16:49,14031.0
569388,10/3/11 16:50,14031.0
569389,10/3/11 16:51,15502.0
C569390,10/3/11 16:53,15502.0
569391,10/3/11 17:13,
569392,10/3/11 17:15,
569393,10/3/11 17:15,
569394,10/3/11 17:16,
C569395,10/3/11 17:18,14188.0
569396,10/3/11 17:48,16441.0
569397,10/4/11 8:26,12747.0
569398,10/4/11 8:27,17381.0
569399,10/4/11 8:29,17381.0
569400,10/4/11 8:30,17381.0
569401,10/4/11 8:56,15111.0
569402,10/4/11 9:00,12413.0
569403,10/4/11 9:02,13319.0
569404,10/4/11 9:03,13319.0
569405,10/4/11 9:05,15241.0
569406,10/4/11 9:09,16253.0
569407,10/4/11 9:12,15694.0
569408,10/4/11 9:26,13881.0
569409,10/4/11 9:38,14110.0
C569410,10/4/11 9:48,13364.0
569411,10/4/11 9:49,12989.0
569412,10/4/11 9:51,13650.0
569413,10/4/11 9:51,13650.0
569414,10/4/11 10:11,
569415,10/4/11 10:14,
569416,10/4/11 10:15,13801.0
569417,10/4/11 10:29,17629.0
569418,10/4/11 10:30,12989.0
569419,10/4/11 10:31,15864.0
569420,10/4/11 10:33,16881.0
C569421,10/4/11 10:37,15339.0
C569422,10/4/11 10:38,12546.0
569423,10/4/11 10:42,16882.0
569424,10/4/11 10:49,15529.0
C569456,10/4/11 11:22,17675.0
569457,10/4/11 11:29,14606.0
569458,10/4/11 11:31,
569459,10/4/11 11:33,16713.0
569460,10/4/11 11:33,13895.0
569461,10/4/11 11:36,16556.0
569462,10/4/11 11:36,17014.0
569463,10/4/11 11:39,
569464,10/4/11 11:40,
569465,10/4/11 11:41,
569466,10/4/11 11:42,
569467,10/4/11 11:44,14291.0
569468,10/4/11 11:56,16186.0
569469,10/4/11 12:22,16360.0
569470,10/4/11 12:25,17673.0
569471,10/4/11 12:38,15046.0
569472,10/4/11 12:38,14515.0
569474,10/4/11 12:39,14178.0
569479,10/4/11 12:41,13408.0
569480,10/4/11 12:42,13408.0
569481,10/4/11 12:43,15255.0
569482,10/4/11 12:43,14184.0
569483,10/4/11 12:45,14057.0
569484,10/4/11 12:46,14057.0
C569485,10/4/11 12:47,12705.0
569486,10/4/11 12:51,15339.0
569487,10/4/11 12:55,13351.0
569488,10/4/11 13:10,16440.0
569489,10/4/11 13:13,12457.0
C569490,10/4/11 13:15,12457.0
569491,10/4/11 13:25,14056.0
569492,10/4/11 13:30,16333.0
569493,10/4/11 13:35,13317.0
569494,10/4/11 13:42,15739.0
C569495,10/4/11 13:43,
569496,10/4/11 13:45,12395.0
569513,10/4/11 13:55,14332.0
569514,10/4/11 13:56,15228.0
569515,10/4/11 13:58,15181.0
569516,10/4/11 14:03,
569517,10/4/11 14:14,
569518,10/4/11 14:28,13263.0
569519,10/4/11 14:31,13792.0
569520,10/4/11 14:32,17667.0
569521,10/4/11 14:33,16474.0
569522,10/4/11 14:41,12664.0
569523,10/4/11 14:41,16033.0
569524,10/4/11 14:42,14506.0
C569525,10/4/11 14:48,16474.0
C569526,10/4/11 14:51,15044.0
569527,10/4/11 14:53,12512.0
569528,10/4/11 14:53,16242.0
569529,10/4/11 14:55,12512.0
569530,10/4/11 14:58,17957.0
569531,10/4/11 15:02,12695.0
569532,10/4/11 15:19,13552.0
569533,10/4/11 15:21,16374.0
569534,10/4/11 15:27,
569535,10/4/11 15:41,15044.0
569536,10/4/11 15:44,13269.0
569537,10/4/11 15:45,13269.0
569538,10/4/11 15:55,14462.0
569539,10/4/11 15:58,18102.0
569540,10/4/11 16:05,
569541,10/4/11 16:06,
569544,10/4/11 16:33,
569545,10/4/11 16:37,
569546,10/4/11 16:39,15276.0
C569547,10/4/11 17:22,14834.0
C569548,10/4/11 17:31,18053.0
569550,10/4/11 17:32,15955.0
C569549,10/4/11 17:32,15955.0
569551,10/4/11 17:40,
C569552,10/4/11 17:44,14533.0
C569553,10/4/11 17:48,16362.0
C569554,10/4/11 17:51,16401.0
569555,10/5/11 8:17,17728.0
569556,10/5/11 8:50,14936.0
569557,10/5/11 8:52,14936.0
569558,10/5/11 8:53,14936.0
569559,10/5/11 9:31,12971.0
569560,10/5/11 9:42,14511.0
569561,10/5/11 9:42,13468.0
569562,10/5/11 9:43,12720.0
569563,10/5/11 9:46,12481.0
569564,10/5/11 9:47,13989.0
569565,10/5/11 9:52,16722.0
569566,10/5/11 9:55,14739.0
569567,10/5/11 9:56,16059.0
569568,10/5/11 9:57,12700.0
569569,10/5/11 9:59,18061.0
569570,10/5/11 10:06,16684.0
569571,10/5/11 10:09,16684.0
569572,10/5/11 10:10,16684.0
569573,10/5/11 10:11,17511.0
569574,10/5/11 10:30,15127.0
569575,10/5/11 10:37,16106.0
569576,10/5/11 10:38,17739.0
569577,10/5/11 10:53,12828.0
569578,10/5/11 11:06,
569579,10/5/11 11:06,17666.0
569580,10/5/11 11:16,15039.0
569581,10/5/11 11:16,15081.0
569583,10/5/11 11:17,15039.0
569590,10/5/11 11:25,13949.0
569629,10/5/11 11:37,15249.0
569630,10/5/11 11:44,13458.0
569631,10/5/11 11:53,13483.0
569632,10/5/11 11:57,13808.0
569633,10/5/11 12:02,16478.0
569634,10/5/11 12:09,12843.0
569635,10/5/11 12:13,12748.0
569637,10/5/11 12:14,15757.0
C569636,10/5/11 12:14,12841.0
569638,10/5/11 12:15,16140.0
569639,10/5/11 12:24,12471.0
569640,10/5/11 12:25,12471.0
569641,10/5/11 12:27,12841.0
569643,10/5/11 12:31,15730.0
C569644,10/5/11 12:31,14534.0
569647,10/5/11 12:35,12415.0
569648,10/5/11 12:40,17754.0
569649,10/5/11 12:42,16029.0
569650,10/5/11 12:44,12415.0
569651,10/5/11 12:49,14534.0
569652,10/5/11 12:51,15628.0
569653,10/5/11 12:52,12451.0
569654,10/5/11 12:56,13854.0
C569655,10/5/11 12:58,14534.0
569656,10/5/11 12:59,14434.0
569657,10/5/11 12:59,
569658,10/5/11 13:00,16359.0
569659,10/5/11 13:04,14099.0
569660,10/5/11 13:05,17382.0
569661,10/5/11 13:10,17483.0
569662,10/5/11 13:19,15244.0
C569663,10/5/11 13:29,17841.0
569664,10/5/11 13:33,18237.0
569665,10/5/11 13:34,12789.0
569666,10/5/11 13:36,17690.0
569667,10/5/11 13:42,17521.0
569668,10/5/11 13:47,16040.0
569669,10/5/11 13:47,14730.0
569670,10/5/11 13:47,14730.0
569671,10/5/11 13:54,16020.0
569672,10/5/11 13:58,17841.0
569673,10/5/11 13:58,17222.0
569674,10/5/11 14:01,17841.0
569675,10/5/11 14:03,15687.0
569676,10/5/11 14:12,
569677,10/5/11 14:14,15106.0
569678,10/5/11 14:16,17816.0
569679,10/5/11 14:19,16160.0
569680,10/5/11 14:28,16803.0
569681,10/5/11 14:31,
C569682,10/5/11 14:33,15351.0
569683,10/5/11 14:39,15953.0
569684,10/5/11 14:42,13947.0
569685,10/5/11 14:47,16758.0
569686,10/5/11 14:50,12719.0
569687,10/5/11 14:53,13709.0
569688,10/5/11 14:55,15048.0
569689,10/5/11 14:56,13709.0
569690,10/5/11 15:04,15351.0
569691,10/5/11 15:09,18223.0
569692,10/5/11 15:17,14389.0
569693,10/5/11 15:18,17837.0
569694,10/5/11 15:24,17735.0
569695,10/5/11 15:35,16843.0
569696,10/5/11 15:36,16843.0
569697,10/5/11 15:38,17647.0
569698,10/5/11 15:49,14054.0
569699,10/5/11 15:52,12723.0
569700,10/5/11 15:56,
569701,10/5/11 15:56,12723.0
569702,10/5/11 16:09,14396.0
569705,10/5/11 16:15,15762.0
569706,10/5/11 16:31,13798.0
569714,10/5/11 17:28,18033.0
569715,10/5/11 17:29,15856.0
569716,10/6/11 8:17,15804.0
569717,10/6/11 8:25,13845.0
569718,10/6/11 9:01,15837.0
569719,10/6/11 9:10,14646.0
569720,10/6/11 9:11,14646.0
569721,10/6/11 9:28,12628.0
569722,10/6/11 9:31,12431.0
569723,10/6/11 9:32,12431.0
569724,10/6/11 9:35,15061.0
569725,10/6/11 9:35,15061.0
569726,10/6/11 9:36,17419.0
569727,10/6/11 9:37,12500.0
569728,10/6/11 9:38,15416.0
569729,10/6/11 9:43,16350.0
569730,10/6/11 9:45,16422.0
569731,10/6/11 9:48,13999.0
569732,10/6/11 9:56,13177.0
C569733,10/6/11 9:57,12500.0
569734,10/6/11 10:31,14538.0
569735,10/6/11 10:34,14646.0
569736,10/6/11 10:44,14317.0
569737,10/6/11 10:45,16295.0
569738,10/6/11 10:48,13013.0
569739,10/6/11 10:48,14911.0
569740,10/6/11 10:52,15769.0
569741,10/6/11 10:52,14626.0
569742,10/6/11 10:53,16478.0
C569743,10/6/11 10:57,15769.0
569766,10/6/11 11:24,14849.0
569767,10/6/11 11:24,14849.0
569768,10/6/11 11:27,13078.0
569769,10/6/11 11:28,13078.0
569780,10/6/11 11:38,13199.0
569781,10/6/11 11:38,13199.0
C569786,10/6/11 11:40,17813.0
569789,10/6/11 11:41,16924.0
569790,10/6/11 11:42,15910.0
569799,10/6/11 11:47,13602.0
569803,10/6/11 11:48,13090.0
569815,10/6/11 11:53,15838.0
569816,10/6/11 11:58,
569817,10/6/11 12:09,
569818,10/6/11 12:11,
569822,10/6/11 12:13,15706.0
569823,10/6/11 12:15,16895.0
569824,10/6/11 12:22,17295.0
569825,10/6/11 12:23,15805.0
569826,10/6/11 12:25,18161.0
569827,10/6/11 12:26,13591.0
569828,10/6/11 12:35,14527.0
C569829,10/6/11 12:37,14527.0
569830,10/6/11 12:38,
569831,10/6/11 12:38,
569832,10/6/11 12:51,15315.0
569833,10/6/11 12:56,15306.0
569834,10/6/11 13:00,14383.0
569835,10/6/11 13:05,15518.0
569836,10/6/11 13:06,12910.0
569837,10/6/11 13:11,12748.0
569838,10/6/11 13:20,13504.0
569839,10/6/11 13:21,15769.0
569840,10/6/11 13:26,17428.0
569841,10/6/11 13:27,17428.0
569842,10/6/11 13:28,13426.0
569843,10/6/11 13:29,14449.0
569844,10/6/11 13:30,12626.0
569845,10/6/11 13:41,14819.0
569846,10/6/11 13:42,13422.0
569847,10/6/11 13:45,14116.0
569848,10/6/11 13:48,16316.0
569849,10/6/11 13:49,15264.0
569850,10/6/11 13:59,16432.0
C569851,10/6/11 14:02,17511.0
569852,10/6/11 14:17,13771.0
569853,10/6/11 14:18,13771.0
569854,10/6/11 14:26,
569855,10/6/11 14:27,
569856,10/6/11 14:28,17068.0
569857,10/6/11 14:31,12939.0
569858,10/6/11 14:33,12939.0
569859,10/6/11 14:36,16814.0
569860,10/6/11 14:37,13812.0
569861,10/6/11 14:37,13816.0
569862,10/6/11 14:43,14518.0
569863,10/6/11 14:44,
569864,10/6/11 14:45,14533.0
569865,10/6/11 14:47,12748.0
569866,10/6/11 14:50,12757.0
569867,10/6/11 14:54,12569.0
569868,10/6/11 14:59,13018.0
569869,10/6/11 14:59,
569870,10/6/11 14:59,12757.0
569871,10/6/11 15:04,13089.0
569872,10/6/11 15:05,13089.0
569873,10/6/11 15:05,13089.0
569874,10/6/11 15:06,
569875,10/6/11 15:07,
569876,10/6/11 15:08,
569877,10/6/11 15:09,
569878,10/6/11 15:12,
569879,10/6/11 15:13,
569880,10/6/11 15:14,
569881,10/6/11 15:14,
569882,10/6/11 15:15,
569883,10/6/11 15:16,
569884,10/6/11 15:16,
569885,10/6/11 15:17,
569886,10/6/11 15:24,
569887,10/6/11 15:28,13882.0
569888,10/6/11 15:31,13049.0
569889,10/6/11 15:32,17930.0
569890,10/6/11 15:46,14738.0
C569891,10/6/11 15:46,13924.0
569892,10/6/11 15:48,15937.0
569893,10/6/11 15:51,12627.0
569894,10/6/11 15:53,15707.0
569895,10/6/11 15:55,
569896,10/6/11 15:58,
569897,10/6/11 16:01,17813.0
569898,10/6/11 16:08,
569899,10/6/11 16:15,13940.0
569900,10/6/11 16:17,17651.0
569901,10/6/11 16:20,12923.0
C569902,10/6/11 16:20,13647.0
569903,10/6/11 16:25,13892.0
569904,10/6/11 16:27,13023.0
569905,10/6/11 16:28,13549.0
569906,10/6/11 16:34,12748.0
569907,10/6/11 16:41,12569.0
C569908,10/6/11 16:41,16782.0
C569909,10/6/11 16:43,17611.0
569910,10/6/11 16:47,17139.0
C569911,10/6/11 16:47,16653.0
569912,10/6/11 16:50,17139.0
C569913,10/6/11 16:50,14217.0
569914,10/6/11 16:54,14257.0
569915,10/6/11 16:57,16454.0
C569916,10/6/11 17:00,13777.0
569917,10/6/11 17:02,17453.0
569918,10/6/11 17:03,15766.0
569919,10/6/11 17:08,15300.0
569920,10/6/11 17:28,13348.0
569921,10/6/11 17:28,12523.0
C569922,10/6/11 17:38,16842.0
569923,10/6/11 17:43,16184.0
569924,10/6/11 17:44,
569925,10/6/11 17:45,
569926,10/6/11 17:45,
569927,10/6/11 17:45,
569928,10/6/11 17:49,
569929,10/6/11 17:50,
569930,10/6/11 17:50,
569931,10/6/11 17:50,
569932,10/6/11 17:51,18221.0
569933,10/6/11 17:51,
569934,10/6/11 17:51,
569935,10/6/11 17:52,
569936,10/6/11 17:52,17490.0
569937,10/6/11 17:52,
C569938,10/6/11 17:55,14211.0
C569939,10/6/11 17:57,14883.0
C569940,10/6/11 18:00,15611.0
C569941,10/6/11 18:06,16909.0
569943,10/6/11 18:08,14592.0
C569942,10/6/11 18:08,14907.0
C569944,10/6/11 18:12,17405.0
C569945,10/6/11 18:14,14141.0
C569946,10/6/11 18:16,16462.0
569947,10/6/11 18:20,
569948,10/6/11 18:23,14959.0
C569949,10/6/11 18:27,12584.0
C569950,10/6/11 18:28,13499.0
C569951,10/6/11 18:29,16394.0
C569952,10/6/11 18:30,16160.0
C569953,10/6/11 18:31,15841.0
C569954,10/6/11 18:34,14792.0
C569955,10/6/11 18:35,17644.0
C569956,10/6/11 18:36,14944.0
C569957,10/6/11 18:37,15745.0
C569958,10/6/11 18:38,13266.0
C569959,10/6/11 18:39,13983.0
C569960,10/6/11 18:40,18172.0
C569961,10/6/11 18:44,13704.0
569962,10/6/11 18:45,13993.0
C569963,10/6/11 18:45,13131.0
C569964,10/6/11 18:46,16523.0
569965,10/6/11 18:47,18109.0
C569966,10/6/11 18:51,13279.0
C569967,10/6/11 18:54,17490.0
569968,10/6/11 18:56,17921.0
C569969,10/6/11 18:56,17159.0
C569970,10/6/11 18:57,13055.0
C569971,10/6/11 19:20,16875.0
C569972,10/6/11 19:21,13317.0
C569973,10/6/11 19:23,12703.0
C569974,10/6/11 19:24,14092.0
C569975,10/6/11 19:25,14333.0
C569976,10/6/11 19:26,16747.0
569977,10/6/11 19:27,14702.0
C569978,10/6/11 19:27,13988.0
C569979,10/6/11 19:29,17652.0
C569980,10/6/11 19:31,13767.0
C569981,10/6/11 19:36,12679.0
C569982,10/6/11 19:39,15365.0
569983,10/6/11 19:49,17231.0
C569984,10/6/11 19:50,17231.0
C569985,10/6/11 19:51,15365.0
C569986,10/6/11 19:52,16245.0
C569987,10/6/11 19:54,18194.0
C569988,10/6/11 19:57,17231.0
C569989,10/6/11 20:08,16839.0
C569990,10/6/11 20:11,15505.0
C569991,10/6/11 20:15,14501.0
C569992,10/6/11 20:18,16133.0
C569993,10/6/11 20:28,17633.0
C569994,10/6/11 20:33,15606.0
C569995,10/6/11 20:36,14557.0
C569996,10/6/11 20:38,15322.0
569997,10/7/11 8:08,12394.0
569998,10/7/11 8:12,12540.0
569999,10/7/11 8:49,17030.0
570000,10/7/11 8:55,12420.0
570001,10/7/11 9:10,14427.0
570002,10/7/11 9:16,12477.0
570003,10/7/11 9:19,14792.0
C570004,10/7/11 9:21,13198.0
C570005,10/7/11 9:22,14462.0
C570006,10/7/11 9:24,14217.0
570007,10/7/11 9:26,12519.0
570008,10/7/11 9:30,13359.0
570009,10/7/11 9:38,14138.0
570010,10/7/11 9:42,15297.0
570011,10/7/11 9:44,16477.0
C570012,10/7/11 9:53,15344.0
570013,10/7/11 9:55,
570014,10/7/11 9:56,15214.0
570015,10/7/11 9:56,
570016,10/7/11 10:06,14911.0
570017,10/7/11 10:09,15706.0
570018,10/7/11 10:12,13629.0
570019,10/7/11 10:13,17841.0
570020,10/7/11 10:18,12684.0
570021,10/7/11 10:20,17841.0
570022,10/7/11 10:21,14067.0
570023,10/7/11 10:22,13876.0
570024,10/7/11 10:29,17975.0
C570025,10/7/11 10:29,
570026,10/7/11 10:37,12781.0
570027,10/7/11 10:41,14844.0
570028,10/7/11 10:42,16210.0
570030,10/7/11 10:44,12740.0
570036,10/7/11 10:50,16358.0
570049,10/7/11 10:55,17228.0
570065,10/7/11 11:07,
C570066,10/7/11 11:09,16523.0
570076,10/7/11 11:17,15738.0
570082,10/7/11 11:19,12524.0
570086,10/7/11 11:22,17086.0
570087,10/7/11 11:26,
570088,10/7/11 11:32,16764.0
570089,10/7/11 11:38,16839.0
570090,10/7/11 11:43,13806.0
570091,10/7/11 11:47,15632.0
570092,10/7/11 11:51,16029.0
570093,10/7/11 11:55,18096.0
570094,10/7/11 11:56,16029.0
570095,10/7/11 11:57,12528.0
570096,10/7/11 11:58,15311.0
570097,10/7/11 12:05,16029.0
570098,10/7/11 12:11,13169.0
C570099,10/7/11 12:11,13798.0
570100,10/7/11 12:12,13695.0
570101,10/7/11 12:14,14560.0
570102,10/7/11 12:17,16455.0
570103,10/7/11 12:18,15719.0
570108,10/7/11 12:25,13004.0
570110,10/7/11 12:27,
570111,10/7/11 12:28,15005.0
570112,10/7/11 12:29,
570113,10/7/11 12:31,15874.0
570114,10/7/11 12:31,13587.0
570115,10/7/11 12:37,13798.0
570116,10/7/11 12:38,12856.0
570117,10/7/11 12:42,15815.0
570118,10/7/11 12:44,13276.0
570119,10/7/11 12:45,12748.0
570120,10/7/11 12:49,
570121,10/7/11 12:49,13419.0
C570122,10/7/11 12:58,15874.0
570123,10/7/11 13:09,13314.0
570124,10/7/11 13:11,16989.0
570125,10/7/11 13:14,17509.0
570126,10/7/11 13:16,16910.0
570127,10/7/11 13:17,16900.0
570128,10/7/11 13:21,13689.0
570129,10/7/11 13:34,12885.0
570130,10/7/11 13:40,12885.0
570144,10/7/11 13:57,13004.0
570167,10/7/11 14:04,15615.0
570168,10/7/11 14:05,17596.0
570177,10/7/11 14:17,17509.0
570178,10/7/11 14:23,16558.0
570179,10/7/11 14:27,17509.0
570180,10/7/11 14:28,17509.0
570181,10/7/11 14:28,16354.0
570183,10/7/11 14:43,15208.0
570184,10/7/11 14:46,14029.0
570185,10/7/11 14:56,
570186,10/7/11 15:01,17509.0
570187,10/7/11 15:09,
570188,10/7/11 15:13,13763.0
570189,10/7/11 15:15,12492.0
570190,10/7/11 15:18,13456.0
570191,10/7/11 15:23,12778.0
570192,10/7/11 15:26,17509.0
570193,10/7/11 15:32,
C570194,10/7/11 15:36,16918.0
570195,10/7/11 15:38,14825.0
570196,10/7/11 15:40,18136.0
570197,10/7/11 15:45,13755.0
570198,10/7/11 15:50,
C570199,10/7/11 15:52,13090.0
570200,10/7/11 16:03,16918.0
570201,10/7/11 16:06,16918.0
570202,10/7/11 16:21,
C570203,10/7/11 16:49,15311.0
570206,10/9/11 10:13,15465.0
C570207,10/9/11 10:20,16326.0
570208,10/9/11 10:23,16104.0
570209,10/9/11 10:29,16326.0
570210,10/9/11 10:48,13259.0
570211,10/9/11 11:15,13558.0
570212,10/9/11 11:29,17811.0
570213,10/9/11 11:32,16248.0
570214,10/9/11 11:50,12748.0
570215,10/9/11 11:53,16066.0
570216,10/9/11 12:04,14595.0
570217,10/9/11 12:19,17323.0
570218,10/9/11 12:20,16873.0
570219,10/9/11 12:44,16809.0
570220,10/9/11 12:49,15612.0
C570221,10/9/11 12:56,13113.0
570222,10/9/11 12:59,13113.0
570223,10/9/11 13:11,15787.0
570224,10/9/11 13:15,16931.0
570225,10/9/11 13:15,16595.0
570226,10/9/11 13:19,16931.0
570227,10/9/11 13:21,13260.0
570228,10/9/11 13:28,15821.0
570229,10/9/11 13:30,15756.0
570230,10/9/11 13:41,18088.0
570231,10/9/11 13:44,16685.0
570232,10/9/11 13:58,14040.0
570233,10/9/11 13:58,16685.0
570234,10/9/11 14:22,17790.0
570235,10/9/11 14:30,13193.0
570236,10/9/11 14:45,
570237,10/9/11 14:48,13212.0
570238,10/9/11 15:01,16332.0
570239,10/9/11 15:04,16518.0
570240,10/9/11 15:17,13212.0
570241,10/9/11 15:24,14801.0
570242,10/9/11 15:40,16380.0
570243,10/9/11 15:47,15606.0
570244,10/9/11 16:05,14514.0
570245,10/9/11 16:11,14415.0
570246,10/9/11 16:22,16921.0
570247,10/10/11 8:23,15193.0
570248,10/10/11 8:30,17809.0
570249,10/10/11 8:58,17509.0
570250,10/10/11 9:01,14027.0
570251,10/10/11 9:06,17025.0
570252,10/10/11 9:14,14665.0
570253,10/10/11 9:18,14156.0
570254,10/10/11 9:41,16179.0
570255,10/10/11 9:41,17648.0
570256,10/10/11 9:53,15152.0
570257,10/10/11 9:56,13767.0
570258,10/10/11 9:56,
570259,10/10/11 9:59,
570260,10/10/11 10:00,
570261,10/10/11 10:00,
570262,10/10/11 10:00,
570263,10/10/11 10:00,
570264,10/10/11 10:03,
570265,10/10/11 10:07,15125.0
570266,10/10/11 10:10,15125.0
570267,10/10/11 10:13,12682.0
570268,10/10/11 10:16,13098.0
570269,10/10/11 10:16,17227.0
570270,10/10/11 10:23,15304.0
570271,10/10/11 10:29,13756.0
570272,10/10/11 10:45,14297.0
570273,10/10/11 10:51,13373.0
C570274,10/10/11 10:52,13113.0
570275,10/10/11 10:57,13098.0
C570276,10/10/11 11:03,17419.0
C570278,10/10/11 11:05,14534.0
C570279,10/10/11 11:06,13694.0
570280,10/10/11 11:12,15473.0
570281,10/10/11 11:14,17949.0
570282,10/10/11 11:20,13473.0
C570283,10/10/11 11:20,12708.0
570284,10/10/11 11:30,14419.0
570285,10/10/11 11:32,16637.0
570286,10/10/11 11:32,
570287,10/10/11 11:37,17425.0
570288,10/10/11 11:47,16960.0
570289,10/10/11 11:50,17377.0
C570290,10/10/11 11:54,14665.0
C570291,10/10/11 11:56,12731.0
570292,10/10/11 11:59,13418.0
570293,10/10/11 12:00,14128.0
570294,10/10/11 12:00,
C570301,10/10/11 12:04,16900.0
570332,10/10/11 12:18,18169.0
C570331,10/10/11 12:18,14606.0
570333,10/10/11 12:19,18126.0
570337,10/10/11 12:23,16688.0
570338,10/10/11 12:25,16029.0
570342,10/10/11 12:26,17706.0
570348,10/10/11 12:28,16982.0
570353,10/10/11 12:29,17706.0
570356,10/10/11 12:30,15330.0
570374,10/10/11 12:34,14719.0
570380,10/10/11 12:35,14606.0
570388,10/10/11 12:37,14911.0
570403,10/10/11 12:45,
570404,10/10/11 12:50,16395.0
570405,10/10/11 12:51,13429.0
570407,10/10/11 12:52,17186.0
C570406,10/10/11 12:52,17841.0
570408,10/10/11 12:59,13685.0
570409,10/10/11 13:03,12682.0
570410,10/10/11 13:04,16776.0
570411,10/10/11 13:11,16954.0
570412,10/10/11 13:12,16385.0
570413,10/10/11 13:13,17652.0
570414,10/10/11 13:17,17214.0
570415,10/10/11 13:27,14201.0
570416,10/10/11 13:30,15608.0
570417,10/10/11 13:31,
570418,10/10/11 13:31,15211.0
570419,10/10/11 13:33,15608.0
570420,10/10/11 13:33,17841.0
570421,10/10/11 13:34,13980.0
570422,10/10/11 13:37,14132.0
570423,10/10/11 13:38,14451.0
570424,10/10/11 13:41,17372.0
570425,10/10/11 13:54,15128.0
570426,10/10/11 13:55,13352.0
570427,10/10/11 13:56,17462.0
570428,10/10/11 14:02,15553.0
570429,10/10/11 14:06,13225.0
570430,10/10/11 14:25,15886.0
570440,10/10/11 14:31,
570441,10/10/11 14:37,15473.0
570442,10/10/11 14:37,16549.0
570443,10/10/11 14:37,17203.0
570444,10/10/11 14:38,17284.0
570445,10/10/11 14:42,12748.0
570446,10/10/11 14:49,12431.0
C570447,10/10/11 14:50,16791.0
570448,10/10/11 14:55,13224.0
570449,10/10/11 14:57,16133.0
C570450,10/10/11 15:00,13224.0
570451,10/10/11 15:15,
570452,10/10/11 15:15,12427.0
C570453,10/10/11 15:19,
C570454,10/10/11 15:21,
570455,10/10/11 15:27,14529.0
C570456,10/10/11 15:38,
570457,10/10/11 15:39,13666.0
570458,10/10/11 15:39,14535.0
570459,10/10/11 15:42,15801.0
C570460,10/10/11 15:42,17527.0
570461,10/10/11 15:45,14434.0
570462,10/10/11 15:48,
C570463,10/10/11 15:59,
C570464,10/10/11 16:01,
570465,10/10/11 16:02,
570466,10/10/11 16:03,16791.0
570467,10/10/11 16:06,12607.0
C570468,10/10/11 16:32,
570470,10/10/11 16:36,
C570471,10/10/11 16:37,13408.0
570472,10/10/11 16:38,
570473,10/10/11 16:41,
570474,10/10/11 16:41,
570475,10/10/11 16:47,
C570476,10/10/11 16:54,17509.0
C570477,10/10/11 16:55,14719.0
C570478,10/10/11 16:55,14644.0
570479,10/10/11 16:58,17589.0
570481,10/10/11 17:00,17552.0
570482,10/10/11 17:00,17459.0
C570480,10/10/11 17:00,17552.0
C570483,10/10/11 17:01,13078.0
C570484,10/10/11 17:08,14911.0
570485,10/10/11 17:09,14911.0
C570486,10/10/11 17:11,14533.0
570488,10/10/11 17:12,14096.0
C570487,10/10/11 17:12,14096.0
570489,10/10/11 17:13,14533.0
C570490,10/10/11 17:16,14356.0
570491,10/10/11 17:26,14395.0
570492,10/11/11 8:23,14194.0
570493,10/11/11 8:24,14194.0
570494,10/11/11 8:30,14051.0
570495,10/11/11 9:05,16861.0
570496,10/11/11 9:05,16422.0
570497,10/11/11 9:07,
570498,10/11/11 9:10,16136.0
570499,10/11/11 9:19,12772.0
570500,10/11/11 9:19,15858.0
570501,10/11/11 9:23,14857.0
570502,10/11/11 9:24,14744.0
570503,10/11/11 9:26,17965.0
570504,10/11/11 9:29,18241.0
570505,10/11/11 9:41,14841.0
570506,10/11/11 9:50,13283.0
570507,10/11/11 9:53,16561.0
C570508,10/11/11 10:14,15706.0
570509,10/11/11 10:16,13109.0
570510,10/11/11 10:22,15370.0
570511,10/11/11 10:24,14397.0
570512,10/11/11 10:31,14952.0
570513,10/11/11 10:33,14952.0
570514,10/11/11 10:36,13089.0
570516,10/11/11 10:39,14121.0
C570515,10/11/11 10:39,12719.0
570517,10/11/11 10:41,13971.0
570518,10/11/11 10:41,
570519,10/11/11 10:42,
570520,10/11/11 10:43,
570521,10/11/11 10:43,12371.0
570522,10/11/11 10:46,16029.0
C570552,10/11/11 11:01,16029.0
C570553,10/11/11 11:01,14800.0
570554,10/11/11 11:02,14800.0
570555,10/11/11 11:03,17119.0
C570556,10/11/11 11:10,16029.0
570557,10/11/11 11:15,16029.0
C570573,10/11/11 11:25,14997.0
570590,10/11/11 11:34,18075.0
570591,10/11/11 11:35,17071.0
570592,10/11/11 11:37,
570593,10/11/11 11:38,18180.0
570594,10/11/11 11:43,13517.0
570595,10/11/11 11:47,
570596,10/11/11 11:48,
570597,10/11/11 11:49,16837.0
570598,10/11/11 11:55,14175.0
570599,10/11/11 12:00,
570600,10/11/11 12:05,16076.0
570601,10/11/11 12:08,17620.0
570602,10/11/11 12:17,14141.0
570632,10/11/11 12:27,17412.0
570634,10/11/11 12:27,15024.0
570637,10/11/11 12:34,12530.0
570638,10/11/11 12:36,17888.0
570640,10/11/11 12:38,12474.0
570642,10/11/11 12:41,15024.0
570645,10/11/11 12:44,
570646,10/11/11 12:49,12824.0
570648,10/11/11 13:09,16086.0
C570647,10/11/11 13:09,15125.0
570649,10/11/11 13:12,17659.0
570650,10/11/11 13:13,13263.0
570651,10/11/11 13:34,14911.0
570652,10/11/11 13:45,17863.0
570653,10/11/11 13:49,14710.0
C570654,10/11/11 13:55,
C570655,10/11/11 14:03,15208.0
570656,10/11/11 14:10,16120.0
570657,10/11/11 14:10,14911.0
C570658,10/11/11 14:14,16120.0
570659,10/11/11 14:17,16120.0
570660,10/11/11 14:18,14866.0
570661,10/11/11 14:19,17554.0
570662,10/11/11 14:19,16120.0
570663,10/11/11 14:20,13627.0
570664,10/11/11 14:21,16362.0
570665,10/11/11 14:22,16120.0
570666,10/11/11 14:24,13919.0
570667,10/11/11 14:33,12362.0
570668,10/11/11 14:34,17837.0
570669,10/11/11 14:37,15955.0
570670,10/11/11 14:39,14624.0
570671,10/11/11 14:51,16171.0
570672,10/11/11 14:52,12536.0
570673,10/11/11 14:54,15351.0
570674,10/11/11 14:59,14911.0
570675,10/11/11 15:03,13690.0
570676,10/11/11 15:10,14640.0
570677,10/11/11 15:10,12836.0
570678,10/11/11 15:12,15199.0
570679,10/11/11 15:26,17769.0
570680,10/11/11 15:36,13969.0
570681,10/11/11 15:45,12381.0
570682,10/11/11 15:53,12948.0
C570683,10/11/11 16:09,16161.0
C570684,10/11/11 16:24,14535.0
570685,10/11/11 16:25,13208.0
C570686,10/11/11 16:27,13418.0
C570687,10/11/11 16:28,14959.0
570688,10/11/11 16:29,
570690,10/11/11 16:37,
570691,10/11/11 16:44,
C570692,10/11/11 16:48,13359.0
570693,10/11/11 16:50,16161.0
570694,10/12/11 8:10,14911.0
570695,10/12/11 8:56,17489.0
570696,10/12/11 9:08,15840.0
570697,10/12/11 9:10,15281.0
570698,10/12/11 9:13,18171.0
570699,10/12/11 9:20,15421.0
570700,10/12/11 9:29,14156.0
570701,10/12/11 9:35,16652.0
570702,10/12/11 9:38,16652.0
570703,10/12/11 9:50,14911.0
570705,10/12/11 9:54,13208.0
C570704,10/12/11 9:54,13208.0
570706,10/12/11 10:04,14911.0
570707,10/12/11 10:08,14541.0
C570708,10/12/11 10:11,12908.0
570709,10/12/11 10:13,
570710,10/12/11 10:13,
570711,10/12/11 10:14,
570712,10/12/11 10:15,
570713,10/12/11 10:18,17064.0
570714,10/12/11 10:20,13520.0
570715,10/12/11 10:23,18287.0
570716,10/12/11 10:26,17193.0
570717,10/12/11 10:35,17173.0
570718,10/12/11 10:36,12518.0
570719,10/12/11 10:45,17913.0
570720,10/12/11 10:50,17934.0
570721,10/12/11 10:51,13842.0
570722,10/12/11 11:08,14642.0
570723,10/12/11 11:09,15267.0
570724,10/12/11 11:22,12602.0
570725,10/12/11 11:30,12381.0
570726,10/12/11 11:32,16607.0
C570727,10/12/11 11:32,12471.0
570731,10/12/11 11:33,15038.0
570733,10/12/11 11:33,17190.0
570754,10/12/11 11:40,12633.0
570761,10/12/11 11:41,
570769,10/12/11 11:43,12664.0
570776,10/12/11 11:45,13985.0
C570775,10/12/11 11:45,12664.0
570784,10/12/11 11:49,12569.0
570790,10/12/11 11:55,13575.0
570791,10/12/11 11:58,17346.0
570792,10/12/11 12:01,12709.0
570793,10/12/11 12:08,12444.0
570794,10/12/11 12:10,14761.0
570795,10/12/11 12:16,17193.0
570796,10/12/11 12:19,16241.0
570797,10/12/11 12:24,15311.0
570798,10/12/11 12:30,12679.0
570799,10/12/11 12:31,16203.0
570806,10/12/11 12:42,13115.0
570807,10/12/11 12:44,13704.0
570818,10/12/11 12:47,17841.0
570821,10/12/11 12:51,17173.0
570822,10/12/11 12:52,
570823,10/12/11 12:54,12691.0
570824,10/12/11 12:58,14299.0
570825,10/12/11 12:59,18229.0
570826,10/12/11 13:14,16753.0
570827,10/12/11 13:14,15831.0
C570828,10/12/11 13:15,14911.0
570829,10/12/11 13:17,16295.0
570830,10/12/11 13:20,14852.0
C570831,10/12/11 13:25,14911.0
570832,10/12/11 13:28,13058.0
570833,10/12/11 13:30,14834.0
570834,10/12/11 13:31,13865.0
C570835,10/12/11 13:46,12457.0
570836,10/12/11 13:55,17410.0
570837,10/12/11 13:55,
570838,10/12/11 14:05,
570839,10/12/11 14:08,14911.0
570840,10/12/11 14:10,13468.0
570841,10/12/11 14:18,12553.0
570842,10/12/11 14:21,17676.0
570843,10/12/11 14:22,17293.0
570844,10/12/11 14:28,15473.0
C570845,10/12/11 14:29,17017.0
570846,10/12/11 14:33,13983.0
570847,10/12/11 14:42,17737.0
570848,10/12/11 14:42,15473.0
570849,10/12/11 14:43,15473.0
C570850,10/12/11 14:44,15473.0
570851,10/12/11 14:46,12583.0
570852,10/12/11 14:48,13078.0
C570853,10/12/11 14:54,15473.0
C570854,10/12/11 14:55,15473.0
570855,10/12/11 14:56,17314.0
570856,10/12/11 15:01,13464.0
570857,10/12/11 15:06,15555.0
570858,10/12/11 15:15,
570859,10/12/11 15:22,18277.0
570860,10/12/11 15:25,
570861,10/12/11 15:27,14775.0
570862,10/12/11 15:35,17528.0
570863,10/12/11 15:39,15144.0
570864,10/12/11 15:41,16945.0
570865,10/12/11 15:42,16945.0
570866,10/12/11 15:49,17096.0
C570867,10/12/11 16:17,12607.0
570868,10/12/11 16:18,
570869,10/12/11 16:21,
570871,10/12/11 16:36,
570872,10/12/11 16:40,
570873,10/12/11 16:41,
570874,10/12/11 16:42,
570875,10/12/11 17:00,12667.0
570876,10/12/11 17:19,16085.0
570877,10/13/11 8:27,16523.0
570878,10/13/11 8:28,16523.0
570879,10/13/11 8:42,12685.0
570880,10/13/11 9:16,14291.0
570881,10/13/11 9:30,12498.0
570882,10/13/11 9:45,13930.0
570883,10/13/11 9:55,13477.0
570884,10/13/11 10:09,17315.0
570885,10/13/11 10:20,14211.0
570886,10/13/11 10:23,13777.0
570887,10/13/11 10:25,17169.0
570888,10/13/11 10:26,17509.0
C570889,10/13/11 10:49,13954.0
570896,10/13/11 10:52,14217.0
C570902,10/13/11 10:53,17724.0
570906,10/13/11 10:54,14537.0
570910,10/13/11 10:55,15489.0
570919,10/13/11 10:57,12584.0
C570958,10/13/11 11:30,16873.0
570961,10/13/11 11:37,13784.0
C570962,10/13/11 11:46,17509.0
C570963,10/13/11 11:49,13816.0
570964,10/13/11 11:50,12766.0
570973,10/13/11 11:53,14180.0
570983,10/13/11 11:57,14963.0
570984,10/13/11 11:58,17279.0
C570996,10/13/11 12:02,14849.0
C571003,10/13/11 12:04,15801.0
571006,10/13/11 12:06,17063.0
571007,10/13/11 12:07,13487.0
571008,10/13/11 12:07,17063.0
C571009,10/13/11 12:12,12612.0
571010,10/13/11 12:13,
571011,10/13/11 12:13,
571012,10/13/11 12:15,
571013,10/13/11 12:16,
C571014,10/13/11 12:16,17509.0
571016,10/13/11 12:17,
571017,10/13/11 12:17,15116.0
571024,10/13/11 12:18,
C571023,10/13/11 12:18,15239.0
571027,10/13/11 12:19,
571028,10/13/11 12:21,16770.0
C571029,10/13/11 12:23,13035.0
571030,10/13/11 12:26,12876.0
571031,10/13/11 12:30,15005.0
571032,10/13/11 12:38,13827.0
571033,10/13/11 12:46,14251.0
571034,10/13/11 12:47,12359.0
571035,10/13/11 12:50,12446.0
571036,10/13/11 12:52,17567.0
571037,10/13/11 12:58,
571038,10/13/11 12:58,15511.0
571039,10/13/11 12:59,16121.0
571040,10/13/11 12:59,15272.0
571041,10/13/11 13:00,14527.0
571042,10/13/11 13:04,
571043,10/13/11 13:20,17892.0
571044,10/13/11 13:24,14421.0
C571045,10/13/11 13:32,15606.0
571046,10/13/11 13:35,18096.0
571047,10/13/11 13:42,16042.0
571048,10/13/11 13:43,16042.0
571049,10/13/11 13:43,16670.0
571050,10/13/11 13:44,14624.0
C571051,10/13/11 13:49,14626.0
571052,10/13/11 13:50,
571053,10/13/11 13:53,12631.0
571054,10/13/11 13:58,14234.0
571055,10/13/11 14:08,14975.0
571056,10/13/11 14:10,15367.0
571057,10/13/11 14:13,15367.0
571058,10/13/11 14:18,13853.0
C571059,10/13/11 14:27,17813.0
571060,10/13/11 14:28,17813.0
571061,10/13/11 14:33,
571062,10/13/11 14:37,16773.0
571063,10/13/11 14:47,16430.0
571064,10/13/11 14:48,17181.0
571065,10/13/11 14:59,12613.0
C571066,10/13/11 15:05,12709.0
571067,10/13/11 15:08,16793.0
571069,10/13/11 15:15,13668.0
571080,10/13/11 15:19,13719.0
571081,10/13/11 15:23,16775.0
571082,10/13/11 15:25,
571090,10/13/11 15:28,15271.0
571098,10/13/11 15:38,17841.0
571099,10/13/11 15:43,13911.0
571100,10/13/11 15:47,16682.0
571101,10/13/11 15:49,16570.0
571102,10/13/11 15:50,16570.0
571103,10/13/11 15:50,18160.0
571104,10/13/11 15:58,18130.0
571105,10/13/11 16:01,17614.0
571106,10/13/11 16:14,14976.0
571107,10/13/11 16:17,13858.0
571108,10/13/11 16:24,14555.0
571109,10/13/11 16:33,14976.0
571111,10/13/11 16:37,14976.0
571112,10/13/11 17:36,
571113,10/13/11 17:37,
571114,10/13/11 17:40,
571115,10/13/11 17:40,
571116,10/13/11 17:46,
571117,10/13/11 17:51,16224.0
571118,10/14/11 8:29,16239.0
571119,10/14/11 9:04,
571120,10/14/11 9:06,16950.0
571121,10/14/11 9:21,18228.0
571122,10/14/11 9:28,16566.0
571123,10/14/11 9:35,14856.0
571124,10/14/11 9:36,
571125,10/14/11 9:48,16394.0
571126,10/14/11 9:53,
C571127,10/14/11 10:01,12583.0
571128,10/14/11 10:03,
571129,10/14/11 10:03,14156.0
571130,10/14/11 10:05,
571131,10/14/11 10:13,
571142,10/14/11 10:21,14567.0
571158,10/14/11 10:25,14606.0
571169,10/14/11 10:28,16168.0
571178,10/14/11 10:38,14089.0
571179,10/14/11 10:42,15482.0
571180,10/14/11 10:47,15498.0
571181,10/14/11 10:48,15498.0
571182,10/14/11 10:55,13115.0
571183,10/14/11 11:08,14796.0
571184,10/14/11 11:09,15478.0
571185,10/14/11 11:15,13047.0
C571186,10/14/11 11:28,14390.0
571187,10/14/11 11:39,12380.0
571188,10/14/11 11:42,12783.0
571189,10/14/11 11:42,13213.0
571190,10/14/11 11:43,17771.0
571191,10/14/11 11:44,17404.0
571192,10/14/11 11:55,13050.0
571193,10/14/11 11:56,15484.0
C571196,10/14/11 12:02,
571197,10/14/11 12:08,16413.0
571198,10/14/11 12:16,
571199,10/14/11 12:19,17949.0
571200,10/14/11 12:25,14060.0
571201,10/14/11 12:28,14937.0
571202,10/14/11 12:29,14937.0
571203,10/14/11 12:33,17677.0
571204,10/14/11 12:34,17677.0
571205,10/14/11 12:41,15620.0
571212,10/14/11 12:53,12856.0
571213,10/14/11 12:55,13995.0
571214,10/14/11 12:56,14390.0
571215,10/14/11 12:57,13810.0
571216,10/14/11 13:06,16081.0
571217,10/14/11 13:24,17451.0
571218,10/14/11 13:24,17451.0
571219,10/14/11 13:35,15601.0
571221,10/14/11 13:35,16416.0
C571220,10/14/11 13:35,13810.0
571222,10/14/11 13:36,
571223,10/14/11 13:36,13810.0
571224,10/14/11 13:41,13136.0
571225,10/14/11 13:41,14397.0
571226,10/14/11 13:49,13006.0
571227,10/14/11 13:54,12477.0
571228,10/14/11 14:00,15132.0
571229,10/14/11 14:04,15453.0
571230,10/14/11 14:16,13717.0
571231,10/14/11 14:22,15856.0
571232,10/14/11 14:22,17986.0
C571233,10/14/11 14:22,15856.0
571234,10/14/11 14:28,15856.0
571235,10/14/11 14:37,15078.0
571236,10/14/11 14:38,15078.0
571237,10/14/11 14:38,15078.0
571238,10/14/11 14:44,14290.0
571239,10/14/11 14:54,12744.0
571240,10/14/11 14:55,12562.0
571241,10/14/11 14:58,14592.0
571242,10/14/11 15:04,17809.0
571243,10/14/11 15:26,14595.0
571244,10/14/11 15:46,17180.0
571245,10/14/11 15:50,16839.0
571246,10/14/11 15:59,17750.0
571247,10/14/11 16:04,15826.0
571248,10/14/11 16:05,15826.0
571249,10/14/11 16:25,
571250,10/14/11 16:49,17892.0
C571251,10/14/11 16:57,13814.0
571254,10/14/11 17:07,
571255,10/14/11 17:13,12454.0
571256,10/14/11 17:16,
571257,10/14/11 17:17,
571258,10/14/11 17:23,17837.0
571259,10/16/11 10:19,12901.0
571260,10/16/11 10:41,16206.0
571261,10/16/11 10:50,12901.0
C571262,10/16/11 10:52,12901.0
571263,10/16/11 11:06,14910.0
C571264,10/16/11 11:07,17769.0
571265,10/16/11 11:31,16674.0
571266,10/16/11 11:41,17769.0
571267,10/16/11 11:58,17811.0
571268,10/16/11 12:06,15351.0
571269,10/16/11 12:09,16243.0
571270,10/16/11 12:09,12940.0
571271,10/16/11 12:16,15440.0
571272,10/16/11 12:19,13878.0
571273,10/16/11 12:21,13034.0
571274,10/16/11 12:25,16934.0
571275,10/16/11 12:28,15994.0
571276,10/16/11 12:30,14702.0
571277,10/16/11 12:40,16934.0
571278,10/16/11 12:46,14780.0
571279,10/16/11 12:54,16466.0
571280,10/16/11 13:08,18122.0
571281,10/16/11 13:23,14088.0
571282,10/16/11 13:24,15545.0
571283,10/16/11 13:51,16533.0
571284,10/16/11 14:07,14562.0
C571285,10/16/11 14:26,16533.0
571286,10/16/11 14:35,14547.0
C571287,10/16/11 15:03,13610.0
571288,10/16/11 15:13,16052.0
571289,10/16/11 15:27,15113.0
571290,10/16/11 15:32,17183.0
571291,10/16/11 15:44,13610.0
571292,10/16/11 15:45,15311.0
571293,10/16/11 15:56,13956.0
571294,10/16/11 16:09,16987.0
571295,10/16/11 16:12,14741.0
571296,10/16/11 16:13,13760.0
571297,10/16/11 16:25,16987.0
571298,10/17/11 8:14,15769.0
571299,10/17/11 8:30,13798.0
571300,10/17/11 8:56,14262.0
571301,10/17/11 8:59,15218.0
571302,10/17/11 9:07,12989.0
571303,10/17/11 9:36,13875.0
571304,10/17/11 9:37,12526.0
571305,10/17/11 9:55,
571306,10/17/11 9:57,16701.0
571307,10/17/11 10:10,14443.0
571308,10/17/11 10:10,12475.0
571309,10/17/11 10:17,13685.0
571310,10/17/11 10:17,13394.0
571311,10/17/11 10:33,17402.0
571312,10/17/11 10:42,12474.0
571313,10/17/11 10:42,14156.0
571314,10/17/11 10:43,14156.0
571315,10/17/11 10:47,16542.0
C571316,10/17/11 10:47,15091.0
571317,10/17/11 10:48,17377.0
571318,10/17/11 10:50,17404.0
C571319,10/17/11 10:50,17164.0
C571320,10/17/11 10:57,13089.0
C571321,10/17/11 11:04,17096.0
571322,10/17/11 11:05,13534.0
571323,10/17/11 11:07,13534.0
571324,10/17/11 11:08,12783.0
C571325,10/17/11 11:09,12783.0
571326,10/17/11 11:11,12783.0
C571327,10/17/11 11:12,12783.0
571328,10/17/11 11:27,12473.0
C571329,10/17/11 11:32,17706.0
C571336,10/17/11 11:43,16652.0
C571346,10/17/11 11:46,16101.0
571352,10/17/11 11:49,18042.0
571360,10/17/11 11:51,16563.0
571372,10/17/11 11:55,17201.0
571377,10/17/11 11:56,14911.0
571404,10/17/11 12:04,17520.0
571405,10/17/11 12:12,13871.0
571406,10/17/11 12:12,13871.0
571407,10/17/11 12:16,13750.0
571408,10/17/11 12:22,15012.0
571409,10/17/11 12:25,14911.0
571410,10/17/11 12:32,17527.0
571411,10/17/11 12:33,17858.0
571412,10/17/11 12:33,17734.0
571413,10/17/11 12:33,13923.0
571418,10/17/11 12:35,16412.0
571425,10/17/11 12:41,14911.0
571426,10/17/11 12:41,15179.0
571427,10/17/11 12:46,17205.0
571428,10/17/11 12:47,17534.0
571429,10/17/11 12:50,15335.0
571430,10/17/11 12:51,13090.0
571431,10/17/11 12:52,13881.0
571432,10/17/11 13:03,16737.0
571433,10/17/11 13:19,13015.0
571434,10/17/11 13:22,13069.0
571435,10/17/11 13:23,14211.0
571436,10/17/11 13:23,16076.0
571437,10/17/11 13:23,13069.0
571438,10/17/11 13:25,15066.0
571439,10/17/11 13:25,17206.0
571441,10/17/11 13:31,14096.0
C571440,10/17/11 13:31,14096.0
571442,10/17/11 13:39,17049.0
571443,10/17/11 13:43,17785.0
571444,10/17/11 13:44,18179.0
571445,10/17/11 13:44,12463.0
571446,10/17/11 13:46,14911.0
571447,10/17/11 13:47,14911.0
571456,10/17/11 13:57,16729.0
571457,10/17/11 14:01,12963.0
571458,10/17/11 14:02,
571459,10/17/11 14:03,
571460,10/17/11 14:06,
571461,10/17/11 14:12,16932.0
571462,10/17/11 14:14,16363.0
571463,10/17/11 14:23,16463.0
571464,10/17/11 14:28,14805.0
571465,10/17/11 14:29,14830.0
C571466,10/17/11 14:31,16463.0
C571473,10/17/11 14:38,12679.0
571474,10/17/11 14:41,16389.0
571475,10/17/11 14:42,15033.0
571476,10/17/11 14:51,13546.0
571477,10/17/11 14:54,12794.0
571486,10/17/11 14:59,17612.0
571496,10/17/11 15:02,13265.0
571497,10/17/11 15:03,14841.0
571498,10/17/11 15:06,17841.0
C571499,10/17/11 15:07,12454.0
571500,10/17/11 15:09,
C571501,10/17/11 15:14,
571502,10/17/11 15:18,14422.0
571504,10/17/11 15:19,16133.0
571505,10/17/11 15:19,17244.0
571506,10/17/11 15:22,15355.0
C571507,10/17/11 15:24,13919.0
571508,10/17/11 15:27,
571509,10/17/11 15:28,13110.0
571510,10/17/11 15:37,18241.0
571511,10/17/11 16:04,15598.0
571544,10/17/11 16:53,17757.0
C571543,10/17/11 16:53,17677.0
571545,10/17/11 16:59,
571546,10/17/11 17:24,17920.0
571547,10/18/11 7:43,17679.0
571548,10/18/11 7:56,15505.0
571549,10/18/11 8:12,13536.0
571550,10/18/11 8:15,13892.0
571551,10/18/11 8:28,15637.0
571552,10/18/11 8:42,16848.0
571553,10/18/11 9:07,17317.0
571554,10/18/11 9:13,
571555,10/18/11 9:15,16458.0
571556,10/18/11 9:24,12662.0
571557,10/18/11 9:25,15678.0
571558,10/18/11 9:30,17730.0
571559,10/18/11 9:32,14911.0
571560,10/18/11 9:54,14897.0
571561,10/18/11 10:02,14015.0
571562,10/18/11 10:04,14156.0
571563,10/18/11 10:07,16249.0
571564,10/18/11 10:16,16019.0
571565,10/18/11 10:18,12720.0
571566,10/18/11 10:19,13594.0
571594,10/18/11 10:51,15971.0
571595,10/18/11 10:52,15971.0
571601,10/18/11 10:53,17073.0
571610,10/18/11 10:55,13953.0
571622,10/18/11 10:58,14798.0
C571619,10/18/11 10:58,16140.0
C571625,10/18/11 10:59,16140.0
571628,10/18/11 11:13,15311.0
571629,10/18/11 11:18,13362.0
571633,10/18/11 11:27,
C571634,10/18/11 11:34,16029.0
C571635,10/18/11 11:39,16393.0
571636,10/18/11 11:41,13509.0
571638,10/18/11 11:55,15327.0
C571637,10/18/11 11:55,14688.0
571640,10/18/11 12:01,17203.0
C571639,10/18/11 12:01,15498.0
571641,10/18/11 12:07,17135.0
571642,10/18/11 12:07,17203.0
571652,10/18/11 12:17,
571653,10/18/11 12:17,14298.0
571654,10/18/11 12:17,18118.0
571655,10/18/11 12:18,14688.0
571656,10/18/11 12:43,16393.0
571657,10/18/11 12:44,13835.0
571658,10/18/11 12:48,12621.0
571660,10/18/11 12:49,16191.0
571662,10/18/11 12:54,14861.0
571663,10/18/11 12:56,17262.0
571664,10/18/11 12:59,17090.0
571665,10/18/11 12:59,12540.0
571666,10/18/11 13:02,16422.0
571667,10/18/11 13:04,14554.0
571668,10/18/11 13:10,16515.0
571669,10/18/11 13:11,17758.0
571670,10/18/11 13:12,12611.0
571671,10/18/11 13:15,16940.0
571672,10/18/11 13:15,13880.0
571673,10/18/11 13:19,13991.0
571674,10/18/11 13:22,
571675,10/18/11 13:26,13700.0
571676,10/18/11 13:29,16910.0
571677,10/18/11 13:32,13637.0
C571678,10/18/11 13:33,12679.0
571679,10/18/11 13:41,14159.0
C571680,10/18/11 13:43,12679.0
571681,10/18/11 13:44,16734.0
571682,10/18/11 14:00,14179.0
571683,10/18/11 14:07,15140.0
571684,10/18/11 14:11,16730.0
571685,10/18/11 14:15,12863.0
571686,10/18/11 14:22,
571687,10/18/11 14:23,
571688,10/18/11 14:24,
571689,10/18/11 14:28,
571690,10/18/11 14:32,14191.0
571691,10/18/11 14:34,13860.0
571692,10/18/11 14:34,13860.0
571693,10/18/11 14:44,14776.0
571694,10/18/11 14:44,13308.0
C571695,10/18/11 14:46,14776.0
571696,10/18/11 14:47,15604.0
571697,10/18/11 14:49,12759.0
571698,10/18/11 14:50,13805.0
C571699,10/18/11 14:51,15106.0
571700,10/18/11 15:00,
571701,10/18/11 15:05,14639.0
571702,10/18/11 15:06,14639.0
571703,10/18/11 15:07,
571704,10/18/11 15:15,
571705,10/18/11 15:22,12360.0
571706,10/18/11 15:26,15144.0
C571707,10/18/11 15:33,14056.0
571708,10/18/11 15:42,12955.0
571709,10/18/11 15:52,16463.0
571710,10/18/11 15:54,13032.0
C571711,10/18/11 16:21,15296.0
571712,10/18/11 16:46,14056.0
571713,10/18/11 16:58,
571714,10/18/11 17:00,
571715,10/18/11 17:04,17576.0
571716,10/18/11 17:05,
571717,10/18/11 17:10,14381.0
571718,10/18/11 17:29,
571719,10/18/11 17:29,
571720,10/18/11 17:29,
571721,10/18/11 17:30,
571722,10/18/11 17:30,
571723,10/18/11 17:30,
571724,10/19/11 8:20,12572.0
571725,10/19/11 8:32,13491.0
571726,10/19/11 9:00,16191.0
571728,10/19/11 9:18,16123.0
571729,10/19/11 9:43,12500.0
571730,10/19/11 9:48,16851.0
571731,10/19/11 9:51,
571732,10/19/11 9:58,16298.0
571733,10/19/11 9:59,16187.0
571734,10/19/11 9:59,17148.0
571735,10/19/11 10:03,14229.0
571735,10/19/11 10:04,14229.0
571736,10/19/11 10:05,17549.0
571737,10/19/11 10:31,14367.0
571738,10/19/11 10:32,13089.0
571739,10/19/11 10:33,12500.0
571740,10/19/11 10:34,17973.0
571741,10/19/11 10:36,15610.0
571742,10/19/11 10:36,12971.0
571743,10/19/11 10:38,15853.0
571744,10/19/11 10:43,14434.0
571745,10/19/11 10:48,14911.0
571746,10/19/11 10:56,17043.0
571747,10/19/11 10:59,13849.0
571748,10/19/11 11:13,18077.0
571749,10/19/11 11:16,17934.0
C571750,10/19/11 11:16,12744.0
571751,10/19/11 11:18,12744.0
571779,10/19/11 11:27,12748.0
571793,10/19/11 11:38,16621.0
571797,10/19/11 11:41,
571809,10/19/11 11:44,15039.0
C571814,10/19/11 11:45,14477.0
571824,10/19/11 11:49,12472.0
571828,10/19/11 11:52,16440.0
571829,10/19/11 11:53,16131.0
571830,10/19/11 11:53,16131.0
571831,10/19/11 12:01,16979.0
571836,10/19/11 12:10,18019.0
571837,10/19/11 12:11,16470.0
571839,10/19/11 12:12,14107.0
C571838,10/19/11 12:12,17841.0
571840,10/19/11 12:16,13590.0
571841,10/19/11 12:21,17625.0
571842,10/19/11 12:28,16684.0
571843,10/19/11 12:28,16684.0
571844,10/19/11 12:30,17101.0
571845,10/19/11 12:34,16869.0
571846,10/19/11 12:35,17841.0
571847,10/19/11 12:39,15220.0
571848,10/19/11 12:50,13576.0
571849,10/19/11 12:52,12841.0
571850,10/19/11 12:54,14698.0
571851,10/19/11 13:02,12596.0
571852,10/19/11 13:20,14273.0
571853,10/19/11 13:23,14306.0
C571854,10/19/11 13:24,15826.0
C571855,10/19/11 13:36,17462.0
C571856,10/19/11 13:37,17063.0
571857,10/19/11 13:38,15468.0
C571858,10/19/11 13:38,14257.0
C571859,10/19/11 13:39,15159.0
C571860,10/19/11 13:42,14175.0
C571861,10/19/11 13:43,16670.0
C571862,10/19/11 13:45,13422.0
571863,10/19/11 13:49,15468.0
571864,10/19/11 13:49,12731.0
571883,10/19/11 13:58,14704.0
571890,10/19/11 14:05,16826.0
571891,10/19/11 14:10,
571892,10/19/11 14:12,13089.0
571894,10/19/11 14:13,
C571893,10/19/11 14:13,13314.0
571895,10/19/11 14:14,17824.0
C571896,10/19/11 14:18,16533.0
C571897,10/19/11 14:19,16157.0
571898,10/19/11 14:20,13247.0
571899,10/19/11 14:22,16885.0
571900,10/19/11 14:26,13263.0
571901,10/19/11 14:36,12757.0
C571902,10/19/11 14:39,14488.0
571903,10/19/11 14:40,15754.0
571904,10/19/11 14:41,12522.0
571905,10/19/11 14:51,12370.0
571906,10/19/11 14:55,14297.0
C571907,10/19/11 14:55,14297.0
571908,10/19/11 14:56,15803.0
571909,10/19/11 15:08,15006.0
571910,10/19/11 15:09,
571911,10/19/11 15:15,17562.0
571912,10/19/11 15:26,17512.0
571913,10/19/11 15:29,18210.0
571914,10/19/11 15:33,14776.0
571915,10/19/11 15:34,
571916,10/19/11 15:34,14776.0
571917,10/19/11 15:46,13078.0
571918,10/19/11 16:05,17350.0
C571919,10/19/11 16:08,17350.0
571920,10/19/11 16:16,14799.0
571923,10/19/11 16:24,12685.0
C571925,10/19/11 16:31,13115.0
571926,10/19/11 16:41,16722.0
C571927,10/19/11 16:41,13109.0
C571928,10/19/11 16:44,12720.0
571929,10/19/11 16:47,
571930,10/19/11 16:56,
571931,10/19/11 16:59,
571932,10/19/11 17:21,
571933,10/20/11 8:19,13199.0
571934,10/20/11 8:21,16170.0
571935,10/20/11 8:41,13890.0
571936,10/20/11 9:04,15814.0
571937,10/20/11 9:28,14911.0
571938,10/20/11 9:32,13669.0
571939,10/20/11 9:40,16260.0
571940,10/20/11 9:57,15301.0
571941,10/20/11 10:04,14261.0
571942,10/20/11 10:06,17434.0
571943,10/20/11 10:10,14638.0
571944,10/20/11 10:15,13755.0
571945,10/20/11 10:34,17354.0
571965,10/20/11 10:41,17238.0
571987,10/20/11 10:47,17007.0
572021,10/20/11 10:57,15664.0
C572022,10/20/11 10:58,16474.0
572023,10/20/11 11:03,17764.0
572024,10/20/11 11:17,14631.0
572025,10/20/11 11:30,17651.0
572026,10/20/11 11:40,13245.0
C572027,10/20/11 11:44,15754.0
572028,10/20/11 11:47,15296.0
C572029,10/20/11 11:48,17651.0
572030,10/20/11 11:51,14923.0
572031,10/20/11 11:53,14866.0
572032,10/20/11 11:54,14214.0
572033,10/20/11 11:58,14447.0
572034,10/20/11 12:00,14447.0
572035,10/20/11 12:03,14646.0
572036,10/20/11 12:04,18149.0
572037,10/20/11 12:07,17365.0
572045,10/20/11 12:11,14527.0
572047,10/20/11 12:13,16474.0
572048,10/20/11 12:21,14477.0
572049,10/20/11 12:21,17243.0
572050,10/20/11 12:23,17346.0
572051,10/20/11 12:24,14646.0
572052,10/20/11 12:26,14646.0
572053,10/20/11 12:28,14495.0
572054,10/20/11 12:31,12642.0
572055,10/20/11 12:34,17346.0
572056,10/20/11 12:40,17402.0
572057,10/20/11 12:41,16593.0
572058,10/20/11 12:43,18252.0
C572059,10/20/11 12:45,17346.0
572060,10/20/11 12:52,12569.0
572061,10/20/11 12:53,12474.0
572062,10/20/11 12:57,16177.0
572063,10/20/11 12:57,14606.0
572064,10/20/11 13:06,15159.0
572065,10/20/11 13:06,12556.0
572066,10/20/11 13:07,15159.0
572067,10/20/11 13:13,16099.0
572068,10/20/11 13:20,13159.0
572069,10/20/11 13:24,14911.0
572070,10/20/11 13:37,15587.0
572071,10/20/11 13:37,13366.0
572072,10/20/11 13:40,
572073,10/20/11 13:46,13263.0
572074,10/20/11 13:54,16284.0
572075,10/20/11 13:55,16846.0
572076,10/20/11 14:01,13761.0
572077,10/20/11 14:09,15807.0
572078,10/20/11 14:10,15807.0
572079,10/20/11 14:11,14484.0
572080,10/20/11 14:12,16592.0
572081,10/20/11 14:13,16592.0
572082,10/20/11 14:18,17672.0
572085,10/20/11 14:23,14427.0
572086,10/20/11 14:30,13897.0
572087,10/20/11 14:30,12683.0
572088,10/20/11 14:33,14585.0
572089,10/20/11 14:33,15565.0
572090,10/20/11 14:33,13573.0
572091,10/20/11 14:40,15129.0
572092,10/20/11 14:41,17125.0
572093,10/20/11 14:51,15121.0
572094,10/20/11 14:52,17420.0
572095,10/20/11 15:15,15511.0
572096,10/20/11 15:20,16813.0
572097,10/20/11 15:30,
572098,10/20/11 15:38,15117.0
572099,10/20/11 15:43,
572100,10/20/11 15:45,16705.0
572101,10/20/11 15:47,16705.0
C572102,10/20/11 15:56,13519.0
572103,10/20/11 15:57,17571.0
572104,10/20/11 16:21,15469.0
572105,10/20/11 17:00,15187.0
572106,10/20/11 17:04,15058.0
572107,10/20/11 17:13,15836.0
572108,10/20/11 18:08,15814.0
C572109,10/20/11 18:24,13350.0
C572110,10/20/11 19:11,14910.0
C572111,10/20/11 19:13,13136.0
C572112,10/20/11 19:13,14113.0
C572113,10/20/11 19:14,15179.0
C572114,10/20/11 19:15,17169.0
C572115,10/20/11 19:16,16394.0
C572116,10/20/11 19:17,15620.0
C572117,10/20/11 19:19,17603.0
C572118,10/20/11 19:21,18228.0
C572119,10/20/11 19:23,15598.0
C572120,10/20/11 19:29,14911.0
572121,10/20/11 19:51,17092.0
572122,10/21/11 8:24,15969.0
572123,10/21/11 8:40,14646.0
572124,10/21/11 8:47,14156.0
572125,10/21/11 8:57,16156.0
572126,10/21/11 9:04,16313.0
572127,10/21/11 9:20,14911.0
572128,10/21/11 9:23,15782.0
572129,10/21/11 9:25,17528.0
572130,10/21/11 9:50,13460.0
572131,10/21/11 9:56,13917.0
572132,10/21/11 10:03,13725.0
572133,10/21/11 10:11,12407.0
572134,10/21/11 10:13,12500.0
572139,10/21/11 10:19,18241.0
572182,10/21/11 10:32,13588.0
572183,10/21/11 10:50,16153.0
572184,10/21/11 10:51,12403.0
572185,10/21/11 10:52,
572186,10/21/11 10:55,16497.0
C572187,10/21/11 11:00,12403.0
572188,10/21/11 11:06,14967.0
572189,10/21/11 11:08,15286.0
572190,10/21/11 11:16,
572191,10/21/11 11:18,17377.0
572192,10/21/11 11:30,18118.0
572193,10/21/11 11:33,15061.0
572194,10/21/11 11:43,17832.0
572195,10/21/11 11:49,14562.0
572196,10/21/11 11:54,18102.0
572197,10/21/11 11:56,18102.0
572203,10/21/11 12:05,17068.0
572209,10/21/11 12:08,18102.0
572210,10/21/11 12:12,13755.0
572211,10/21/11 12:25,13429.0
572212,10/21/11 12:25,13918.0
572213,10/21/11 12:44,15358.0
572214,10/21/11 12:50,16918.0
572215,10/21/11 12:52,12646.0
572216,10/21/11 12:56,16015.0
572217,10/21/11 13:03,15311.0
572218,10/21/11 13:13,16311.0
572219,10/21/11 13:17,17463.0
572220,10/21/11 13:24,17800.0
572221,10/21/11 13:27,17086.0
572222,10/21/11 13:27,17940.0
C572223,10/21/11 13:36,14147.0
572224,10/21/11 13:46,16558.0
572225,10/21/11 13:50,13157.0
C572226,10/21/11 13:58,15321.0
572227,10/21/11 14:01,15051.0
C572228,10/21/11 14:03,15728.0
572229,10/21/11 14:23,14329.0
572230,10/21/11 14:29,15740.0
572231,10/21/11 14:41,13974.0
572232,10/21/11 14:41,16293.0
572233,10/21/11 14:41,14646.0
572234,10/21/11 14:41,16293.0
572235,10/21/11 14:42,16293.0
572236,10/21/11 14:42,14646.0
572237,10/21/11 14:49,15152.0
572238,10/21/11 14:50,15819.0
572239,10/21/11 15:15,
572240,10/21/11 15:18,13709.0
572241,10/21/11 15:20,12712.0
572242,10/21/11 15:36,15677.0
572243,10/21/11 15:43,17361.0
572244,10/21/11 15:54,14233.0
572272,10/21/11 16:18,13171.0
572274,10/21/11 16:48,14031.0
C572275,10/23/11 9:42,12572.0
C572276,10/23/11 10:24,16768.0
572277,10/23/11 10:38,16768.0
572278,10/23/11 10:46,16326.0
572279,10/23/11 10:56,16066.0
572280,10/23/11 11:05,16007.0
572281,10/23/11 11:10,17211.0
572282,10/23/11 11:39,17634.0
572283,10/23/11 11:42,15000.0
572284,10/23/11 12:08,16744.0
572285,10/23/11 12:16,14698.0
572286,10/23/11 12:18,16434.0
572287,10/23/11 12:26,15584.0
572288,10/23/11 12:28,17377.0
572289,10/23/11 12:37,13782.0
572290,10/23/11 12:46,14800.0
572291,10/23/11 12:46,16931.0
572292,10/23/11 12:56,16017.0
572293,10/23/11 13:02,12748.0
572294,10/23/11 13:10,13471.0
572295,10/23/11 13:49,16686.0
572296,10/23/11 14:28,13598.0
572297,10/23/11 14:30,15953.0
572298,10/23/11 14:33,14071.0
C572299,10/23/11 14:35,13598.0
572300,10/23/11 14:40,18005.0
572301,10/23/11 14:41,16794.0
572302,10/23/11 14:47,15427.0
572303,10/23/11 14:56,18109.0
572304,10/23/11 15:07,17131.0
572305,10/23/11 15:09,17131.0
572306,10/23/11 15:11,17841.0
572307,10/23/11 15:23,16905.0
572308,10/23/11 15:27,12748.0
572309,10/23/11 15:29,14432.0
572310,10/23/11 15:30,12748.0
572311,10/23/11 15:45,14035.0
572312,10/23/11 15:47,15022.0
572313,10/23/11 15:54,14731.0
572314,10/23/11 15:59,17111.0
572315,10/23/11 16:00,14504.0
572316,10/23/11 16:13,17836.0
572317,10/23/11 16:13,14629.0
572318,10/23/11 16:19,15436.0
572319,10/23/11 16:19,14704.0
572320,10/24/11 8:48,16325.0
572321,10/24/11 8:59,15592.0
572322,10/24/11 9:34,13138.0
572323,10/24/11 9:46,14312.0
572324,10/24/11 9:52,14607.0
572325,10/24/11 9:54,14607.0
572326,10/24/11 9:55,14607.0
572327,10/24/11 10:08,15277.0
572328,10/24/11 10:11,13104.0
572329,10/24/11 10:13,14019.0
572330,10/24/11 10:17,16426.0
572331,10/24/11 10:18,16491.0
572332,10/24/11 10:20,17186.0
572333,10/24/11 10:23,13704.0
C572334,10/24/11 10:25,14607.0
572335,10/24/11 10:27,14493.0
572336,10/24/11 10:29,13523.0
572337,10/24/11 10:30,14607.0
572338,10/24/11 10:30,15380.0
572339,10/24/11 10:32,14607.0
572340,10/24/11 10:36,14607.0
572341,10/24/11 10:36,
572342,10/24/11 10:38,14607.0
C572343,10/24/11 10:40,14607.0
572344,10/24/11 10:43,14607.0
572345,10/24/11 10:53,
C572346,10/24/11 10:58,
C572347,10/24/11 11:03,
572348,10/24/11 11:21,15482.0
572350,10/24/11 11:33,15516.0
572351,10/24/11 11:38,15516.0
572352,10/24/11 11:39,16814.0
572353,10/24/11 11:40,15215.0
572354,10/24/11 11:41,15215.0
572380,10/24/11 11:51,16019.0
572392,10/24/11 11:54,14764.0
C572398,10/24/11 11:55,
572399,10/24/11 11:56,15628.0
C572410,10/24/11 11:58,16742.0
572423,10/24/11 12:02,16742.0
C572422,10/24/11 12:02,
C572428,10/24/11 12:03,17949.0
C572440,10/24/11 12:06,17811.0
C572441,10/24/11 12:08,
572442,10/24/11 12:09,12546.0
572443,10/24/11 12:10,14145.0
C572444,10/24/11 12:12,
C572445,10/24/11 12:20,
C572446,10/24/11 12:23,
572447,10/24/11 12:25,17811.0
C572448,10/24/11 12:28,
C572449,10/24/11 12:34,14428.0
C572450,10/24/11 12:35,
572451,10/24/11 12:36,12921.0
572452,10/24/11 12:36,12921.0
572453,10/24/11 12:37,12921.0
572454,10/24/11 12:38,13808.0
C572455,10/24/11 12:41,
572457,10/24/11 12:44,12594.0
C572456,10/24/11 12:44,
572458,10/24/11 12:51,15142.0
572459,10/24/11 12:53,14911.0
572460,10/24/11 12:54,17001.0
572461,10/24/11 12:56,17344.0
572462,10/24/11 13:06,18240.0
C572463,10/24/11 13:07,17652.0
572464,10/24/11 13:08,17081.0
572465,10/24/11 13:26,14474.0
572466,10/24/11 13:28,14997.0
C572467,10/24/11 13:29,
572468,10/24/11 13:30,
C572469,10/24/11 13:31,13534.0
C572470,10/24/11 13:32,
C572471,10/24/11 13:33,17090.0
572472,10/24/11 13:34,14139.0
C572473,10/24/11 13:34,18188.0
572474,10/24/11 13:36,17423.0
572475,10/24/11 13:37,15271.0
572476,10/24/11 13:39,
572477,10/24/11 13:39,
C572478,10/24/11 13:39,13098.0
C572479,10/24/11 13:43,12463.0
572480,10/24/11 13:44,
C572481,10/24/11 13:48,15632.0
C572482,10/24/11 13:48,17314.0
572483,10/24/11 13:50,16444.0
572484,10/24/11 13:50,17220.0
C572485,10/24/11 13:50,14952.0
C572486,10/24/11 13:51,14156.0
572487,10/24/11 13:52,15801.0
C572488,10/24/11 13:57,12474.0
572490,10/24/11 13:59,14467.0
C572489,10/24/11 13:59,17119.0
C572491,10/24/11 14:02,13047.0
C572492,10/24/11 14:04,12940.0
572499,10/24/11 14:10,15786.0
572504,10/24/11 14:13,15786.0
572509,10/24/11 14:25,17004.0
572510,10/24/11 14:27,
572511,10/24/11 14:29,14895.0
572512,10/24/11 14:35,15806.0
572513,10/24/11 14:36,16728.0
572514,10/24/11 14:36,
572515,10/24/11 14:37,
572516,10/24/11 14:45,
572517,10/24/11 14:47,15068.0
572518,10/24/11 14:49,16353.0
572519,10/24/11 14:56,15046.0
572520,10/24/11 15:05,13165.0
572521,10/24/11 15:19,15844.0
572527,10/24/11 15:35,
572528,10/24/11 15:43,13176.0
C572529,10/24/11 15:52,17675.0
C572530,10/24/11 15:55,15782.0
C572531,10/24/11 15:57,13269.0
C572532,10/24/11 16:03,12380.0
572533,10/24/11 16:06,
572534,10/24/11 16:07,
C572535,10/24/11 16:07,15411.0
572536,10/24/11 16:08,
572537,10/24/11 16:09,
572539,10/24/11 16:10,
C572538,10/24/11 16:10,14121.0
572540,10/24/11 16:17,
572541,10/24/11 16:20,17315.0
572542,10/24/11 16:20,17272.0
572543,10/24/11 16:24,
572544,10/24/11 16:34,16023.0
572545,10/24/11 16:48,17450.0
C572546,10/24/11 16:50,17481.0
572547,10/24/11 17:01,
572548,10/24/11 17:01,
572549,10/24/11 17:03,
572550,10/24/11 17:06,
572552,10/24/11 17:07,14096.0
C572551,10/24/11 17:07,14096.0
572553,10/24/11 17:09,
C572554,10/24/11 17:16,17317.0
572555,10/24/11 17:19,17317.0
C572556,10/24/11 17:26,17317.0
572557,10/24/11 17:44,
572558,10/25/11 8:26,14286.0
572559,10/25/11 8:44,12476.0
572560,10/25/11 8:45,12476.0
572561,10/25/11 8:51,13652.0
572562,10/25/11 9:07,13481.0
572563,10/25/11 9:31,12928.0
572564,10/25/11 9:56,
572565,10/25/11 10:17,16762.0
572566,10/25/11 10:17,13050.0
572567,10/25/11 10:27,12398.0
572568,10/25/11 10:31,14001.0
572569,10/25/11 10:32,17870.0
572612,10/25/11 11:14,16186.0
572613,10/25/11 11:28,15345.0
572614,10/25/11 11:38,
572615,10/25/11 11:39,
572616,10/25/11 11:46,18147.0
572617,10/25/11 11:52,18272.0
572650,10/25/11 12:00,15506.0
572651,10/25/11 12:06,17350.0
572652,10/25/11 12:11,15805.0
572653,10/25/11 12:12,15861.0
572654,10/25/11 12:12,15805.0
572655,10/25/11 12:20,16708.0
572656,10/25/11 12:22,14607.0
572657,10/25/11 12:27,15615.0
572658,10/25/11 12:29,17690.0
572660,10/25/11 12:30,14527.0
C572659,10/25/11 12:30,14527.0
572661,10/25/11 12:38,17193.0
572662,10/25/11 12:54,15443.0
572663,10/25/11 12:54,12748.0
572664,10/25/11 12:56,16401.0
572665,10/25/11 13:02,
572666,10/25/11 13:03,15134.0
572667,10/25/11 13:05,15963.0
572668,10/25/11 13:07,18045.0
572669,10/25/11 13:10,16549.0
572670,10/25/11 13:14,13685.0
572671,10/25/11 13:14,13340.0
572672,10/25/11 13:15,13340.0
572673,10/25/11 13:16,13309.0
572674,10/25/11 13:17,14173.0
572675,10/25/11 13:20,17917.0
572676,10/25/11 13:30,16258.0
572677,10/25/11 13:46,17596.0
572678,10/25/11 13:46,13182.0
572679,10/25/11 13:47,17024.0
572680,10/25/11 13:48,
572681,10/25/11 13:51,13510.0
572682,10/25/11 13:52,17928.0
572683,10/25/11 13:53,15158.0
572684,10/25/11 14:00,
572685,10/25/11 14:01,
572686,10/25/11 14:03,
572687,10/25/11 14:05,
572688,10/25/11 14:09,13028.0
572689,10/25/11 14:13,
572690,10/25/11 14:14,
572691,10/25/11 14:15,
572692,10/25/11 14:16,
572693,10/25/11 14:20,
572694,10/25/11 14:21,
572695,10/25/11 14:23,12610.0
572696,10/25/11 14:23,17857.0
572697,10/25/11 14:24,
572698,10/25/11 14:25,
572699,10/25/11 14:26,
572700,10/25/11 14:26,
572701,10/25/11 14:31,
572702,10/25/11 14:33,
572703,10/25/11 14:35,16110.0
572704,10/25/11 14:39,
572716,10/25/11 14:46,
572718,10/25/11 14:56,15656.0
572719,10/25/11 15:03,13871.0
572720,10/25/11 15:04,13978.0
572721,10/25/11 15:07,16201.0
C572722,10/25/11 15:08,16869.0
572723,10/25/11 15:13,
572724,10/25/11 15:14,
572725,10/25/11 15:14,
572726,10/25/11 15:19,16056.0
572731,10/25/11 15:20,
572732,10/25/11 15:21,18079.0
572733,10/25/11 15:27,18079.0
572734,10/25/11 15:34,13694.0
572735,10/25/11 15:36,15630.0
C572736,10/25/11 15:37,15836.0
572737,10/25/11 15:39,13384.0
572738,10/25/11 15:39,14234.0
572739,10/25/11 15:44,
572740,10/25/11 15:45,
572741,10/25/11 15:47,14341.0
572742,10/25/11 15:48,14341.0
572743,10/25/11 16:13,14482.0
572744,10/25/11 16:14,14085.0
572745,10/25/11 16:20,14085.0
572746,10/25/11 16:30,13263.0
C572747,10/25/11 16:49,17423.0
572748,10/25/11 16:50,
572749,10/25/11 16:52,
C572750,10/25/11 17:07,14395.0
572751,10/25/11 17:21,17449.0
572752,10/25/11 17:22,17449.0
572753,10/25/11 17:29,15856.0
C572754,10/25/11 17:29,15482.0
572755,10/25/11 17:31,13601.0
572756,10/25/11 17:32,15482.0
572757,10/25/11 18:05,
572758,10/25/11 18:39,
572759,10/25/11 18:45,
572760,10/26/11 8:30,16225.0
C572761,10/26/11 9:38,12584.0
572762,10/26/11 9:50,15240.0
572763,10/26/11 9:54,12812.0
572764,10/26/11 9:58,15110.0
572765,10/26/11 10:02,16013.0
572766,10/26/11 10:03,16013.0
572767,10/26/11 10:11,17865.0
572768,10/26/11 10:13,17865.0
572769,10/26/11 10:15,14051.0
572770,10/26/11 10:16,12371.0
572771,10/26/11 10:24,16173.0
572772,10/26/11 10:29,17511.0
572773,10/26/11 10:30,17511.0
572774,10/26/11 10:33,16966.0
572775,10/26/11 10:43,13126.0
572792,10/26/11 10:51,15516.0
572810,10/26/11 11:08,13644.0
572811,10/26/11 11:14,16071.0
572812,10/26/11 11:19,15089.0
572830,10/26/11 11:36,16208.0
C572831,10/26/11 11:37,14895.0
572832,10/26/11 11:40,16454.0
572833,10/26/11 11:41,12748.0
572834,10/26/11 11:46,12748.0
572835,10/26/11 11:49,17428.0
572836,10/26/11 11:51,15568.0
572837,10/26/11 12:01,14754.0
572838,10/26/11 12:03,14539.0
572843,10/26/11 12:06,14315.0
572845,10/26/11 12:11,16013.0
572846,10/26/11 12:14,14550.0
572847,10/26/11 12:15,14606.0
572848,10/26/11 12:19,16188.0
572849,10/26/11 12:20,
572851,10/26/11 12:22,16013.0
C572850,10/26/11 12:22,17841.0
572852,10/26/11 12:24,12879.0
572853,10/26/11 12:28,17712.0
572854,10/26/11 12:28,14096.0
572856,10/26/11 12:28,18118.0
C572855,10/26/11 12:28,15215.0
572857,10/26/11 12:31,16701.0
572858,10/26/11 12:36,13571.0
572859,10/26/11 12:39,16418.0
572860,10/26/11 12:42,17470.0
572861,10/26/11 12:46,14102.0
572862,10/26/11 12:48,16750.0
572863,10/26/11 12:53,17841.0
C572864,10/26/11 12:54,12856.0
572865,10/26/11 13:01,17841.0
572866,10/26/11 13:07,15005.0
572867,10/26/11 13:19,14598.0
572868,10/26/11 13:20,17564.0
572869,10/26/11 13:21,12798.0
572870,10/26/11 13:22,13408.0
572871,10/26/11 13:24,13408.0
572872,10/26/11 13:27,15320.0
572873,10/26/11 13:27,12820.0
572874,10/26/11 13:28,13408.0
572875,10/26/11 13:31,17706.0
572876,10/26/11 13:31,17109.0
572877,10/26/11 13:31,17706.0
572878,10/26/11 13:34,16029.0
572879,10/26/11 13:34,13408.0
572880,10/26/11 13:35,16415.0
572881,10/26/11 13:36,12748.0
572882,10/26/11 13:36,18226.0
572883,10/26/11 13:39,
572884,10/26/11 13:44,13924.0
572885,10/26/11 13:45,15311.0
572886,10/26/11 13:46,12448.0
572887,10/26/11 13:47,12362.0
572888,10/26/11 13:47,13694.0
572889,10/26/11 13:56,12748.0
572890,10/26/11 14:14,
572891,10/26/11 14:14,
572892,10/26/11 14:20,17017.0
572893,10/26/11 14:36,18059.0
572894,10/26/11 14:39,12569.0
572895,10/26/11 14:39,12569.0
572896,10/26/11 14:41,12456.0
572897,10/26/11 14:42,
572898,10/26/11 14:50,
572899,10/26/11 14:50,13435.0
572900,10/26/11 14:52,13107.0
572901,10/26/11 14:54,16332.0
572902,10/26/11 15:01,14866.0
572903,10/26/11 15:17,17974.0
572904,10/26/11 15:31,17175.0
572905,10/26/11 15:39,14690.0
572906,10/26/11 15:43,17557.0
572907,10/26/11 15:44,12827.0
572908,10/26/11 15:47,15835.0
572909,10/26/11 15:48,15821.0
572910,10/26/11 15:58,15990.0
572911,10/26/11 16:03,16345.0
572912,10/26/11 16:07,16915.0
572913,10/26/11 16:21,15993.0
572914,10/26/11 16:25,12948.0
C572916,10/26/11 16:29,16325.0
C572917,10/26/11 16:33,15296.0
572918,10/26/11 16:43,14379.0
572919,10/26/11 16:49,
572920,10/26/11 16:52,
572921,10/26/11 16:57,15993.0
572922,10/26/11 17:00,17895.0
572923,10/27/11 8:35,15948.0
572924,10/27/11 8:56,13416.0
572925,10/27/11 9:18,12523.0
572926,10/27/11 9:23,15659.0
C572927,10/27/11 9:25,14233.0
572928,10/27/11 9:27,14623.0
572929,10/27/11 9:36,16626.0
572930,10/27/11 10:01,17613.0
572931,10/27/11 10:02,17613.0
572932,10/27/11 10:14,15791.0
572933,10/27/11 10:15,13458.0
572934,10/27/11 10:18,12610.0
572935,10/27/11 10:26,14189.0
572946,10/27/11 10:36,13988.0
572960,10/27/11 10:40,18154.0
572964,10/27/11 10:41,12630.0
572969,10/27/11 10:46,13363.0
C572968,10/27/11 10:46,14764.0
572986,10/27/11 10:51,12681.0
C572989,10/27/11 10:53,15786.0
572990,10/27/11 10:54,18276.0
C572991,10/27/11 10:56,17672.0
572992,10/27/11 10:57,12681.0
C572993,10/27/11 10:58,16690.0
572994,10/27/11 11:10,17684.0
C572995,10/27/11 11:11,13890.0
572996,10/27/11 11:22,
572997,10/27/11 11:24,17878.0
572998,10/27/11 11:42,14560.0
572999,10/27/11 11:47,14560.0
573000,10/27/11 11:55,14752.0
573001,10/27/11 12:08,12841.0
573002,10/27/11 12:09,14646.0
573003,10/27/11 12:11,14646.0
573004,10/27/11 12:12,14646.0
573005,10/27/11 12:13,17414.0
573006,10/27/11 12:16,16232.0
573007,10/27/11 12:22,16009.0
573008,10/27/11 12:26,12901.0
C573010,10/27/11 12:29,13735.0
573019,10/27/11 12:33,15145.0
573020,10/27/11 12:37,14842.0
C573021,10/27/11 12:39,14911.0
573022,10/27/11 12:42,16011.0
573023,10/27/11 12:53,13882.0
C573024,10/27/11 12:57,14474.0
573025,10/27/11 13:07,
573026,10/27/11 13:25,17459.0
573027,10/27/11 13:26,18225.0
573028,10/27/11 13:29,16847.0
573029,10/27/11 13:33,14971.0
C573030,10/27/11 13:34,15468.0
C573031,10/27/11 13:35,13004.0
573032,10/27/11 13:36,18211.0
573033,10/27/11 13:41,14099.0
C573034,10/27/11 13:41,14227.0
573035,10/27/11 13:43,12433.0
573036,10/27/11 13:44,12437.0
C573037,10/27/11 13:45,12471.0
573038,10/27/11 13:48,17545.0
573066,10/27/11 13:53,16026.0
573068,10/27/11 13:56,17545.0
573069,10/27/11 13:58,18077.0
573070,10/27/11 13:59,13263.0
573074,10/27/11 14:03,16265.0
573075,10/27/11 14:04,17545.0
573076,10/27/11 14:05,13488.0
573077,10/27/11 14:13,12536.0
573078,10/27/11 14:13,12839.0
C573079,10/27/11 14:15,12536.0
573080,10/27/11 14:20,12536.0
C573081,10/27/11 14:20,14527.0
573082,10/27/11 14:21,17173.0
573083,10/27/11 14:22,13735.0
C573084,10/27/11 14:24,13587.0
573085,10/27/11 14:27,14441.0
C573086,10/27/11 14:27,13991.0
573093,10/27/11 14:38,18283.0
C573092,10/27/11 14:38,13791.0
573094,10/27/11 14:39,15707.0
573095,10/27/11 14:40,14239.0
573096,10/27/11 14:40,14004.0
C573097,10/27/11 14:42,15038.0
C573098,10/27/11 14:45,15088.0
C573099,10/27/11 14:47,12921.0
573100,10/27/11 14:49,17528.0
C573101,10/27/11 14:50,16592.0
573102,10/27/11 14:52,13266.0
573103,10/27/11 14:56,16513.0
573104,10/27/11 14:59,17652.0
C573105,10/27/11 15:04,13969.0
573106,10/27/11 15:05,12626.0
573107,10/27/11 15:06,
573108,10/27/11 15:09,12430.0
573109,10/27/11 15:19,15144.0
573110,10/27/11 15:24,17677.0
573111,10/27/11 15:25,17677.0
573112,10/27/11 15:33,16416.0
573113,10/27/11 15:36,18261.0
573114,10/27/11 15:36,
573115,10/27/11 15:37,
573116,10/27/11 15:49,14525.0
573117,10/27/11 16:11,16688.0
573118,10/27/11 16:19,
573119,10/27/11 16:21,15498.0
573120,10/27/11 16:21,
573121,10/27/11 16:22,15498.0
573122,10/27/11 16:23,14357.0
573123,10/27/11 16:23,13654.0
573124,10/27/11 16:24,13654.0
573125,10/27/11 16:31,16855.0
573126,10/27/11 16:32,15738.0
573128,10/27/11 16:34,13538.0
573129,10/27/11 16:35,13147.0
573130,10/27/11 16:41,13969.0
573131,10/27/11 16:44,15622.0
573132,10/27/11 16:55,15189.0
573133,10/27/11 16:58,15288.0
573134,10/27/11 16:59,12952.0
573135,10/27/11 17:00,12952.0
573136,10/27/11 17:00,12709.0
573137,10/27/11 17:15,
573138,10/27/11 17:22,15023.0
573139,10/27/11 17:29,14716.0
573140,10/27/11 17:34,15955.0
573141,10/27/11 17:35,16680.0
573142,10/27/11 17:48,18035.0
573143,10/27/11 17:56,13098.0
573144,10/27/11 17:57,18035.0
573145,10/27/11 18:02,18219.0
573146,10/27/11 18:10,16422.0
C573147,10/27/11 19:00,15125.0
C573148,10/27/11 19:16,15469.0
573149,10/27/11 19:56,16438.0
573150,10/27/11 20:07,15014.0
573151,10/27/11 20:09,17602.0
573152,10/27/11 20:16,17530.0
573153,10/28/11 7:39,12678.0
573154,10/28/11 8:20,
573155,10/28/11 8:34,13632.0
573156,10/28/11 8:52,16656.0
573157,10/28/11 8:53,17669.0
573158,10/28/11 8:56,14738.0
573159,10/28/11 8:58,16648.0
573160,10/28/11 8:58,14359.0
573161,10/28/11 9:00,17736.0
573162,10/28/11 9:01,15611.0
573163,10/28/11 9:06,16843.0
573164,10/28/11 9:06,13993.0
573165,10/28/11 9:12,16164.0
573166,10/28/11 9:15,13089.0
573167,10/28/11 9:29,18287.0
573168,10/28/11 9:39,13798.0
573169,10/28/11 9:56,
573170,10/28/11 9:59,
573171,10/28/11 10:00,14218.0
C573172,10/28/11 10:02,16966.0
573173,10/28/11 10:10,12362.0
573174,10/28/11 10:25,
573175,10/28/11 10:27,15096.0
573176,10/28/11 10:27,
573177,10/28/11 10:29,
573178,10/28/11 10:45,14412.0
573179,10/28/11 10:56,13199.0
C573180,10/28/11 11:00,
573181,10/28/11 11:02,
573182,10/28/11 11:09,14232.0
573183,10/28/11 11:33,15028.0
573184,10/28/11 11:33,14110.0
573185,10/28/11 11:34,17730.0
C573187,10/28/11 11:38,12709.0
573195,10/28/11 11:40,12432.0
573196,10/28/11 11:41,15028.0
573200,10/28/11 11:43,12432.0
C573219,10/28/11 11:49,14415.0
C573228,10/28/11 11:54,16764.0
573230,10/28/11 11:55,13199.0
573231,10/28/11 11:56,15267.0
573245,10/28/11 12:08,17841.0
C573244,10/28/11 12:08,14623.0
573248,10/28/11 12:09,14498.0
C573253,10/28/11 12:14,17552.0
573254,10/28/11 12:18,
573255,10/28/11 12:18,
573256,10/28/11 12:19,
573258,10/28/11 12:19,
C573257,10/28/11 12:19,14297.0
573259,10/28/11 12:20,
C573260,10/28/11 12:27,15287.0
573261,10/28/11 12:32,17949.0
573262,10/28/11 12:33,16851.0
573263,10/28/11 12:34,13694.0
573264,10/28/11 12:36,14415.0
573265,10/28/11 12:39,16150.0
573266,10/28/11 12:40,15290.0
573267,10/28/11 12:44,
C573268,10/28/11 12:50,12748.0
573269,10/28/11 13:00,16764.0
573270,10/28/11 13:00,17418.0
C573271,10/28/11 13:00,14606.0
573272,10/28/11 13:02,13102.0
573273,10/28/11 13:04,12678.0
573274,10/28/11 13:10,
573275,10/28/11 13:12,15311.0
573276,10/28/11 13:14,13985.0
573277,10/28/11 13:18,14606.0
573278,10/28/11 13:19,16102.0
573279,10/28/11 13:22,16107.0
573280,10/28/11 13:42,14221.0
573281,10/28/11 13:51,12895.0
573282,10/28/11 13:55,18030.0
C573283,10/28/11 13:57,18030.0
573284,10/28/11 14:27,13812.0
573285,10/28/11 14:38,17611.0
573286,10/28/11 14:38,
573287,10/28/11 14:42,14194.0
573288,10/28/11 14:42,14194.0
573289,10/28/11 14:44,12705.0
573290,10/28/11 14:51,
573291,10/28/11 14:51,16554.0
573292,10/28/11 15:10,14416.0
573293,10/28/11 15:14,
573294,10/28/11 15:32,14397.0
573295,10/28/11 15:54,14440.0
573300,10/28/11 16:10,16049.0
573305,10/28/11 16:13,17837.0
C573306,10/28/11 16:15,17837.0
573307,10/28/11 16:24,
573308,10/28/11 16:32,
573309,10/28/11 16:37,17272.0
573310,10/28/11 16:44,
573311,10/28/11 16:45,14071.0
573313,10/28/11 16:46,
573314,10/28/11 17:26,16987.0
573315,10/28/11 17:27,17839.0
573316,10/28/11 18:07,12657.0
573317,10/28/11 18:09,
573318,10/28/11 18:11,
573319,10/30/11 10:18,17651.0
573320,10/30/11 10:29,15513.0
C573321,10/30/11 10:35,14546.0
573322,10/30/11 10:44,15769.0
573323,10/30/11 10:54,15708.0
573324,10/30/11 10:56,16235.0
573325,10/30/11 10:58,15370.0
573326,10/30/11 11:08,15298.0
573327,10/30/11 11:09,15298.0
573328,10/30/11 11:09,16601.0
573329,10/30/11 11:19,14810.0
573330,10/30/11 11:22,16923.0
573331,10/30/11 11:25,15860.0
573332,10/30/11 11:28,15059.0
573333,10/30/11 11:34,12483.0
573334,10/30/11 11:35,12912.0
573335,10/30/11 11:35,15059.0
573336,10/30/11 11:37,17372.0
573337,10/30/11 11:42,17018.0
573338,10/30/11 11:47,14546.0
573339,10/30/11 11:49,13278.0
573340,10/30/11 11:55,14159.0
573341,10/30/11 11:55,16949.0
573342,10/30/11 11:56,14582.0
573343,10/30/11 11:59,13566.0
573344,10/30/11 12:07,14179.0
573345,10/30/11 12:14,17609.0
573346,10/30/11 12:18,17255.0
573347,10/30/11 12:26,13137.0
573348,10/30/11 12:27,14487.0
573349,10/30/11 12:28,17609.0
573350,10/30/11 12:32,17725.0
573351,10/30/11 12:34,13524.0
573352,10/30/11 12:35,14077.0
573353,10/30/11 12:39,16115.0
573354,10/30/11 12:42,14040.0
573355,10/30/11 12:43,15865.0
573356,10/30/11 12:43,15251.0
573357,10/30/11 12:45,15251.0
573358,10/30/11 12:46,17213.0
573359,10/30/11 12:48,14178.0
573360,10/30/11 12:51,15748.0
573361,10/30/11 12:53,14456.0
573362,10/30/11 13:06,12597.0
573363,10/30/11 13:06,16079.0
573364,10/30/11 13:09,14710.0
573365,10/30/11 13:13,12584.0
573366,10/30/11 13:17,16361.0
573367,10/30/11 13:17,16145.0
573368,10/30/11 13:18,14507.0
573369,10/30/11 13:19,16049.0
573370,10/30/11 13:30,16626.0
573371,10/30/11 13:34,13113.0
573372,10/30/11 13:36,12971.0
573373,10/30/11 13:37,14684.0
573374,10/30/11 13:39,14755.0
573375,10/30/11 13:42,15521.0
573376,10/30/11 13:50,13617.0
573377,10/30/11 13:51,14653.0
573378,10/30/11 13:53,14217.0
573379,10/30/11 14:03,15680.0
573380,10/30/11 14:04,14572.0
573381,10/30/11 14:05,17590.0
573382,10/30/11 14:15,17655.0
573383,10/30/11 14:18,17447.0
573384,10/30/11 14:19,15478.0
573385,10/30/11 14:21,13421.0
573386,10/30/11 14:27,17183.0
573387,10/30/11 14:33,15054.0
573388,10/30/11 14:44,14895.0
573389,10/30/11 14:45,14895.0
573390,10/30/11 14:53,17213.0
573391,10/30/11 14:57,14911.0
573392,10/30/11 15:04,15376.0
573393,10/30/11 15:08,14158.0
573394,10/30/11 15:10,13089.0
573395,10/30/11 15:11,15385.0
573396,10/30/11 15:13,14723.0
573397,10/30/11 15:19,15547.0
573398,10/30/11 15:28,17373.0
573399,10/30/11 15:35,13949.0
573400,10/30/11 15:38,17796.0
573401,10/30/11 15:43,12364.0
573402,10/30/11 15:44,12494.0
573403,10/30/11 15:50,16506.0
573404,10/30/11 15:50,14295.0
573405,10/30/11 15:55,13822.0
573406,10/30/11 15:57,14112.0
573407,10/30/11 15:58,18067.0
573408,10/30/11 15:59,16190.0
573409,10/30/11 16:00,14112.0
573410,10/30/11 16:03,15669.0
573411,10/30/11 16:10,13870.0
573412,10/30/11 16:11,13870.0
573413,10/30/11 16:12,15444.0
573414,10/30/11 16:15,16877.0
573415,10/30/11 16:17,13607.0
573416,10/31/11 8:29,14688.0
573417,10/31/11 8:56,12581.0
573418,10/31/11 9:35,15360.0
573419,10/31/11 9:38,13103.0
573420,10/31/11 9:48,18223.0
573421,10/31/11 9:50,14292.0
573422,10/31/11 9:51,14292.0
573423,10/31/11 9:58,16133.0
573424,10/31/11 10:05,12720.0
573425,10/31/11 10:05,16836.0
573426,10/31/11 10:17,
C573427,10/31/11 10:18,14560.0
573428,10/31/11 10:19,12571.0
573430,10/31/11 10:38,13813.0
573442,10/31/11 10:42,12488.0
573452,10/31/11 10:45,17450.0
573463,10/31/11 10:56,
573464,10/31/11 10:56,15667.0
C573471,10/31/11 10:58,14286.0
573481,10/31/11 11:10,13994.0
573482,10/31/11 11:20,
573483,10/31/11 11:32,15793.0
573484,10/31/11 11:33,14883.0
573485,10/31/11 11:37,15752.0
573486,10/31/11 11:40,13186.0
573487,10/31/11 11:46,
573488,10/31/11 11:47,
573489,10/31/11 11:48,
573490,10/31/11 11:55,
573491,10/31/11 11:56,
573492,10/31/11 11:57,13544.0
573493,10/31/11 11:57,
573494,10/31/11 11:57,
573495,10/31/11 11:58,
573496,10/31/11 11:59,17841.0
573497,10/31/11 12:00,
573498,10/31/11 12:00,
573499,10/31/11 12:01,
573500,10/31/11 12:01,16931.0
573501,10/31/11 12:02,18055.0
C573502,10/31/11 12:02,14808.0
573503,10/31/11 12:03,
573504,10/31/11 12:05,13983.0
573505,10/31/11 12:09,
573507,10/31/11 12:11,13651.0
573508,10/31/11 12:11,12552.0
573509,10/31/11 12:21,16169.0
573510,10/31/11 12:21,14808.0
573511,10/31/11 12:25,12347.0
573512,10/31/11 12:30,17951.0
573531,10/31/11 12:43,12909.0
573532,10/31/11 12:45,13145.0
573540,10/31/11 12:51,
C573541,10/31/11 12:57,14738.0
573542,10/31/11 13:03,14702.0
573543,10/31/11 13:05,17777.0
573544,10/31/11 13:11,12856.0
573545,10/31/11 13:12,16969.0
573546,10/31/11 13:13,15974.0
573547,10/31/11 13:21,
573548,10/31/11 13:22,13680.0
C573549,10/31/11 13:23,
C573550,10/31/11 13:32,
573551,10/31/11 13:35,15044.0
573552,10/31/11 13:43,13203.0
573553,10/31/11 13:48,
573556,10/31/11 13:51,17675.0
573564,10/31/11 13:58,16127.0
573572,10/31/11 14:03,14527.0
573576,10/31/11 14:09,14096.0
C573575,10/31/11 14:09,14096.0
573577,10/31/11 14:12,17396.0
573578,10/31/11 14:13,16018.0
573579,10/31/11 14:19,15033.0
573580,10/31/11 14:21,
573581,10/31/11 14:22,14911.0
573582,10/31/11 14:23,16633.0
573583,10/31/11 14:29,14167.0
573584,10/31/11 14:36,16705.0
573585,10/31/11 14:41,
573586,10/31/11 14:48,14704.0
573587,10/31/11 14:48,18257.0
573588,10/31/11 15:01,12588.0
573589,10/31/11 15:11,
573590,10/31/11 15:15,
573591,10/31/11 15:15,
573592,10/31/11 15:16,
573593,10/31/11 15:16,
573594,10/31/11 15:16,
573595,10/31/11 15:17,
573596,10/31/11 15:17,
573597,10/31/11 15:18,
573598,10/31/11 15:18,
573599,10/31/11 15:20,17924.0
573600,10/31/11 15:21,17924.0
573601,10/31/11 15:24,
573629,10/31/11 15:30,12522.0
573632,10/31/11 15:36,15329.0
573633,10/31/11 15:48,
573656,10/31/11 16:02,12417.0
573664,10/31/11 16:07,
573665,10/31/11 16:24,13982.0
573666,10/31/11 16:24,15977.0
573669,10/31/11 16:49,
573670,10/31/11 17:02,
573672,10/31/11 17:04,
573695,10/31/11 17:13,15023.0
573726,10/31/11 17:18,
573734,10/31/11 17:19,
573744,11/1/11 8:16,17733.0
573745,11/1/11 8:53,17419.0
573746,11/1/11 9:01,13461.0
573747,11/1/11 9:14,13697.0
573748,11/1/11 9:24,14911.0
573749,11/1/11 9:26,17389.0
C573750,11/1/11 9:29,16150.0
573751,11/1/11 9:33,
573752,11/1/11 9:34,
C573753,11/1/11 9:37,14329.0
C573754,11/1/11 9:39,13126.0
C573755,11/1/11 9:41,13028.0
573757,11/1/11 9:46,17166.0
C573756,11/1/11 9:46,17865.0
573758,11/1/11 9:51,14345.0
C573759,11/1/11 9:51,17193.0
C573760,11/1/11 9:52,16648.0
C573761,11/1/11 9:55,15489.0
573762,11/1/11 9:56,13758.0
573763,11/1/11 9:56,17139.0
C573764,11/1/11 9:56,13032.0
C573765,11/1/11 9:57,18226.0
C573766,11/1/11 9:58,14189.0
C573767,11/1/11 10:01,13882.0
573768,11/1/11 10:02,12552.0
573769,11/1/11 10:04,13292.0
573770,11/1/11 10:12,15214.0
C573771,11/1/11 10:13,16164.0
573772,11/1/11 10:16,17377.0
573773,11/1/11 10:21,13327.0
573774,11/1/11 10:27,16029.0
573775,11/1/11 10:30,13881.0
573776,11/1/11 10:32,13468.0
573777,11/1/11 10:49,13726.0
573778,11/1/11 10:56,18092.0
C573779,11/1/11 10:57,16360.0
573780,11/1/11 11:12,17503.0
573808,11/1/11 11:29,14419.0
573814,11/1/11 11:31,13268.0
573815,11/1/11 11:31,
573816,11/1/11 11:32,
573822,11/1/11 11:33,15527.0
573829,11/1/11 11:35,16830.0
573830,11/1/11 11:35,16960.0
573840,11/1/11 11:38,14866.0
573841,11/1/11 11:39,14995.0
573846,11/1/11 11:39,14866.0
573863,11/1/11 11:51,16825.0
C573864,11/1/11 11:55,15311.0
573865,11/1/11 12:00,15311.0
573866,11/1/11 12:06,17495.0
573867,11/1/11 12:12,12674.0
573868,11/1/11 12:18,12491.0
C573869,11/1/11 12:23,12523.0
573870,11/1/11 12:25,14485.0
573871,11/1/11 12:34,14426.0
573872,11/1/11 12:35,17243.0
573873,11/1/11 12:39,17346.0
573874,11/1/11 12:45,13868.0
573875,11/1/11 12:47,15018.0
573876,11/1/11 12:48,16360.0
573877,11/1/11 13:04,14432.0
573878,11/1/11 13:20,14243.0
573879,11/1/11 13:21,15039.0
573880,11/1/11 13:21,
573881,11/1/11 13:22,
573882,11/1/11 13:23,
573883,11/1/11 13:24,
573884,11/1/11 13:25,
573885,11/1/11 13:26,
573886,11/1/11 13:37,14401.0
573887,11/1/11 13:39,16173.0
573888,11/1/11 13:43,17696.0
573889,11/1/11 13:44,13571.0
573890,11/1/11 13:49,12748.0
573891,11/1/11 13:56,12682.0
573892,11/1/11 13:57,14911.0
573893,11/1/11 13:57,18270.0
573894,11/1/11 13:59,17812.0
573895,11/1/11 14:01,15423.0
573896,11/1/11 14:03,13755.0
573897,11/1/11 14:29,16729.0
573898,11/1/11 14:35,14562.0
573899,11/1/11 14:41,15847.0
573900,11/1/11 14:45,17668.0
573901,11/1/11 14:49,14191.0
573902,11/1/11 14:51,17428.0
573903,11/1/11 14:51,14667.0
573904,11/1/11 14:54,14505.0
573905,11/1/11 15:06,16971.0
573906,11/1/11 15:12,16458.0
573907,11/1/11 15:17,13021.0
573908,11/1/11 15:19,17739.0
573909,11/1/11 15:26,17813.0
573910,11/1/11 15:34,13969.0
573911,11/1/11 15:40,17315.0
573912,11/1/11 15:48,17888.0
573913,11/1/11 15:49,17653.0
573914,11/1/11 15:53,14383.0
573915,11/1/11 15:55,15511.0
573916,11/1/11 15:57,
573917,11/1/11 17:08,18135.0
573918,11/1/11 17:20,17576.0
573919,11/1/11 17:39,
573920,11/1/11 18:00,
573921,11/2/11 8:44,16352.0
573922,11/2/11 9:22,14032.0
573923,11/2/11 9:31,17965.0
573924,11/2/11 9:45,15065.0
C573925,11/2/11 9:50,17109.0
573926,11/2/11 9:52,
573927,11/2/11 9:59,13890.0
573928,11/2/11 10:07,16839.0
C573929,11/2/11 10:14,17811.0
573930,11/2/11 10:15,17811.0
573931,11/2/11 10:16,16884.0
573932,11/2/11 10:26,17966.0
573933,11/2/11 10:33,17135.0
573934,11/2/11 10:36,17719.0
573937,11/2/11 10:40,15830.0
573945,11/2/11 10:44,17663.0
C573949,11/2/11 10:47,14511.0
573955,11/2/11 10:51,14216.0
573978,11/2/11 11:02,
573979,11/2/11 11:02,
573980,11/2/11 11:03,
573981,11/2/11 11:05,
573982,11/2/11 11:07,12901.0
573983,11/2/11 11:08,
573984,11/2/11 11:09,
573985,11/2/11 11:09,
573986,11/2/11 11:13,
573987,11/2/11 11:14,
573988,11/2/11 11:14,
573989,11/2/11 11:14,
573990,11/2/11 11:18,
573991,11/2/11 11:19,
573992,11/2/11 11:20,15275.0
573993,11/2/11 11:23,16790.0
573994,11/2/11 11:23,17135.0
573995,11/2/11 11:24,16308.0
573996,11/2/11 11:37,16747.0
573999,11/2/11 11:43,12779.0
C574003,11/2/11 11:44,14390.0
574009,11/2/11 11:49,15750.0
C574010,11/2/11 11:51,17841.0
574011,11/2/11 11:52,16884.0
574012,11/2/11 11:54,12830.0
574013,11/2/11 11:59,14285.0
574014,11/2/11 12:03,12415.0
574015,11/2/11 12:03,15576.0
574016,11/2/11 12:04,18105.0
574017,11/2/11 12:04,16014.0
574018,11/2/11 12:04,13477.0
C574019,11/2/11 12:05,12415.0
574020,11/2/11 12:15,14673.0
574021,11/2/11 12:18,14434.0
574022,11/2/11 12:20,12594.0
574023,11/2/11 12:20,14390.0
574024,11/2/11 12:23,17410.0
574025,11/2/11 12:26,12748.0
C574026,11/2/11 12:26,14606.0
C574027,11/2/11 12:32,13394.0
C574028,11/2/11 12:33,14493.0
574029,11/2/11 12:34,12955.0
C574030,11/2/11 12:35,13870.0
C574031,11/2/11 12:36,13394.0
574032,11/2/11 12:37,17754.0
574033,11/2/11 12:44,16558.0
574034,11/2/11 12:45,17841.0
574035,11/2/11 12:45,14606.0
574036,11/2/11 12:46,16607.0
574037,11/2/11 12:50,16043.0
574038,11/2/11 12:56,18164.0
574039,11/2/11 12:57,17800.0
574040,11/2/11 13:01,14974.0
574041,11/2/11 13:05,15805.0
574042,11/2/11 13:05,17947.0
574043,11/2/11 13:13,16367.0
574044,11/2/11 13:14,16210.0
574045,11/2/11 13:18,13854.0
574046,11/2/11 13:19,15743.0
574047,11/2/11 13:26,13318.0
574048,11/2/11 13:37,13769.0
574049,11/2/11 13:40,13316.0
574050,11/2/11 13:41,13904.0
574051,11/2/11 13:46,14102.0
574052,11/2/11 13:50,16706.0
574053,11/2/11 14:04,16379.0
574054,11/2/11 14:07,18104.0
574055,11/2/11 14:08,16525.0
574056,11/2/11 14:09,14646.0
574058,11/2/11 14:10,14646.0
C574057,11/2/11 14:10,14102.0
574059,11/2/11 14:13,14646.0
574060,11/2/11 14:16,16531.0
C574061,11/2/11 14:18,12474.0
574062,11/2/11 14:30,17675.0
574063,11/2/11 14:31,13271.0
574064,11/2/11 14:35,17434.0
C574065,11/2/11 14:43,13271.0
574066,11/2/11 14:50,13183.0
574067,11/2/11 14:50,14088.0
574068,11/2/11 14:51,12490.0
574069,11/2/11 14:52,17735.0
574070,11/2/11 14:52,16748.0
574071,11/2/11 14:57,12654.0
574072,11/2/11 14:58,15414.0
574073,11/2/11 15:15,
574074,11/2/11 15:33,
574075,11/2/11 15:33,16365.0
574076,11/2/11 15:37,
574076,11/2/11 15:38,
574077,11/2/11 15:56,17999.0
C574078,11/2/11 16:16,14911.0
574079,11/2/11 16:19,17595.0
574080,11/2/11 16:29,16348.0
574081,11/2/11 16:37,15804.0
574082,11/2/11 16:37,16205.0
C574083,11/2/11 16:39,15521.0
574084,11/2/11 17:09,14528.0
574085,11/2/11 17:30,17432.0
574086,11/3/11 8:39,15651.0
574087,11/3/11 8:41,15651.0
574088,11/3/11 8:56,18044.0
574089,11/3/11 9:07,17611.0
574090,11/3/11 9:17,17442.0
574091,11/3/11 9:20,17086.0
574092,11/3/11 9:28,16684.0
574093,11/3/11 9:43,12437.0
574094,11/3/11 9:46,
C574095,11/3/11 9:54,12674.0
574096,11/3/11 9:55,13599.0
574097,11/3/11 9:56,12471.0
574098,11/3/11 10:03,16337.0
574099,11/3/11 10:05,12808.0
574100,11/3/11 10:13,14098.0
574101,11/3/11 10:27,
574102,11/3/11 10:27,16128.0
574103,11/3/11 10:30,13636.0
574104,11/3/11 10:45,12615.0
574107,11/3/11 10:49,13728.0
574123,11/3/11 10:55,
574133,11/3/11 11:00,
C574137,11/3/11 11:21,14505.0
574138,11/3/11 11:26,12415.0
574143,11/3/11 11:27,18041.0
574149,11/3/11 11:29,13709.0
574150,11/3/11 11:31,13709.0
574154,11/3/11 11:32,13709.0
574161,11/3/11 11:34,17816.0
574165,11/3/11 11:36,14815.0
574169,11/3/11 11:40,17491.0
574170,11/3/11 11:43,16221.0
574171,11/3/11 11:45,
574173,11/3/11 11:46,
574175,11/3/11 11:47,14110.0
574176,11/3/11 11:48,
574182,11/3/11 11:51,16841.0
574194,11/3/11 11:58,15227.0
574196,11/3/11 11:59,15227.0
574198,11/3/11 12:00,
574226,11/3/11 12:15,17306.0
574227,11/3/11 12:18,16992.0
574228,11/3/11 12:18,16678.0
574233,11/3/11 12:21,16929.0
574234,11/3/11 12:28,15271.0
574237,11/3/11 12:37,15551.0
C574238,11/3/11 12:39,13408.0
574239,11/3/11 12:43,14849.0
574240,11/3/11 12:45,15998.0
574241,11/3/11 12:46,14849.0
574242,11/3/11 12:46,17653.0
574245,11/3/11 12:47,14849.0
574246,11/3/11 12:49,14849.0
574247,11/3/11 12:56,13168.0
C574248,11/3/11 13:00,13925.0
574249,11/3/11 13:01,16347.0
574250,11/3/11 13:09,17634.0
574251,11/3/11 13:22,18205.0
574252,11/3/11 13:24,12437.0
574253,11/3/11 13:30,15252.0
574255,11/3/11 13:44,12569.0
C574254,11/3/11 13:44,15527.0
574257,11/3/11 13:46,
574258,11/3/11 13:50,16891.0
C574259,11/3/11 13:52,15521.0
574260,11/3/11 13:58,13014.0
C574261,11/3/11 14:00,12683.0
574262,11/3/11 14:05,13721.0
574265,11/3/11 14:17,15605.0
C574268,11/3/11 14:22,14359.0
574269,11/3/11 14:27,15570.0
574270,11/3/11 14:28,
574271,11/3/11 14:32,14607.0
574272,11/3/11 14:32,16500.0
574273,11/3/11 14:33,16322.0
574274,11/3/11 14:33,16500.0
574275,11/3/11 14:37,12352.0
574276,11/3/11 14:39,17857.0
574277,11/3/11 14:42,17857.0
574278,11/3/11 14:42,15814.0
574279,11/3/11 14:47,14878.0
574280,11/3/11 14:47,13408.0
574281,11/3/11 14:47,14856.0
574282,11/3/11 14:52,15612.0
574283,11/3/11 14:53,14856.0
574284,11/3/11 15:01,17644.0
574285,11/3/11 15:01,17450.0
574286,11/3/11 15:02,17644.0
574287,11/3/11 15:09,14723.0
C574288,11/3/11 15:13,
574289,11/3/11 15:16,17750.0
574290,11/3/11 15:18,17403.0
C574291,11/3/11 15:19,15290.0
574292,11/3/11 15:27,16914.0
574293,11/3/11 15:32,17450.0
574294,11/3/11 15:47,16333.0
574295,11/3/11 15:47,17389.0
574297,11/3/11 15:54,16602.0
574298,11/3/11 15:56,
574299,11/3/11 16:06,16746.0
574300,11/3/11 16:12,14636.0
574301,11/3/11 16:15,12544.0
574302,11/3/11 16:28,13914.0
574303,11/3/11 16:28,13324.0
574304,11/3/11 16:30,14428.0
574305,11/3/11 16:30,18081.0
574306,11/3/11 16:37,17481.0
574307,11/3/11 16:40,15809.0
574308,11/3/11 16:45,16409.0
574309,11/3/11 16:54,
574310,11/3/11 16:56,13467.0
574311,11/3/11 16:56,15640.0
574312,11/3/11 17:39,17221.0
574313,11/3/11 17:45,13267.0
574314,11/3/11 17:48,13500.0
574315,11/3/11 17:53,17076.0
574316,11/3/11 18:45,17351.0
574317,11/3/11 18:49,17078.0
C574318,11/3/11 19:11,16729.0
574319,11/3/11 19:15,15482.0
574320,11/3/11 19:17,17078.0
574321,11/3/11 19:28,16016.0
C574322,11/3/11 19:42,15482.0
574323,11/3/11 19:50,16438.0
574324,11/4/11 7:46,16684.0
574325,11/4/11 8:12,16839.0
574326,11/4/11 8:29,14913.0
574327,11/4/11 9:03,13013.0
574328,11/4/11 9:05,13081.0
574329,11/4/11 9:07,12362.0
574330,11/4/11 9:10,12971.0
574331,11/4/11 9:24,13178.0
574332,11/4/11 9:24,12664.0
574333,11/4/11 9:32,16671.0
574334,11/4/11 9:44,16672.0
574335,11/4/11 9:49,13592.0
574336,11/4/11 9:52,12397.0
C574337,11/4/11 10:03,16979.0
574338,11/4/11 10:05,14150.0
C574339,11/4/11 10:07,14629.0
574340,11/4/11 10:08,17377.0
574341,11/4/11 10:09,18102.0
574342,11/4/11 10:10,13447.0
574343,11/4/11 10:11,12576.0
574345,11/4/11 10:18,15845.0
C574344,11/4/11 10:18,12415.0
574346,11/4/11 10:23,17930.0
574348,11/4/11 10:28,13756.0
C574347,11/4/11 10:28,12500.0
574349,11/4/11 10:29,13495.0
C574350,11/4/11 10:36,16637.0
574351,11/4/11 10:37,17348.0
574352,11/4/11 10:38,18102.0
574353,11/4/11 10:46,14659.0
574354,11/4/11 10:47,17203.0
574355,11/4/11 10:48,18102.0
574356,11/4/11 10:48,
574363,11/4/11 10:57,18102.0
574368,11/4/11 10:59,13004.0
574383,11/4/11 11:03,18102.0
574387,11/4/11 11:04,12944.0
574393,11/4/11 11:06,13313.0
C574424,11/4/11 11:23,16014.0
574428,11/4/11 11:26,
574432,11/4/11 11:27,
574438,11/4/11 11:35,
574442,11/4/11 11:40,12704.0
574444,11/4/11 11:41,18122.0
574445,11/4/11 11:41,15722.0
C574443,11/4/11 11:41,13890.0
574446,11/4/11 11:43,15722.0
C574447,11/4/11 11:44,12704.0
574466,11/4/11 11:53,18172.0
574467,11/4/11 11:53,18172.0
574468,11/4/11 11:54,18172.0
574469,11/4/11 11:55,12431.0
574470,11/4/11 11:56,12748.0
574471,11/4/11 11:59,17677.0
C574472,11/4/11 12:01,17690.0
574474,11/4/11 12:05,17979.0
C574473,11/4/11 12:05,15809.0
574475,11/4/11 12:18,14132.0
574476,11/4/11 12:20,17203.0
574477,11/4/11 12:21,15453.0
574478,11/4/11 12:27,17203.0
574479,11/4/11 12:39,18035.0
574480,11/4/11 12:42,15010.0
574481,11/4/11 12:45,18022.0
574482,11/4/11 12:47,17193.0
C574483,11/4/11 12:48,14359.0
574484,11/4/11 12:50,14388.0
574485,11/4/11 12:56,13798.0
C574486,11/4/11 12:56,15329.0
C574487,11/4/11 12:57,14112.0
C574488,11/4/11 12:58,13050.0
C574489,11/4/11 13:03,18219.0
574490,11/4/11 13:04,17690.0
574491,11/4/11 13:05,16318.0
C574492,11/4/11 13:06,16656.0
C574493,11/4/11 13:09,14842.0
C574494,11/4/11 13:11,15468.0
C574496,11/4/11 13:13,14156.0
C574499,11/4/11 13:14,14412.0
C574500,11/4/11 13:14,15598.0
574501,11/4/11 13:15,12577.0
574502,11/4/11 13:16,17274.0
C574503,11/4/11 13:19,16191.0
C574504,11/4/11 13:20,17434.0
C574505,11/4/11 13:22,13534.0
574506,11/4/11 13:24,12577.0
C574507,11/4/11 13:24,15345.0
574509,11/4/11 13:25,16012.0
C574508,11/4/11 13:25,16463.0
C574510,11/4/11 13:25,15110.0
574511,11/4/11 13:26,15597.0
C574512,11/4/11 13:28,12577.0
574513,11/4/11 13:31,15291.0
574514,11/4/11 13:34,15311.0
574516,11/4/11 13:38,
C574515,11/4/11 13:38,15159.0
C574517,11/4/11 13:40,17109.0
574518,11/4/11 13:42,
574519,11/4/11 13:43,
574520,11/4/11 13:44,
574521,11/4/11 13:44,15358.0
574523,11/4/11 13:51,18167.0
C574522,11/4/11 13:51,14292.0
C574524,11/4/11 13:53,17841.0
C574525,11/4/11 13:55,17841.0
C574526,11/4/11 13:57,14567.0
C574527,11/4/11 13:58,14156.0
574528,11/4/11 14:03,16782.0
574529,11/4/11 14:06,17233.0
574530,11/4/11 14:07,16887.0
574531,11/4/11 14:11,12748.0
574532,11/4/11 14:19,15676.0
574533,11/4/11 14:24,12928.0
574534,11/4/11 14:26,15061.0
574535,11/4/11 14:31,16555.0
574536,11/4/11 14:35,15707.0
574537,11/4/11 14:37,13938.0
574544,11/4/11 14:49,17084.0
574545,11/4/11 14:54,17084.0
574546,11/4/11 14:59,13651.0
574547,11/4/11 15:08,17841.0
C574548,11/4/11 15:11,18044.0
574549,11/4/11 15:14,17841.0
574550,11/4/11 15:18,12484.0
574555,11/4/11 15:29,16426.0
574556,11/4/11 15:34,
574557,11/4/11 15:35,17652.0
C574558,11/4/11 15:48,15187.0
574559,11/4/11 15:50,14056.0
574560,11/4/11 15:51,17703.0
574561,11/4/11 15:52,
574573,11/4/11 16:35,14592.0
574574,11/4/11 16:42,
574575,11/4/11 17:03,14971.0
574576,11/4/11 17:07,14971.0
574577,11/4/11 17:09,
574578,11/4/11 17:09,
574579,11/4/11 17:14,
574580,11/4/11 17:44,
574581,11/4/11 17:45,
574582,11/4/11 17:46,
574583,11/4/11 17:46,
C574584,11/4/11 18:11,15482.0
574585,11/6/11 9:34,17133.0
574586,11/6/11 10:15,14882.0
574587,11/6/11 10:29,14936.0
574588,11/6/11 10:30,14936.0
574589,11/6/11 10:33,15017.0
574590,11/6/11 10:44,18077.0
574591,11/6/11 10:47,15745.0
574592,11/6/11 10:49,14820.0
574619,11/6/11 11:18,15952.0
574624,11/6/11 11:20,17769.0
574629,11/6/11 11:21,16326.0
574631,11/6/11 11:22,12882.0
574643,11/6/11 11:25,17387.0
574653,11/6/11 11:30,12619.0
574654,11/6/11 11:32,15571.0
574655,11/6/11 11:35,16466.0
574656,11/6/11 11:36,16434.0
574657,11/6/11 11:43,13772.0
574659,11/6/11 11:44,16942.0
C574658,11/6/11 11:44,15426.0
574660,11/6/11 11:55,15407.0
574661,11/6/11 11:56,13447.0
574662,11/6/11 12:01,16676.0
574663,11/6/11 12:04,13527.0
574664,11/6/11 12:07,14482.0
574665,11/6/11 12:09,16168.0
574666,11/6/11 12:10,16168.0
574667,11/6/11 12:12,15514.0
574668,11/6/11 12:12,15514.0
574669,11/6/11 12:16,13727.0
574670,11/6/11 12:20,12838.0
574671,11/6/11 12:23,16744.0
574672,11/6/11 12:25,13532.0
574673,11/6/11 12:26,15555.0
574674,11/6/11 12:30,14404.0
574675,11/6/11 12:31,17289.0
574676,11/6/11 12:32,16243.0
574677,11/6/11 12:32,16445.0
574678,11/6/11 12:36,13365.0
574679,11/6/11 12:38,12645.0
574680,11/6/11 12:40,15078.0
574681,11/6/11 12:41,15156.0
574682,11/6/11 12:44,14963.0
574683,11/6/11 12:50,16372.0
574684,11/6/11 12:56,17581.0
574685,11/6/11 12:59,17581.0
574686,11/6/11 13:00,17608.0
574687,11/6/11 13:02,17581.0
574688,11/6/11 13:06,17608.0
574689,11/6/11 13:08,16372.0
574690,11/6/11 13:11,12638.0
574691,11/6/11 13:17,14174.0
574692,11/6/11 13:28,16771.0
574693,11/6/11 13:32,14553.0
574694,11/6/11 13:36,12381.0
574695,11/6/11 13:37,17114.0
574696,11/6/11 13:40,13634.0
574697,11/6/11 13:42,16488.0
574698,11/6/11 13:48,14039.0
574699,11/6/11 13:53,13040.0
574700,11/6/11 13:53,16033.0
574701,11/6/11 13:54,15426.0
574702,11/6/11 13:54,15839.0
574703,11/6/11 13:59,15426.0
574704,11/6/11 14:02,15696.0
574705,11/6/11 14:06,14553.0
574706,11/6/11 14:06,16790.0
574707,11/6/11 14:08,17107.0
574708,11/6/11 14:14,17107.0
574709,11/6/11 14:14,17768.0
574710,11/6/11 14:17,15427.0
574711,11/6/11 14:20,14517.0
C574712,11/6/11 14:25,14502.0
574713,11/6/11 14:26,12628.0
574714,11/6/11 14:29,15427.0
574715,11/6/11 14:33,14135.0
574716,11/6/11 14:33,14502.0
574717,11/6/11 14:35,18170.0
574718,11/6/11 14:36,15513.0
574719,11/6/11 14:38,14511.0
574720,11/6/11 14:39,14547.0
574721,11/6/11 14:43,17920.0
574722,11/6/11 14:45,14502.0
574723,11/6/11 14:45,15150.0
574724,11/6/11 14:47,13759.0
574725,11/6/11 14:50,15883.0
574726,11/6/11 14:56,14664.0
574727,11/6/11 15:01,15526.0
574728,11/6/11 15:02,13719.0
574729,11/6/11 15:04,15526.0
574730,11/6/11 15:08,14824.0
574731,11/6/11 15:09,17831.0
574732,11/6/11 15:11,13523.0
574733,11/6/11 15:17,17082.0
574734,11/6/11 15:20,15025.0
574735,11/6/11 15:41,13155.0
574736,11/6/11 15:43,17131.0
574737,11/6/11 15:53,14868.0
574738,11/6/11 16:01,12748.0
574739,11/6/11 16:04,16357.0
574740,11/6/11 16:07,12357.0
574741,11/6/11 16:13,15993.0
574742,11/6/11 16:13,
574743,11/6/11 16:14,15351.0
574744,11/7/11 7:38,16612.0
574745,11/7/11 8:26,14911.0
574746,11/7/11 8:30,16523.0
574747,11/7/11 8:34,15618.0
C574748,11/7/11 8:41,17107.0
574749,11/7/11 8:54,15150.0
574750,11/7/11 9:12,17164.0
574751,11/7/11 9:13,17164.0
574752,11/7/11 9:14,17164.0
C574753,11/7/11 9:20,13924.0
574754,11/7/11 9:24,17430.0
574755,11/7/11 9:28,13078.0
574756,11/7/11 9:40,13534.0
574757,11/7/11 10:08,
574777,11/7/11 10:23,17761.0
574816,11/7/11 10:37,
574822,11/7/11 10:38,
574824,11/7/11 10:43,13097.0
574826,11/7/11 10:58,15870.0
C574825,11/7/11 10:58,16678.0
574827,11/7/11 11:09,14080.0
C574828,11/7/11 11:12,16232.0
574829,11/7/11 11:16,17389.0
574830,11/7/11 11:21,16053.0
574831,11/7/11 11:26,15522.0
574832,11/7/11 11:29,17183.0
574833,11/7/11 11:29,12827.0
574834,11/7/11 11:30,13139.0
574835,11/7/11 11:31,13139.0
574836,11/7/11 11:32,17623.0
574837,11/7/11 11:33,15785.0
574838,11/7/11 11:37,12484.0
574839,11/7/11 11:40,15493.0
574840,11/7/11 11:41,12748.0
574841,11/7/11 11:42,14156.0
574842,11/7/11 11:55,13890.0
574844,11/7/11 11:57,12783.0
574846,11/7/11 11:59,14702.0
C574850,11/7/11 12:03,14702.0
574852,11/7/11 12:04,15493.0
574856,11/7/11 12:06,
574860,11/7/11 12:10,17857.0
574861,11/7/11 12:24,17368.0
574862,11/7/11 12:27,12408.0
574863,11/7/11 12:29,15719.0
574864,11/7/11 12:29,14387.0
C574865,11/7/11 12:30,12408.0
574866,11/7/11 12:34,12748.0
574867,11/7/11 12:39,16817.0
574868,11/7/11 12:41,13824.0
574869,11/7/11 12:44,12708.0
574870,11/7/11 12:52,17811.0
574871,11/7/11 12:56,14527.0
C574872,11/7/11 13:00,13993.0
574873,11/7/11 13:01,16362.0
574874,11/7/11 13:06,14911.0
C574875,11/7/11 13:06,16416.0
C574876,11/7/11 13:13,14426.0
574877,11/7/11 13:17,16637.0
574878,11/7/11 13:18,14653.0
574879,11/7/11 13:22,13014.0
574880,11/7/11 13:25,18016.0
574881,11/7/11 13:30,12832.0
574882,11/7/11 13:45,13599.0
574883,11/7/11 13:56,14623.0
574884,11/7/11 13:57,15291.0
574885,11/7/11 14:01,12472.0
C574886,11/7/11 14:07,14606.0
574887,11/7/11 14:13,13717.0
574888,11/7/11 14:21,16353.0
574889,11/7/11 14:22,16353.0
574890,11/7/11 14:23,18229.0
574891,11/7/11 14:28,14606.0
574892,11/7/11 14:40,14700.0
574893,11/7/11 14:40,18036.0
C574894,11/7/11 14:43,12597.0
574895,11/7/11 14:44,16570.0
574896,11/7/11 14:51,17014.0
C574897,11/7/11 15:03,
574898,11/7/11 15:07,16242.0
574899,11/7/11 15:10,14426.0
C574900,11/7/11 15:11,17014.0
574901,11/7/11 15:15,17158.0
C574902,11/7/11 15:21,
574903,11/7/11 15:27,17302.0
574904,11/7/11 15:28,
574905,11/7/11 15:28,
574906,11/7/11 15:30,
574907,11/7/11 15:33,17043.0
574908,11/7/11 15:37,16009.0
574909,11/7/11 15:40,13673.0
574910,11/7/11 15:44,16348.0
574911,11/7/11 15:49,14073.0
C574912,11/7/11 15:51,13324.0
574913,11/7/11 16:00,13323.0
574914,11/7/11 16:16,17109.0
574915,11/7/11 16:17,16779.0
574916,11/7/11 16:19,16790.0
574917,11/7/11 16:30,14135.0
574918,11/7/11 16:31,
574919,11/7/11 16:33,16241.0
574920,11/7/11 16:34,13985.0
574921,11/7/11 16:36,16070.0
C574922,11/7/11 16:39,15502.0
574923,11/7/11 16:40,17757.0
574933,11/7/11 16:49,18150.0
574934,11/7/11 16:50,16717.0
574935,11/7/11 16:54,13199.0
574936,11/7/11 17:06,13066.0
574937,11/7/11 17:08,15344.0
574938,11/7/11 17:15,14911.0
574939,11/7/11 17:16,17109.0
574940,11/7/11 17:21,14929.0
574941,11/7/11 17:42,
574942,11/7/11 17:50,15330.0
574943,11/8/11 7:52,13026.0
574944,11/8/11 8:16,13710.0
574945,11/8/11 8:18,15434.0
C574946,11/8/11 8:55,12656.0
574947,11/8/11 9:03,16422.0
574948,11/8/11 9:07,15805.0
574949,11/8/11 9:12,14360.0
574950,11/8/11 9:29,
574951,11/8/11 9:44,15763.0
574952,11/8/11 9:47,13924.0
574953,11/8/11 9:50,16187.0
C574954,11/8/11 9:52,18223.0
574956,11/8/11 9:54,16732.0
C574955,11/8/11 9:56,15066.0
C574957,11/8/11 9:57,17924.0
574958,11/8/11 10:00,14050.0
574959,11/8/11 10:09,17886.0
574960,11/8/11 10:17,17091.0
574961,11/8/11 10:19,12971.0
574962,11/8/11 10:26,15194.0
574963,11/8/11 10:27,12919.0
574964,11/8/11 10:29,13329.0
574965,11/8/11 10:44,17964.0
574966,11/8/11 10:50,14901.0
574967,11/8/11 10:51,
574994,11/8/11 11:03,17870.0
C574999,11/8/11 11:06,17289.0
575003,11/8/11 11:09,15950.0
C575004,11/8/11 11:17,13587.0
575007,11/8/11 11:20,14140.0
C575013,11/8/11 11:23,16253.0
575017,11/8/11 11:25,17219.0
575027,11/8/11 11:29,13199.0
575034,11/8/11 11:38,15573.0
C575035,11/8/11 11:38,15005.0
575036,11/8/11 11:45,15249.0
575037,11/8/11 11:51,16066.0
575038,11/8/11 11:51,18135.0
575039,11/8/11 11:53,15005.0
575040,11/8/11 11:58,13381.0
575041,11/8/11 12:01,17289.0
C575042,11/8/11 12:05,16764.0
575043,11/8/11 12:06,13047.0
C575044,11/8/11 12:07,14948.0
575045,11/8/11 12:09,14910.0
575046,11/8/11 12:09,15039.0
C575047,11/8/11 12:10,13047.0
575048,11/8/11 12:12,
575049,11/8/11 12:13,12721.0
575050,11/8/11 12:14,16505.0
575051,11/8/11 12:14,15957.0
C575052,11/8/11 12:17,14232.0
575053,11/8/11 12:18,16945.0
575054,11/8/11 12:18,16945.0
C575055,11/8/11 12:22,14329.0
575057,11/8/11 12:24,
C575056,11/8/11 12:24,17736.0
575059,11/8/11 12:25,14071.0
C575058,11/8/11 12:25,16013.0
575060,11/8/11 12:29,13089.0
575061,11/8/11 12:29,14524.0
575062,11/8/11 12:30,17651.0
575063,11/8/11 12:32,16764.0
C575064,11/8/11 12:39,12472.0
C575065,11/8/11 12:40,13924.0
575066,11/8/11 12:42,13668.0
575067,11/8/11 12:45,12583.0
575068,11/8/11 12:46,14282.0
575069,11/8/11 12:51,17637.0
575070,11/8/11 12:58,17841.0
575071,11/8/11 13:01,12990.0
575072,11/8/11 13:10,14560.0
575073,11/8/11 13:10,13975.0
575074,11/8/11 13:11,15356.0
575075,11/8/11 13:19,13975.0
575076,11/8/11 13:20,16639.0
575077,11/8/11 13:22,15406.0
575078,11/8/11 13:25,17633.0
C575079,11/8/11 13:28,14911.0
575080,11/8/11 13:29,14676.0
C575081,11/8/11 13:30,12483.0
C575082,11/8/11 13:30,12613.0
575083,11/8/11 13:31,18123.0
575084,11/8/11 13:32,
575085,11/8/11 13:41,12849.0
575086,11/8/11 13:52,16618.0
575087,11/8/11 13:57,16549.0
575088,11/8/11 14:00,13272.0
575089,11/8/11 14:02,13437.0
575090,11/8/11 14:04,17515.0
575091,11/8/11 14:05,17160.0
575117,11/8/11 14:22,12748.0
575125,11/8/11 14:26,15043.0
575127,11/8/11 14:26,13695.0
575128,11/8/11 14:27,16837.0
575129,11/8/11 14:30,13110.0
575130,11/8/11 14:38,
575131,11/8/11 14:39,15208.0
575132,11/8/11 14:44,18177.0
575133,11/8/11 14:48,14667.0
575134,11/8/11 14:49,14667.0
575135,11/8/11 14:49,13928.0
575136,11/8/11 14:53,15103.0
575137,11/8/11 15:13,13090.0
575138,11/8/11 15:24,
575139,11/8/11 15:26,16863.0
575140,11/8/11 15:35,18198.0
575141,11/8/11 15:35,15615.0
C575142,11/8/11 15:36,17183.0
575143,11/8/11 15:37,13643.0
575144,11/8/11 15:38,12540.0
575145,11/8/11 15:40,14116.0
575146,11/8/11 15:45,17313.0
575147,11/8/11 15:45,17937.0
575148,11/8/11 15:48,13867.0
575149,11/8/11 15:59,16626.0
C575150,11/8/11 16:05,12471.0
575151,11/8/11 16:12,12395.0
575152,11/8/11 16:12,16284.0
575154,11/8/11 16:15,12395.0
C575153,11/8/11 16:15,
C575155,11/8/11 16:17,13709.0
C575156,11/8/11 16:18,16602.0
C575157,11/8/11 16:19,16379.0
C575158,11/8/11 16:20,15251.0
C575159,11/8/11 16:21,15513.0
C575160,11/8/11 16:23,14911.0
C575161,11/8/11 16:25,15271.0
575162,11/8/11 16:27,
575163,11/8/11 16:28,17961.0
575164,11/8/11 16:55,18216.0
575165,11/8/11 17:05,14342.0
575166,11/8/11 17:09,17022.0
575167,11/8/11 17:09,15153.0
575168,11/8/11 17:19,15290.0
575169,11/8/11 17:21,14367.0
575170,11/8/11 17:42,17006.0
C575171,11/8/11 17:49,18164.0
C575172,11/8/11 17:53,16790.0
C575173,11/8/11 17:54,15275.0
C575174,11/8/11 17:56,14156.0
575175,11/8/11 18:07,
575176,11/8/11 18:29,
575177,11/8/11 18:41,
575178,11/9/11 8:11,13798.0
575179,11/9/11 8:11,14284.0
575180,11/9/11 8:14,15187.0
575181,11/9/11 8:21,14709.0
575182,11/9/11 8:24,14709.0
575183,11/9/11 8:36,13046.0
575184,11/9/11 8:41,16839.0
575185,11/9/11 8:50,14051.0
575186,11/9/11 9:01,17611.0
575187,11/9/11 9:06,16759.0
575188,11/9/11 9:07,16759.0
575189,11/9/11 9:13,13029.0
575190,11/9/11 9:21,15189.0
575191,11/9/11 9:22,18144.0
575192,11/9/11 9:32,16205.0
575193,11/9/11 9:34,12681.0
575194,11/9/11 9:38,16767.0
575195,11/9/11 9:40,16767.0
575196,11/9/11 9:41,16767.0
575197,11/9/11 9:42,16767.0
575198,11/9/11 9:47,12921.0
575199,11/9/11 9:48,12921.0
575200,11/9/11 9:50,12921.0
575201,11/9/11 9:52,13629.0
575202,11/9/11 10:14,13018.0
575203,11/9/11 10:14,13018.0
575204,11/9/11 10:16,15027.0
575205,11/9/11 10:18,13147.0
575206,11/9/11 10:26,14298.0
575207,11/9/11 10:27,18172.0
575208,11/9/11 10:27,18172.0
575209,11/9/11 10:31,14214.0
575210,11/9/11 10:32,14732.0
575211,11/9/11 10:39,17377.0
575212,11/9/11 10:41,14108.0
575213,11/9/11 10:47,16210.0
575214,11/9/11 10:48,16751.0
575215,11/9/11 11:04,18109.0
575216,11/9/11 11:04,13384.0
575217,11/9/11 11:10,14794.0
575218,11/9/11 11:16,16592.0
575219,11/9/11 11:17,17511.0
575220,11/9/11 11:19,17511.0
575221,11/9/11 11:25,12949.0
575222,11/9/11 11:33,16880.0
C575223,11/9/11 11:33,12472.0
C575224,11/9/11 11:41,17511.0
575255,11/9/11 11:55,15769.0
575256,11/9/11 11:58,13408.0
C575257,11/9/11 11:59,13623.0
575258,11/9/11 12:00,13623.0
575269,11/9/11 12:08,17865.0
575287,11/9/11 12:15,
575291,11/9/11 12:20,16656.0
575296,11/9/11 12:25,16041.0
575297,11/9/11 12:26,15134.0
575298,11/9/11 12:29,17841.0
575299,11/9/11 12:30,14691.0
575300,11/9/11 12:30,13804.0
575301,11/9/11 12:32,13804.0
575302,11/9/11 12:32,17086.0
575303,11/9/11 12:34,12893.0
575304,11/9/11 12:38,17841.0
575305,11/9/11 12:45,14188.0
575312,11/9/11 12:49,13588.0
575317,11/9/11 13:12,17402.0
575318,11/9/11 13:17,14921.0
575319,11/9/11 13:26,14836.0
575320,11/9/11 13:30,17011.0
575321,11/9/11 13:34,15311.0
575322,11/9/11 13:36,14543.0
575323,11/9/11 13:37,15392.0
575324,11/9/11 13:45,14240.0
575325,11/9/11 13:46,17293.0
575326,11/9/11 13:47,12532.0
C575327,11/9/11 13:47,14911.0
575328,11/9/11 13:48,17857.0
575329,11/9/11 13:50,17038.0
575330,11/9/11 13:50,15152.0
575331,11/9/11 13:52,13209.0
575332,11/9/11 13:53,13209.0
575333,11/9/11 13:54,13209.0
575334,11/9/11 13:54,14493.0
575335,11/9/11 13:56,12931.0
575336,11/9/11 13:58,14968.0
575337,11/9/11 14:11,17867.0
575338,11/9/11 14:15,17867.0
575339,11/9/11 14:29,15555.0
575340,11/9/11 14:31,15485.0
C575341,11/9/11 14:36,12931.0
575342,11/9/11 14:44,17528.0
575352,11/9/11 14:56,12504.0
575356,11/9/11 14:58,13882.0
575360,11/9/11 14:59,16516.0
575366,11/9/11 15:02,14621.0
575367,11/9/11 15:05,15114.0
575368,11/9/11 15:07,14482.0
575369,11/9/11 15:09,16655.0
575370,11/9/11 15:11,13522.0
575371,11/9/11 15:11,14132.0
575383,11/9/11 15:17,15986.0
575384,11/9/11 15:17,17690.0
C575385,11/9/11 15:19,15916.0
575386,11/9/11 15:22,
575387,11/9/11 15:23,13992.0
575388,11/9/11 15:30,12971.0
575389,11/9/11 15:31,12971.0
575390,11/9/11 15:31,12971.0
575391,11/9/11 15:36,14354.0
575392,11/9/11 15:42,14234.0
575410,11/9/11 15:50,17705.0
575415,11/9/11 15:51,16168.0
575418,11/9/11 15:52,16986.0
575433,11/9/11 15:54,16953.0
575475,11/9/11 16:03,17702.0
575476,11/9/11 16:10,15046.0
575477,11/9/11 16:14,
575480,11/9/11 16:26,15594.0
575481,11/9/11 16:28,15679.0
575482,11/9/11 16:33,15916.0
575483,11/9/11 16:43,16996.0
575484,11/9/11 17:02,16670.0
575485,11/9/11 17:03,18274.0
575486,11/9/11 17:07,14911.0
575487,11/9/11 17:11,15450.0
575490,11/9/11 17:44,15031.0
575491,11/9/11 17:47,15531.0
575492,11/10/11 8:06,18236.0
575493,11/10/11 8:39,18210.0
575494,11/10/11 9:08,17500.0
575495,11/10/11 9:09,14944.0
575496,11/10/11 9:09,14944.0
575497,11/10/11 9:10,14944.0
575498,11/10/11 9:52,12708.0
575499,11/10/11 9:56,16003.0
575500,11/10/11 9:57,16003.0
575501,11/10/11 9:59,16218.0
575502,11/10/11 10:10,16700.0
575503,11/10/11 10:19,
575504,11/10/11 10:29,14895.0
575505,11/10/11 10:29,
575506,11/10/11 10:30,
575507,11/10/11 10:32,17197.0
575508,11/10/11 10:32,14646.0
575509,11/10/11 10:32,17101.0
575510,11/10/11 10:33,14646.0
C575511,11/10/11 10:33,14456.0
575512,11/10/11 10:36,14121.0
575513,11/10/11 10:39,
575514,11/10/11 10:40,12541.0
575515,11/10/11 10:41,17315.0
575516,11/10/11 10:45,17340.0
575517,11/10/11 10:49,14562.0
575518,11/10/11 10:53,
575519,11/10/11 10:53,12682.0
575520,11/10/11 10:56,17537.0
575525,11/10/11 11:06,13983.0
C575531,11/10/11 11:12,12544.0
C575537,11/10/11 11:14,14606.0
575563,11/10/11 11:22,17521.0
C575565,11/10/11 11:22,14401.0
C575572,11/10/11 11:33,17528.0
C575573,11/10/11 11:34,16705.0
575574,11/10/11 11:37,14606.0
C575575,11/10/11 11:44,17652.0
575576,11/10/11 11:45,16025.0
C575577,11/10/11 11:46,15597.0
C575578,11/10/11 11:48,15358.0
575579,11/10/11 11:49,13081.0
C575580,11/10/11 11:51,13599.0
575581,11/10/11 11:53,12659.0
575582,11/10/11 11:55,16986.0
575583,11/10/11 11:55,14456.0
575584,11/10/11 11:55,12682.0
C575585,11/10/11 11:57,15839.0
575586,11/10/11 12:00,12981.0
575587,11/10/11 12:01,17461.0
C575588,11/10/11 12:04,14064.0
575589,11/10/11 12:05,14262.0
C575590,11/10/11 12:08,15785.0
575591,11/10/11 12:09,17791.0
C575592,11/10/11 12:10,12619.0
575593,11/10/11 12:12,14226.0
575595,11/10/11 12:13,15452.0
575601,11/10/11 12:16,
575602,11/10/11 12:27,17059.0
575603,11/10/11 12:29,18125.0
575604,11/10/11 12:32,16011.0
575605,11/10/11 12:35,17188.0
575607,11/10/11 12:37,14096.0
C575606,11/10/11 12:37,14096.0
C575608,11/10/11 12:38,16133.0
575609,11/10/11 12:40,17243.0
575610,11/10/11 12:45,16628.0
575611,11/10/11 12:46,17861.0
575612,11/10/11 12:47,17416.0
575613,11/10/11 12:47,
575614,11/10/11 12:48,
575615,11/10/11 12:51,
C575616,11/10/11 12:51,15805.0
575617,11/10/11 12:53,
575618,11/10/11 12:57,15463.0
575619,11/10/11 12:59,14712.0
575620,11/10/11 13:01,17573.0
575621,11/10/11 13:03,16892.0
575622,11/10/11 13:13,16743.0
575623,11/10/11 13:14,14064.0
575624,11/10/11 13:18,18217.0
575625,11/10/11 13:20,
C575626,11/10/11 13:21,17651.0
575627,11/10/11 13:28,17977.0
575628,11/10/11 13:31,12844.0
575629,11/10/11 13:34,12599.0
C575630,11/10/11 13:35,15830.0
575631,11/10/11 13:41,15184.0
575632,11/10/11 13:44,12473.0
575633,11/10/11 13:44,15355.0
575634,11/10/11 13:44,13266.0
C575635,11/10/11 13:45,12473.0
575636,11/10/11 13:46,12473.0
575637,11/10/11 13:46,16904.0
C575638,11/10/11 13:48,12473.0
575639,11/10/11 13:49,15289.0
575640,11/10/11 14:01,13148.0
C575641,11/10/11 14:03,15814.0
575642,11/10/11 14:07,14466.0
575643,11/10/11 14:09,13267.0
575647,11/10/11 14:16,16440.0
C575648,11/10/11 14:22,16523.0
575649,11/10/11 14:23,
C575650,11/10/11 14:24,14194.0
C575651,11/10/11 14:26,17653.0
575652,11/10/11 14:28,12748.0
575654,11/10/11 14:28,15238.0
575655,11/10/11 14:28,16434.0
C575653,11/10/11 14:28,13988.0
575656,11/10/11 14:29,13319.0
575657,11/10/11 14:30,13319.0
575658,11/10/11 14:31,13319.0
575659,11/10/11 14:35,13576.0
575660,11/10/11 14:38,15297.0
575661,11/10/11 14:39,12617.0
C575662,11/10/11 14:48,13767.0
C575663,11/10/11 14:52,13769.0
C575664,11/10/11 14:53,12952.0
C575665,11/10/11 14:54,17442.0
C575666,11/10/11 14:55,18092.0
C575667,11/10/11 14:56,14032.0
575668,11/10/11 14:59,18283.0
C575669,11/10/11 15:00,12417.0
C575670,11/10/11 15:02,13081.0
575671,11/10/11 15:03,12670.0
C575672,11/10/11 15:03,13098.0
575673,11/10/11 15:04,14863.0
575674,11/10/11 15:06,13468.0
575675,11/10/11 15:07,18283.0
575676,11/10/11 15:09,13499.0
575677,11/10/11 15:18,
575678,11/10/11 15:23,16169.0
575680,11/10/11 15:23,13148.0
C575679,11/10/11 15:23,16863.0
575681,11/10/11 15:32,16903.0
575682,11/10/11 15:37,12826.0
575683,11/10/11 15:51,17389.0
575684,11/10/11 15:57,14397.0
575685,11/10/11 15:57,15694.0
575686,11/10/11 15:59,17716.0
575687,11/10/11 16:03,16126.0
575688,11/10/11 16:15,18230.0
575689,11/10/11 16:16,14829.0
575690,11/10/11 16:20,14189.0
575691,11/10/11 16:21,14180.0
575692,11/10/11 16:27,12508.0
575693,11/10/11 16:36,16979.0
575694,11/10/11 16:38,12748.0
575695,11/10/11 16:39,17502.0
575696,11/10/11 16:45,
575697,11/10/11 16:51,16094.0
575698,11/10/11 16:51,16094.0
575700,11/10/11 16:58,15111.0
575701,11/10/11 16:59,13396.0
575702,11/10/11 16:59,17109.0
575703,11/10/11 16:59,13767.0
575704,11/10/11 17:00,
575705,11/10/11 17:06,15159.0
575706,11/10/11 17:13,14713.0
575707,11/10/11 17:16,12538.0
575708,11/10/11 17:17,13460.0
575709,11/10/11 17:27,14646.0
575710,11/10/11 17:29,17901.0
575711,11/10/11 17:45,14560.0
575712,11/10/11 17:46,13606.0
575713,11/10/11 17:49,13817.0
575714,11/10/11 17:55,
575715,11/10/11 17:58,
575716,11/10/11 18:00,
575717,11/10/11 18:02,
575718,11/10/11 18:04,16907.0
575719,11/10/11 18:08,
575720,11/10/11 18:09,
575721,11/10/11 18:19,
575722,11/10/11 18:20,
575723,11/10/11 18:33,14748.0
575724,11/10/11 18:37,14608.0
575725,11/10/11 18:46,13098.0
575726,11/10/11 19:12,16791.0
575727,11/10/11 19:32,18135.0
575728,11/10/11 19:40,14911.0
575729,11/10/11 19:49,17932.0
575730,11/10/11 19:53,14765.0
575731,11/10/11 20:01,13230.0
575732,11/11/11 8:19,12712.0
575733,11/11/11 8:33,13810.0
575734,11/11/11 8:39,12384.0
575735,11/11/11 8:46,14156.0
575736,11/11/11 8:47,12697.0
575737,11/11/11 8:59,14789.0
575738,11/11/11 9:02,16790.0
575739,11/11/11 9:05,
575740,11/11/11 9:25,18130.0
575741,11/11/11 9:46,13727.0
575742,11/11/11 9:46,14309.0
575743,11/11/11 10:01,12757.0
575744,11/11/11 10:03,14035.0
575745,11/11/11 10:14,16458.0
575747,11/11/11 10:19,12589.0
C575746,11/11/11 10:19,13588.0
575748,11/11/11 10:21,
C575749,11/11/11 10:24,12856.0
575750,11/11/11 10:29,12600.0
575751,11/11/11 10:32,14911.0
C575752,11/11/11 10:40,13500.0
575753,11/11/11 10:41,17841.0
575754,11/11/11 10:43,17295.0
575755,11/11/11 10:45,17015.0
575756,11/11/11 10:48,18118.0
575757,11/11/11 10:49,17295.0
575759,11/11/11 10:50,
575760,11/11/11 10:50,15965.0
C575763,11/11/11 10:55,15034.0
575764,11/11/11 11:02,15965.0
575765,11/11/11 11:02,17730.0
575766,11/11/11 11:06,12856.0
575767,11/11/11 11:11,17348.0
C575777,11/11/11 11:15,13881.0
575787,11/11/11 11:18,12518.0
575828,11/11/11 11:34,17162.0
575830,11/11/11 11:34,14226.0
575837,11/11/11 11:37,12748.0
575838,11/11/11 11:38,13999.0
C575839,11/11/11 11:40,12517.0
575840,11/11/11 11:56,13137.0
C575841,11/11/11 11:58,13408.0
575842,11/11/11 12:01,15024.0
575843,11/11/11 12:02,14446.0
575844,11/11/11 12:04,
575845,11/11/11 12:07,12598.0
575846,11/11/11 12:07,17364.0
575847,11/11/11 12:07,18209.0
575848,11/11/11 12:10,14178.0
575849,11/11/11 12:11,14790.0
575850,11/11/11 12:11,17512.0
575851,11/11/11 12:13,14662.0
575852,11/11/11 12:17,17238.0
575853,11/11/11 12:18,16912.0
575854,11/11/11 12:20,14125.0
575855,11/11/11 12:24,14527.0
575856,11/11/11 12:28,16386.0
575866,11/11/11 12:41,16107.0
575867,11/11/11 12:44,15034.0
575868,11/11/11 12:44,12985.0
575869,11/11/11 12:45,14543.0
575870,11/11/11 12:46,15557.0
575871,11/11/11 12:52,14911.0
C575872,11/11/11 12:52,13408.0
575873,11/11/11 12:53,17677.0
575874,11/11/11 12:56,17054.0
575875,11/11/11 13:06,
575876,11/11/11 13:20,15608.0
575877,11/11/11 13:25,14907.0
575878,11/11/11 13:29,13588.0
C575879,11/11/11 13:30,13588.0
575880,11/11/11 13:35,12726.0
575881,11/11/11 13:39,
575882,11/11/11 13:40,16671.0
575884,11/11/11 13:46,12685.0
575885,11/11/11 13:46,16460.0
575886,11/11/11 13:57,12517.0
575887,11/11/11 14:03,17243.0
575888,11/11/11 14:04,12517.0
575889,11/11/11 14:09,16433.0
575890,11/11/11 14:09,15602.0
575891,11/11/11 14:12,15692.0
575892,11/11/11 14:22,16332.0
575893,11/11/11 14:23,17088.0
575894,11/11/11 14:25,12748.0
575895,11/11/11 14:50,17052.0
575896,11/11/11 14:52,12480.0
575897,11/11/11 14:53,15492.0
575898,11/11/11 15:08,16368.0
575899,11/11/11 15:13,16133.0
575900,11/11/11 15:14,
575901,11/11/11 15:19,
575902,11/11/11 15:20,15544.0
575903,11/11/11 15:24,13557.0
575904,11/11/11 15:28,18014.0
575905,11/11/11 15:49,13732.0
575906,11/11/11 15:50,
575907,11/11/11 15:52,
575908,11/11/11 15:54,13091.0
575909,11/11/11 16:02,
575910,11/11/11 16:05,14836.0
575911,11/11/11 16:13,17314.0
575912,11/11/11 16:20,
575914,11/11/11 16:31,17071.0
575915,11/11/11 16:33,15903.0
575916,11/11/11 16:49,12691.0
575917,11/11/11 16:57,13895.0
575918,11/11/11 16:58,17191.0
575919,11/11/11 17:00,15311.0
575920,11/11/11 17:01,15473.0
C575921,11/11/11 17:01,12931.0
575922,11/11/11 17:10,15681.0
575923,11/11/11 17:11,17069.0
575924,11/11/11 17:13,17069.0
575925,11/11/11 17:14,
575928,11/11/11 17:18,
575929,11/11/11 17:23,13310.0
575930,11/11/11 17:58,
575931,11/13/11 10:35,16560.0
575932,11/13/11 10:35,16923.0
575933,11/13/11 10:41,14911.0
575934,11/13/11 11:15,
575935,11/13/11 11:20,17838.0
575936,11/13/11 11:21,17041.0
575937,11/13/11 11:24,12935.0
575938,11/13/11 11:30,17790.0
575939,11/13/11 11:37,13004.0
C575940,11/13/11 11:38,17838.0
575941,11/13/11 11:39,16438.0
575942,11/13/11 11:44,15599.0
575943,11/13/11 11:44,17920.0
575944,11/13/11 11:46,16571.0
575945,11/13/11 11:48,15864.0
575946,11/13/11 11:50,13892.0
575947,11/13/11 11:50,
575948,11/13/11 11:51,14661.0
575949,11/13/11 11:51,16711.0
575950,11/13/11 11:53,16983.0
575951,11/13/11 11:54,13450.0
575952,11/13/11 11:55,16015.0
C575953,11/13/11 11:56,16015.0
575954,11/13/11 12:03,17211.0
575955,11/13/11 12:05,14044.0
575956,11/13/11 12:17,14487.0
575957,11/13/11 12:19,13170.0
575958,11/13/11 12:23,15021.0
575959,11/13/11 12:27,14547.0
575960,11/13/11 12:28,15429.0
575961,11/13/11 12:29,16794.0
C575962,11/13/11 12:30,14547.0
C575963,11/13/11 12:30,16794.0
575964,11/13/11 12:31,15021.0
575965,11/13/11 12:32,13426.0
575966,11/13/11 12:38,13984.0
575967,11/13/11 12:40,16794.0
575968,11/13/11 12:47,14882.0
575969,11/13/11 12:47,13571.0
575970,11/13/11 12:50,16416.0
575971,11/13/11 13:00,13700.0
575972,11/13/11 13:01,14499.0
575973,11/13/11 13:03,
575974,11/13/11 13:05,
575975,11/13/11 13:18,13536.0
575976,11/13/11 13:26,15271.0
575977,11/13/11 13:27,17287.0
575978,11/13/11 13:27,15903.0
575979,11/13/11 13:30,14784.0
C575980,11/13/11 13:39,12867.0
575981,11/13/11 13:41,15500.0
575982,11/13/11 13:42,13798.0
575983,11/13/11 13:45,13379.0
575984,11/13/11 13:50,17068.0
575985,11/13/11 14:09,17841.0
575986,11/13/11 14:11,13018.0
575987,11/13/11 14:14,13018.0
575988,11/13/11 14:18,13018.0
575989,11/13/11 14:20,14698.0
576014,11/13/11 14:29,17218.0
576019,11/13/11 14:31,12865.0
576025,11/13/11 14:34,13232.0
576045,11/13/11 14:42,15022.0
576050,11/13/11 14:44,15022.0
576051,11/13/11 14:45,14911.0
576052,11/13/11 14:48,15787.0
576053,11/13/11 14:53,16726.0
576054,11/13/11 14:55,15787.0
576055,11/13/11 15:02,15449.0
576056,11/13/11 15:04,17720.0
576057,11/13/11 15:05,15861.0
576057,11/13/11 15:06,15861.0
576058,11/13/11 15:15,15654.0
576059,11/13/11 15:19,15411.0
576060,11/13/11 15:25,13681.0
576061,11/13/11 15:29,13146.0
576062,11/13/11 15:30,12867.0
576063,11/13/11 15:37,15502.0
576064,11/13/11 15:37,12508.0
576065,11/13/11 15:42,15005.0
576066,11/13/11 15:44,16898.0
576067,11/13/11 15:48,14227.0
576068,11/13/11 15:52,14788.0
576069,11/13/11 15:57,13603.0
576070,11/13/11 15:58,13451.0
576071,11/13/11 16:03,18069.0
C576072,11/13/11 16:05,18069.0
576073,11/13/11 16:13,16930.0
576074,11/13/11 16:14,13178.0
576075,11/13/11 16:16,15861.0
576076,11/13/11 16:18,14382.0
576077,11/13/11 16:22,16720.0
576078,11/13/11 16:22,14432.0
576079,11/13/11 16:24,16877.0
576080,11/14/11 8:10,18211.0
576081,11/14/11 8:16,15203.0
576082,11/14/11 8:22,12428.0
576083,11/14/11 8:22,17404.0
576084,11/14/11 8:27,15365.0
576085,11/14/11 8:28,15365.0
576086,11/14/11 8:29,15365.0
576087,11/14/11 8:31,12689.0
576088,11/14/11 8:41,17450.0
576089,11/14/11 8:56,17663.0
576090,11/14/11 8:56,17450.0
576091,11/14/11 9:00,16779.0
576092,11/14/11 9:00,18263.0
576093,11/14/11 9:05,17744.0
576094,11/14/11 9:12,16401.0
576095,11/14/11 9:13,14904.0
576096,11/14/11 9:20,13549.0
576097,11/14/11 9:21,14494.0
576098,11/14/11 10:01,14862.0
576099,11/14/11 10:28,13021.0
C576108,11/14/11 10:32,15113.0
576109,11/14/11 10:33,
576110,11/14/11 10:33,
576111,11/14/11 10:33,15113.0
576112,11/14/11 10:34,14902.0
576121,11/14/11 10:38,14530.0
576137,11/14/11 10:45,15482.0
576141,11/14/11 10:47,14911.0
576147,11/14/11 10:49,16303.0
576148,11/14/11 10:50,15671.0
576172,11/14/11 11:00,15482.0
576175,11/14/11 11:02,15291.0
576176,11/14/11 11:04,16936.0
576179,11/14/11 11:09,13694.0
576180,11/14/11 11:11,13694.0
576181,11/14/11 11:19,15572.0
576182,11/14/11 11:21,12938.0
C576183,11/14/11 11:23,12476.0
576184,11/14/11 11:24,14735.0
576185,11/14/11 11:25,
576186,11/14/11 11:25,14735.0
576187,11/14/11 11:25,17228.0
576188,11/14/11 11:26,15168.0
576189,11/14/11 11:33,14684.0
576190,11/14/11 11:46,15039.0
576191,11/14/11 11:54,17377.0
576192,11/14/11 11:57,
576193,11/14/11 11:57,
C576194,11/14/11 12:03,16790.0
C576195,11/14/11 12:03,14606.0
576196,11/14/11 12:07,17658.0
C576197,11/14/11 12:08,13755.0
576198,11/14/11 12:12,17538.0
C576199,11/14/11 12:13,12610.0
576200,11/14/11 12:14,15572.0
576201,11/14/11 12:18,14606.0
576202,11/14/11 12:22,13767.0
576212,11/14/11 12:45,18082.0
576213,11/14/11 12:47,18117.0
576214,11/14/11 12:49,15863.0
576215,11/14/11 12:55,17652.0
576217,11/14/11 12:56,17081.0
C576216,11/14/11 12:56,12584.0
C576218,11/14/11 12:57,13694.0
576219,11/14/11 12:58,15838.0
576220,11/14/11 13:00,15838.0
576221,11/14/11 13:01,15838.0
576222,11/14/11 13:02,12490.0
C576223,11/14/11 13:02,15993.0
576224,11/14/11 13:08,15458.0
576225,11/14/11 13:10,13277.0
C576226,11/14/11 13:10,13268.0
C576227,11/14/11 13:11,14910.0
576228,11/14/11 13:12,15033.0
C576229,11/14/11 13:13,13816.0
C576230,11/14/11 13:15,17602.0
C576231,11/14/11 13:24,14868.0
C576232,11/14/11 13:25,15839.0
C576233,11/14/11 13:26,
576234,11/14/11 13:27,
C576235,11/14/11 13:28,17769.0
576236,11/14/11 13:31,13755.0
576237,11/14/11 13:32,12971.0
576238,11/14/11 13:32,17769.0
576239,11/14/11 13:33,15694.0
C576240,11/14/11 13:34,14441.0
C576241,11/14/11 13:35,13447.0
C576242,11/14/11 13:37,16747.0
C576243,11/14/11 13:38,15953.0
576245,11/14/11 13:40,12553.0
C576244,11/14/11 13:40,18167.0
576246,11/14/11 13:42,17566.0
C576247,11/14/11 13:42,13139.0
576249,11/14/11 13:47,17811.0
C576248,11/14/11 13:47,16639.0
576250,11/14/11 13:50,
576251,11/14/11 13:51,16207.0
576252,11/14/11 13:55,14418.0
576253,11/14/11 13:57,15125.0
576254,11/14/11 14:02,16422.0
576255,11/14/11 14:09,15993.0
576256,11/14/11 14:09,15953.0
576257,11/14/11 14:17,12757.0
576258,11/14/11 14:17,
576259,11/14/11 14:18,12957.0
576269,11/14/11 14:23,12762.0
576274,11/14/11 14:24,17793.0
576275,11/14/11 14:28,17044.0
576299,11/14/11 14:38,
576300,11/14/11 14:39,15058.0
576301,11/14/11 14:40,14667.0
576302,11/14/11 14:41,
576303,11/14/11 14:51,15532.0
576317,11/14/11 14:57,15781.0
576318,11/14/11 14:57,15058.0
576321,11/14/11 14:59,14953.0
576322,11/14/11 15:03,12642.0
576323,11/14/11 15:10,16161.0
C576324,11/14/11 15:10,16161.0
C576325,11/14/11 15:13,15050.0
576326,11/14/11 15:18,16504.0
576327,11/14/11 15:19,12476.0
576328,11/14/11 15:19,13577.0
576329,11/14/11 15:22,
576336,11/14/11 15:26,
576339,11/14/11 15:27,14096.0
C576338,11/14/11 15:27,14096.0
576345,11/14/11 15:37,12374.0
576346,11/14/11 15:37,13835.0
576347,11/14/11 15:38,13268.0
C576348,11/14/11 15:40,13267.0
576349,11/14/11 15:41,16519.0
C576350,11/14/11 15:41,17730.0
576351,11/14/11 15:51,17235.0
576352,11/14/11 15:51,16478.0
576353,11/14/11 16:17,15050.0
576354,11/14/11 16:17,13881.0
576355,11/14/11 16:28,13089.0
576356,11/14/11 16:30,15681.0
576357,11/14/11 16:57,15660.0
576358,11/14/11 16:58,15660.0
576359,11/14/11 16:59,14680.0
576361,11/14/11 17:10,14910.0
C576360,11/14/11 17:10,14910.0
576362,11/14/11 17:11,14755.0
C576363,11/14/11 17:23,14794.0
576364,11/14/11 17:40,15009.0
576365,11/14/11 17:55,
576366,11/14/11 18:30,
576367,11/14/11 18:31,
576368,11/14/11 18:33,
576369,11/14/11 18:35,
576370,11/15/11 8:00,15981.0
576371,11/15/11 8:07,14911.0
576372,11/15/11 8:32,15144.0
576373,11/15/11 8:43,12640.0
576374,11/15/11 8:50,13777.0
C576375,11/15/11 8:52,16878.0
576376,11/15/11 9:11,16341.0
576377,11/15/11 9:12,16341.0
576378,11/15/11 9:15,15628.0
576379,11/15/11 9:21,16423.0
576380,11/15/11 9:23,15419.0
576381,11/15/11 9:26,12839.0
576382,11/15/11 9:30,12883.0
576383,11/15/11 9:31,12883.0
576384,11/15/11 9:32,12883.0
576385,11/15/11 9:41,17314.0
576386,11/15/11 9:42,13777.0
576387,11/15/11 9:55,15582.0
576388,11/15/11 10:00,17510.0
576389,11/15/11 10:05,12748.0
576390,11/15/11 10:13,12569.0
576391,11/15/11 10:13,
576392,11/15/11 10:17,15105.0
576394,11/15/11 10:32,12415.0
C576393,11/15/11 10:34,13735.0
576395,11/15/11 10:38,16168.0
576396,11/15/11 10:41,16164.0
576398,11/15/11 10:48,15758.0
C576397,11/15/11 10:48,13081.0
576399,11/15/11 10:50,12684.0
576400,11/15/11 10:51,13632.0
C576401,11/15/11 10:52,13026.0
C576402,11/15/11 10:54,13026.0
576403,11/15/11 10:56,15214.0
576404,11/15/11 11:09,
576405,11/15/11 11:14,13735.0
576406,11/15/11 11:17,13692.0
576407,11/15/11 11:18,
576410,11/15/11 11:20,
576411,11/15/11 11:20,
C576409,11/15/11 11:20,15298.0
576412,11/15/11 11:21,13455.0
576413,11/15/11 11:21,
576414,11/15/11 11:21,
576415,11/15/11 11:22,
576419,11/15/11 11:23,
576424,11/15/11 11:24,
576426,11/15/11 11:24,
576431,11/15/11 11:26,
576436,11/15/11 11:27,
576447,11/15/11 11:30,13949.0
576463,11/15/11 11:37,17974.0
576473,11/15/11 11:40,
576503,11/15/11 11:56,17540.0
576508,11/15/11 12:02,17777.0
576509,11/15/11 12:03,
576510,11/15/11 12:05,14533.0
576511,11/15/11 12:07,13846.0
576512,11/15/11 12:09,15524.0
576513,11/15/11 12:10,14715.0
576514,11/15/11 12:13,13950.0
C576515,11/15/11 12:16,13950.0
576516,11/15/11 12:19,16746.0
576517,11/15/11 12:25,
576518,11/15/11 12:25,16361.0
576519,11/15/11 12:25,12676.0
576520,11/15/11 12:33,14467.0
576521,11/15/11 12:34,18259.0
576538,11/15/11 12:42,14725.0
576539,11/15/11 12:43,13058.0
576540,11/15/11 12:48,18043.0
576543,11/15/11 12:50,13236.0
576547,11/15/11 12:54,
576553,11/15/11 12:57,14666.0
576554,11/15/11 12:57,13066.0
576555,11/15/11 13:01,17861.0
576556,11/15/11 13:07,14640.0
576557,11/15/11 13:07,14714.0
576558,11/15/11 13:07,17086.0
576559,11/15/11 13:19,14711.0
576560,11/15/11 13:21,12877.0
C576561,11/15/11 13:22,15311.0
576562,11/15/11 13:24,14522.0
576563,11/15/11 13:27,17564.0
576564,11/15/11 13:32,15311.0
576566,11/15/11 13:39,
C576565,11/15/11 13:39,13066.0
576567,11/15/11 13:41,17220.0
576568,11/15/11 13:42,17153.0
576569,11/15/11 13:45,
576570,11/15/11 13:47,17220.0
576571,11/15/11 13:48,12950.0
576572,11/15/11 13:49,15514.0
576573,11/15/11 13:52,16600.0
576574,11/15/11 13:53,13078.0
576575,11/15/11 13:55,16295.0
C576576,11/15/11 14:00,17521.0
576577,11/15/11 14:04,16557.0
576578,11/15/11 14:05,
576580,11/15/11 14:15,
576581,11/15/11 14:15,15955.0
576585,11/15/11 14:17,
576586,11/15/11 14:22,12415.0
576587,11/15/11 14:23,18123.0
576588,11/15/11 14:27,
576589,11/15/11 14:29,17659.0
576590,11/15/11 14:30,16240.0
576591,11/15/11 14:32,16422.0
576592,11/15/11 14:47,13614.0
576593,11/15/11 14:48,15720.0
576594,11/15/11 14:55,
576595,11/15/11 14:56,14911.0
576596,11/15/11 14:57,14911.0
576597,11/15/11 14:57,14194.0
576598,11/15/11 15:05,13437.0
576599,11/15/11 15:06,14544.0
576600,11/15/11 15:08,18181.0
576601,11/15/11 15:10,14595.0
576602,11/15/11 15:20,14156.0
576603,11/15/11 15:22,14911.0
576604,11/15/11 15:23,13435.0
576605,11/15/11 15:33,14562.0
576606,11/15/11 15:33,13410.0
576607,11/15/11 15:42,12474.0
576608,11/15/11 15:49,17381.0
576609,11/15/11 16:08,15556.0
576610,11/15/11 16:19,15679.0
576611,11/15/11 16:29,17357.0
576612,11/15/11 16:30,17357.0
576613,11/15/11 16:34,13854.0
576614,11/15/11 16:38,12933.0
576615,11/15/11 16:42,17231.0
576616,11/15/11 16:56,14853.0
576617,11/15/11 16:57,
576618,11/15/11 17:00,
576619,11/15/11 17:01,
576620,11/15/11 17:02,
576622,11/15/11 17:11,14217.0
576623,11/15/11 17:12,12748.0
576624,11/15/11 17:14,16156.0
576625,11/15/11 17:20,15571.0
576626,11/15/11 17:26,12890.0
576627,11/16/11 8:25,14426.0
576628,11/16/11 8:28,13449.0
576629,11/16/11 8:37,12621.0
576630,11/16/11 8:38,13816.0
576631,11/16/11 8:53,16626.0
576632,11/16/11 8:55,
576633,11/16/11 9:27,13297.0
576634,11/16/11 9:28,13297.0
576635,11/16/11 9:32,15269.0
576636,11/16/11 9:34,12912.0
576637,11/16/11 9:34,16079.0
576638,11/16/11 9:35,13890.0
576639,11/16/11 9:43,13894.0
576640,11/16/11 9:44,13894.0
576641,11/16/11 9:59,17549.0
576642,11/16/11 9:59,12963.0
576643,11/16/11 10:00,
576644,11/16/11 10:01,
576645,11/16/11 10:14,16245.0
576646,11/16/11 10:18,
C576647,11/16/11 10:23,15584.0
576648,11/16/11 10:32,14057.0
576649,11/16/11 10:32,16008.0
576650,11/16/11 10:34,14286.0
576651,11/16/11 10:37,14626.0
576652,11/16/11 10:39,17198.0
576653,11/16/11 10:45,14156.0
576654,11/16/11 10:55,15584.0
576655,11/16/11 10:55,15687.0
576656,11/16/11 10:57,15687.0
576657,11/16/11 11:03,12720.0
576658,11/16/11 11:05,14534.0
576659,11/16/11 11:09,15373.0
576660,11/16/11 11:16,15110.0
576661,11/16/11 11:17,17377.0
576662,11/16/11 11:19,
576663,11/16/11 11:31,16157.0
576664,11/16/11 11:41,14646.0
576665,11/16/11 11:46,17841.0
576666,11/16/11 11:47,17841.0
576667,11/16/11 11:48,12963.0
576668,11/16/11 11:49,18246.0
576669,11/16/11 11:52,12640.0
576671,11/16/11 11:55,14385.0
C576670,11/16/11 11:55,16393.0
576672,11/16/11 11:59,12731.0
576673,11/16/11 11:59,
576674,11/16/11 12:00,
576675,11/16/11 12:01,
576676,11/16/11 12:03,16855.0
576677,11/16/11 12:03,16393.0
576684,11/16/11 12:08,14092.0
576686,11/16/11 12:08,16916.0
576687,11/16/11 12:13,13558.0
576688,11/16/11 12:16,16717.0
576689,11/16/11 12:18,16657.0
576690,11/16/11 12:19,15900.0
576691,11/16/11 12:21,14507.0
576692,11/16/11 12:21,17412.0
576693,11/16/11 12:22,13199.0
576694,11/16/11 12:25,14426.0
576695,11/16/11 12:25,16469.0
576696,11/16/11 12:26,16669.0
576704,11/16/11 12:29,14527.0
576734,11/16/11 12:42,17680.0
576736,11/16/11 12:42,13089.0
576758,11/16/11 12:51,16814.0
576762,11/16/11 13:08,
576763,11/16/11 13:09,
576764,11/16/11 13:10,
576765,11/16/11 13:11,
576766,11/16/11 13:11,
576767,11/16/11 13:12,
576768,11/16/11 13:13,13408.0
576769,11/16/11 13:14,13575.0
576770,11/16/11 13:16,13926.0
576771,11/16/11 13:19,13285.0
576772,11/16/11 13:20,16839.0
576773,11/16/11 13:21,
576774,11/16/11 13:21,13131.0
576775,11/16/11 13:21,13629.0
576776,11/16/11 13:22,
576777,11/16/11 13:23,
576778,11/16/11 13:24,16085.0
576779,11/16/11 13:25,14554.0
576780,11/16/11 13:27,13258.0
576781,11/16/11 13:33,13939.0
576782,11/16/11 13:36,17500.0
576783,11/16/11 13:38,13447.0
576784,11/16/11 13:40,16204.0
C576785,11/16/11 13:51,14109.0
576786,11/16/11 13:53,16999.0
576787,11/16/11 13:54,13815.0
576789,11/16/11 13:56,12569.0
C576788,11/16/11 13:56,15344.0
576790,11/16/11 13:59,12569.0
576791,11/16/11 13:59,17896.0
576792,11/16/11 14:11,17596.0
576809,11/16/11 14:20,14851.0
C576816,11/16/11 14:24,12569.0
576824,11/16/11 14:26,12910.0
576826,11/16/11 14:28,12910.0
576827,11/16/11 14:28,12901.0
576828,11/16/11 14:36,
576829,11/16/11 14:40,
576830,11/16/11 14:54,14898.0
C576831,11/16/11 14:56,12748.0
576832,11/16/11 15:01,13102.0
576833,11/16/11 15:08,17434.0
576834,11/16/11 15:10,13458.0
576835,11/16/11 15:10,
576836,11/16/11 15:14,16191.0
576837,11/16/11 15:16,
576838,11/16/11 15:21,18075.0
576839,11/16/11 15:21,
576840,11/16/11 15:23,
576841,11/16/11 15:26,17368.0
576842,11/16/11 15:31,13599.0
576843,11/16/11 15:32,
576844,11/16/11 15:33,16713.0
576845,11/16/11 15:34,12991.0
576846,11/16/11 15:35,13500.0
576847,11/16/11 15:35,17017.0
576848,11/16/11 15:38,15051.0
576849,11/16/11 15:39,13924.0
C576850,11/16/11 15:40,13924.0
576851,11/16/11 15:41,15967.0
576852,11/16/11 15:45,16809.0
576853,11/16/11 15:48,12971.0
576854,11/16/11 15:49,12993.0
576855,11/16/11 15:51,17757.0
C576856,11/16/11 15:51,16912.0
576857,11/16/11 15:52,12748.0
C576858,11/16/11 15:52,17183.0
576859,11/16/11 15:56,18167.0
576860,11/16/11 15:58,17602.0
576861,11/16/11 16:00,18041.0
576862,11/16/11 16:06,14825.0
576863,11/16/11 16:06,12626.0
576864,11/16/11 16:06,12748.0
576865,11/16/11 16:08,12748.0
C576866,11/16/11 16:09,16278.0
576867,11/16/11 16:18,13012.0
C576868,11/16/11 16:19,18263.0
576869,11/16/11 16:20,12500.0
C576870,11/16/11 16:21,14907.0
C576871,11/16/11 16:23,14441.0
576872,11/16/11 16:26,13238.0
576873,11/16/11 16:30,17835.0
576874,11/16/11 16:30,15432.0
576875,11/16/11 16:32,15805.0
576876,11/16/11 16:42,16804.0
576877,11/16/11 16:43,16804.0
576878,11/16/11 16:49,18059.0
576879,11/16/11 16:52,18006.0
576880,11/16/11 17:03,14911.0
576881,11/16/11 17:10,14673.0
576888,11/16/11 17:16,14948.0
576889,11/16/11 17:24,12748.0
576890,11/16/11 17:25,12662.0
576891,11/16/11 17:26,12662.0
576892,11/17/11 8:20,15737.0
576893,11/17/11 8:29,12481.0
576894,11/17/11 8:35,12681.0
576895,11/17/11 8:40,12356.0
576896,11/17/11 8:41,14735.0
576897,11/17/11 8:41,17828.0
C576898,11/17/11 8:47,17828.0
576899,11/17/11 8:49,14911.0
576900,11/17/11 8:53,15489.0
576901,11/17/11 8:54,16929.0
576902,11/17/11 8:56,17330.0
C576903,11/17/11 9:15,12712.0
576904,11/17/11 9:25,14931.0
576905,11/17/11 9:31,13308.0
576906,11/17/11 9:33,18225.0
576907,11/17/11 9:34,12610.0
C576908,11/17/11 9:39,12670.0
576909,11/17/11 9:49,12471.0
576910,11/17/11 9:51,12477.0
576911,11/17/11 10:01,17461.0
576912,11/17/11 10:01,13756.0
576913,11/17/11 10:02,13756.0
576914,11/17/11 10:09,15124.0
576915,11/17/11 10:21,17461.0
576916,11/17/11 10:24,14655.0
576917,11/17/11 10:40,17613.0
C576918,11/17/11 10:40,14102.0
C576919,11/17/11 10:44,15529.0
576920,11/17/11 10:49,13871.0
576922,11/17/11 10:51,17613.0
C576921,11/17/11 10:51,17613.0
576923,11/17/11 10:52,12753.0
576924,11/17/11 10:53,17419.0
C576925,11/17/11 10:54,14102.0
576926,11/17/11 10:59,14113.0
576927,11/17/11 11:02,12567.0
576928,11/17/11 11:04,14102.0
576929,11/17/11 11:09,16638.0
576930,11/17/11 11:09,14834.0
576931,11/17/11 11:10,13028.0
576932,11/17/11 11:12,15443.0
576933,11/17/11 11:29,15529.0
576941,11/17/11 11:34,12562.0
576948,11/17/11 11:45,14515.0
576958,11/17/11 11:48,14515.0
576971,11/17/11 11:51,14032.0
C576968,11/17/11 11:51,13668.0
C576974,11/17/11 11:52,12474.0
576984,11/17/11 11:54,14332.0
576995,11/17/11 11:59,16298.0
577000,11/17/11 12:00,17716.0
577008,11/17/11 12:02,16869.0
577009,11/17/11 12:05,12749.0
577010,11/17/11 12:11,15506.0
577011,11/17/11 12:19,15657.0
577016,11/17/11 12:21,17095.0
577018,11/17/11 12:25,12971.0
577019,11/17/11 12:30,14112.0
577020,11/17/11 12:32,17147.0
577021,11/17/11 12:39,12931.0
577022,11/17/11 12:42,13668.0
577023,11/17/11 12:43,16186.0
577024,11/17/11 12:47,14704.0
577025,11/17/11 12:54,16161.0
577026,11/17/11 12:55,17237.0
577027,11/17/11 12:56,12647.0
577028,11/17/11 12:59,17080.0
577029,11/17/11 12:59,15563.0
577030,11/17/11 12:59,14060.0
577031,11/17/11 13:00,15298.0
577032,11/17/11 13:07,13160.0
577033,11/17/11 13:16,17797.0
577034,11/17/11 13:16,12847.0
577035,11/17/11 13:21,15187.0
577036,11/17/11 13:21,17797.0
577037,11/17/11 13:27,
577038,11/17/11 13:30,14796.0
577039,11/17/11 13:30,12539.0
C577040,11/17/11 13:31,15864.0
577041,11/17/11 13:32,15864.0
C577042,11/17/11 13:35,13894.0
577043,11/17/11 13:38,14282.0
577044,11/17/11 13:45,17428.0
577045,11/17/11 13:46,17428.0
577046,11/17/11 13:46,12449.0
577047,11/17/11 13:48,13014.0
577048,11/17/11 13:50,13247.0
577049,11/17/11 13:58,17397.0
577050,11/17/11 13:59,14191.0
577051,11/17/11 14:02,14034.0
577052,11/17/11 14:08,17397.0
577053,11/17/11 14:17,13001.0
577054,11/17/11 14:19,13815.0
577055,11/17/11 14:22,15189.0
577056,11/17/11 14:24,17985.0
577057,11/17/11 14:26,12748.0
577058,11/17/11 14:29,18122.0
577059,11/17/11 14:30,13704.0
577060,11/17/11 14:36,14397.0
577061,11/17/11 14:40,14911.0
577062,11/17/11 14:40,18221.0
577063,11/17/11 14:41,17183.0
577064,11/17/11 14:43,16656.0
577065,11/17/11 14:46,13890.0
577067,11/17/11 14:49,12704.0
C577066,11/17/11 14:49,15563.0
577068,11/17/11 14:50,15563.0
577069,11/17/11 14:51,12704.0
C577070,11/17/11 14:54,12704.0
577071,11/17/11 14:56,13969.0
577072,11/17/11 15:02,15089.0
C577073,11/17/11 15:02,14359.0
577074,11/17/11 15:04,15399.0
577076,11/17/11 15:08,14362.0
C577075,11/17/11 15:08,14456.0
577077,11/17/11 15:16,17799.0
577078,11/17/11 15:17,
577079,11/17/11 15:22,14416.0
577080,11/17/11 15:24,17001.0
C577081,11/17/11 15:24,18230.0
577082,11/17/11 15:31,15811.0
577083,11/17/11 15:34,15287.0
577084,11/17/11 15:41,16626.0
577085,11/17/11 15:47,12997.0
577086,11/17/11 15:50,16070.0
577087,11/17/11 15:55,12464.0
577088,11/17/11 15:59,15267.0
577089,11/17/11 15:59,12841.0
577090,11/17/11 16:02,13828.0
577091,11/17/11 16:29,16531.0
577092,11/17/11 16:35,15136.0
577093,11/17/11 16:37,13089.0
577094,11/17/11 16:39,15435.0
577095,11/17/11 16:39,15867.0
C577096,11/17/11 16:40,17095.0
577097,11/17/11 16:42,17243.0
577098,11/17/11 16:43,16839.0
577099,11/17/11 16:48,13313.0
577100,11/17/11 16:51,16009.0
577101,11/17/11 16:51,13138.0
577102,11/17/11 17:01,
577103,11/17/11 17:08,15081.0
577104,11/17/11 17:13,12747.0
577105,11/17/11 17:16,16076.0
577106,11/17/11 17:18,14456.0
577107,11/17/11 17:30,16558.0
577108,11/17/11 17:34,15983.0
577109,11/17/11 17:50,16042.0
577110,11/17/11 17:53,14234.0
577111,11/17/11 17:55,
577112,11/17/11 17:55,
577113,11/17/11 17:58,
577114,11/17/11 17:59,
577115,11/17/11 18:02,
577116,11/17/11 18:04,
577117,11/17/11 18:04,
577118,11/17/11 18:05,
577119,11/17/11 18:08,
577120,11/17/11 18:09,
577121,11/17/11 18:29,12681.0
577122,11/17/11 18:33,
577123,11/17/11 18:34,
577124,11/17/11 18:41,
577125,11/17/11 18:43,12445.0
577126,11/17/11 19:22,12406.0
577127,11/17/11 19:27,16871.0
577128,11/17/11 19:48,14508.0
577129,11/17/11 19:52,15602.0
577130,11/17/11 19:58,15861.0
C577131,11/17/11 20:01,15861.0
577132,11/18/11 8:21,13599.0
577133,11/18/11 8:47,13962.0
577134,11/18/11 8:56,14434.0
577135,11/18/11 8:56,12427.0
577136,11/18/11 8:57,17163.0
577137,11/18/11 8:59,14110.0
577138,11/18/11 9:03,13079.0
577139,11/18/11 9:04,16500.0
577140,11/18/11 9:10,13269.0
577141,11/18/11 9:11,13269.0
577142,11/18/11 9:19,13985.0
577143,11/18/11 9:31,13200.0
577144,11/18/11 9:35,
577145,11/18/11 9:35,
577146,11/18/11 9:42,16414.0
C577147,11/18/11 9:42,13396.0
577148,11/18/11 9:43,13941.0
C577149,11/18/11 9:44,17034.0
577150,11/18/11 9:48,
C577151,11/18/11 9:50,12781.0
577152,11/18/11 9:53,14277.0
C577153,11/18/11 9:54,13266.0
C577154,11/18/11 9:55,15502.0
577155,11/18/11 9:56,13050.0
577156,11/18/11 9:57,13471.0
577157,11/18/11 9:58,12451.0
577158,11/18/11 9:58,16293.0
C577159,11/18/11 9:58,15406.0
577160,11/18/11 10:05,16134.0
577161,11/18/11 10:18,18210.0
577162,11/18/11 10:24,13323.0
577165,11/18/11 10:27,13171.0
C577163,11/18/11 10:27,16678.0
C577164,11/18/11 10:28,16678.0
577166,11/18/11 10:37,12936.0
577167,11/18/11 10:41,16511.0
577168,11/18/11 10:42,12603.0
577169,11/18/11 10:42,14641.0
577170,11/18/11 10:46,13456.0
577171,11/18/11 10:52,17159.0
577172,11/18/11 10:56,17760.0
577173,11/18/11 10:57,14849.0
577174,11/18/11 10:58,17841.0
577175,11/18/11 10:58,14849.0
577176,11/18/11 11:07,13305.0
577177,11/18/11 11:10,12748.0
577178,11/18/11 11:10,12618.0
577179,11/18/11 11:20,18061.0
577180,11/18/11 11:27,12380.0
577181,11/18/11 11:35,
577182,11/18/11 11:39,16945.0
C577196,11/18/11 11:45,16924.0
577202,11/18/11 11:47,12989.0
577209,11/18/11 11:49,15621.0
577217,11/18/11 11:53,17324.0
577218,11/18/11 12:02,13117.0
C577227,11/18/11 12:06,14527.0
577228,11/18/11 12:07,12391.0
577230,11/18/11 12:08,18034.0
577231,11/18/11 12:08,
577235,11/18/11 12:09,14367.0
577251,11/18/11 12:18,
577252,11/18/11 12:22,18034.0
577256,11/18/11 12:25,15530.0
577258,11/18/11 12:27,16764.0
577263,11/18/11 12:31,
577264,11/18/11 12:32,
577265,11/18/11 12:33,
577286,11/18/11 12:39,14606.0
577289,11/18/11 12:39,12931.0
577295,11/18/11 12:46,12682.0
577296,11/18/11 12:47,17286.0
577297,11/18/11 12:48,14593.0
577298,11/18/11 12:49,14299.0
577299,11/18/11 12:52,12498.0
577300,11/18/11 12:53,16924.0
577301,11/18/11 12:53,12498.0
577302,11/18/11 12:57,17904.0
577303,11/18/11 13:02,14390.0
577304,11/18/11 13:04,
577305,11/18/11 13:06,
577306,11/18/11 13:06,
577307,11/18/11 13:06,
577308,11/18/11 13:14,15088.0
577309,11/18/11 13:14,15933.0
577310,11/18/11 13:15,13516.0
577311,11/18/11 13:16,18225.0
577312,11/18/11 13:18,17049.0
577313,11/18/11 13:21,14342.0
577314,11/18/11 13:23,12444.0
577315,11/18/11 13:25,17811.0
577316,11/18/11 13:30,12578.0
577317,11/18/11 13:33,16426.0
577318,11/18/11 13:42,17675.0
577319,11/18/11 13:43,17301.0
577320,11/18/11 13:44,13880.0
577321,11/18/11 13:44,15311.0
577322,11/18/11 13:45,17888.0
C577323,11/18/11 13:57,17904.0
577324,11/18/11 14:01,16463.0
577325,11/18/11 14:07,13094.0
577326,11/18/11 14:08,14646.0
C577327,11/18/11 14:13,17779.0
577328,11/18/11 14:14,14088.0
577329,11/18/11 14:15,17779.0
C577330,11/18/11 14:16,
577331,11/18/11 14:23,14667.0
577332,11/18/11 14:25,13013.0
577333,11/18/11 14:40,14868.0
577334,11/18/11 14:42,15368.0
577335,11/18/11 14:50,14285.0
577336,11/18/11 14:50,14793.0
577337,11/18/11 14:51,15494.0
577338,11/18/11 14:52,17650.0
577339,11/18/11 14:57,
577340,11/18/11 14:57,
577341,11/18/11 15:00,16279.0
C577342,11/18/11 15:11,
C577343,11/18/11 15:13,
577344,11/18/11 15:14,12437.0
C577345,11/18/11 15:16,15563.0
C577346,11/18/11 15:25,
577347,11/18/11 15:27,13960.0
C577348,11/18/11 15:30,
C577349,11/18/11 15:32,16168.0
C577350,11/18/11 15:35,14315.0
C577351,11/18/11 15:37,17728.0
577352,11/18/11 15:41,14820.0
C577353,11/18/11 15:45,12781.0
C577354,11/18/11 15:50,14732.0
577355,11/18/11 15:53,14911.0
577356,11/18/11 15:53,16350.0
577357,11/18/11 15:54,13098.0
577358,11/18/11 15:59,
577359,11/18/11 16:07,14903.0
C577360,11/18/11 16:12,13012.0
577361,11/18/11 16:13,13012.0
C577362,11/18/11 16:14,14073.0
C577363,11/18/11 16:17,12697.0
C577364,11/18/11 16:18,14140.0
577365,11/18/11 16:19,17063.0
C577369,11/18/11 16:20,14132.0
C577375,11/18/11 16:21,14441.0
C577381,11/18/11 16:24,15297.0
577382,11/18/11 16:48,17961.0
C577383,11/18/11 16:48,13091.0
C577384,11/18/11 16:50,14156.0
C577385,11/18/11 16:53,14189.0
C577386,11/18/11 16:54,18276.0
577387,11/18/11 16:55,17961.0
C577388,11/18/11 16:58,14911.0
C577389,11/18/11 16:59,13381.0
C577390,11/18/11 17:01,18276.0
C577391,11/18/11 17:03,13078.0
C577392,11/18/11 17:05,16560.0
577393,11/18/11 17:06,14031.0
C577394,11/18/11 17:09,14902.0
C577395,11/18/11 17:10,12779.0
577396,11/18/11 17:11,17621.0
C577397,11/18/11 17:12,12504.0
C577398,11/18/11 17:15,16839.0
C577399,11/18/11 17:15,13895.0
577400,11/18/11 17:20,16201.0
577401,11/18/11 17:34,
577402,11/20/11 10:11,15465.0
577403,11/20/11 10:15,13988.0
577404,11/20/11 10:16,17243.0
577405,11/20/11 10:29,14116.0
577406,11/20/11 10:36,12702.0
577407,11/20/11 10:37,14739.0
577408,11/20/11 10:51,14805.0
577409,11/20/11 10:53,16779.0
577410,11/20/11 10:59,14664.0
577411,11/20/11 11:00,17387.0
577429,11/20/11 11:06,14881.0
577438,11/20/11 11:09,18118.0
577440,11/20/11 11:11,14477.0
577443,11/20/11 11:16,12971.0
577469,11/20/11 11:25,15009.0
577472,11/20/11 11:28,14503.0
577473,11/20/11 11:28,15919.0
577474,11/20/11 11:30,12778.0
577475,11/20/11 11:30,15152.0
577476,11/20/11 11:31,12540.0
577477,11/20/11 11:32,14157.0
577478,11/20/11 11:33,15963.0
577479,11/20/11 11:34,14911.0
577480,11/20/11 11:37,14525.0
C577481,11/20/11 11:39,12778.0
577482,11/20/11 11:43,16762.0
577483,11/20/11 11:50,14502.0
577484,11/20/11 11:52,13536.0
577485,11/20/11 11:56,16360.0
C577486,11/20/11 11:59,15533.0
577487,11/20/11 12:00,15061.0
577488,11/20/11 12:00,13090.0
577489,11/20/11 12:07,
577490,11/20/11 12:11,16464.0
577491,11/20/11 12:12,14595.0
577492,11/20/11 12:13,16900.0
577493,11/20/11 12:13,17323.0
577494,11/20/11 12:17,16506.0
577495,11/20/11 12:20,14704.0
577496,11/20/11 12:20,16784.0
577497,11/20/11 12:22,17555.0
577498,11/20/11 12:22,15906.0
577499,11/20/11 12:24,15906.0
577500,11/20/11 12:30,14052.0
577501,11/20/11 12:32,14075.0
577502,11/20/11 12:34,12598.0
577503,11/20/11 12:34,18110.0
577504,11/20/11 12:36,14159.0
577505,11/20/11 12:37,13118.0
577506,11/20/11 12:40,13212.0
577507,11/20/11 12:42,14710.0
577508,11/20/11 12:45,18127.0
577510,11/20/11 12:46,13118.0
C577509,11/20/11 12:46,13118.0
577511,11/20/11 12:53,17561.0
577512,11/20/11 12:55,12523.0
C577513,11/20/11 12:59,18110.0
577514,11/20/11 13:00,16212.0
577515,11/20/11 13:02,13427.0
577516,11/20/11 13:08,16533.0
577517,11/20/11 13:16,16710.0
577518,11/20/11 13:17,14359.0
577519,11/20/11 13:20,15044.0
577520,11/20/11 13:20,14553.0
577521,11/20/11 13:23,16411.0
577522,11/20/11 13:23,15988.0
577523,11/20/11 13:33,12597.0
577524,11/20/11 13:33,16905.0
577525,11/20/11 13:37,16905.0
577526,11/20/11 13:39,16513.0
577527,11/20/11 13:40,17523.0
577528,11/20/11 13:45,15745.0
577529,11/20/11 13:47,17523.0
577530,11/20/11 13:48,14950.0
577531,11/20/11 13:58,
577532,11/20/11 14:01,16666.0
577533,11/20/11 14:04,16877.0
577534,11/20/11 14:05,18127.0
577535,11/20/11 14:07,14071.0
577536,11/20/11 14:14,15850.0
577537,11/20/11 14:17,14860.0
577538,11/20/11 14:20,18040.0
577539,11/20/11 14:24,14547.0
577540,11/20/11 14:28,14984.0
577541,11/20/11 14:31,16899.0
577542,11/20/11 14:33,13565.0
577543,11/20/11 14:40,17636.0
577544,11/20/11 14:43,17758.0
577545,11/20/11 14:43,16931.0
577546,11/20/11 14:45,17758.0
C577547,11/20/11 14:48,17841.0
577548,11/20/11 14:50,16710.0
577549,11/20/11 15:00,17841.0
577550,11/20/11 15:05,17738.0
577551,11/20/11 15:21,12395.0
577552,11/20/11 15:27,14282.0
577553,11/20/11 15:30,17425.0
577554,11/20/11 15:35,15533.0
577555,11/20/11 15:35,13200.0
577556,11/20/11 15:36,13832.0
577557,11/20/11 15:36,15426.0
577572,11/20/11 15:48,17384.0
577579,11/20/11 15:52,14415.0
577594,11/20/11 16:07,13142.0
577595,11/20/11 16:12,16399.0
577596,11/21/11 8:02,18080.0
577597,11/21/11 8:19,16366.0
577598,11/21/11 8:19,13430.0
577599,11/21/11 8:26,15738.0
577600,11/21/11 8:28,14447.0
577601,11/21/11 8:31,17675.0
577602,11/21/11 8:37,16139.0
577603,11/21/11 8:40,15500.0
577604,11/21/11 8:57,14300.0
577605,11/21/11 9:02,13199.0
577606,11/21/11 9:11,12462.0
577607,11/21/11 9:21,14911.0
577608,11/21/11 9:22,
577609,11/21/11 9:51,12349.0
577610,11/21/11 9:55,15373.0
577611,11/21/11 9:59,
577612,11/21/11 9:59,
577613,11/21/11 10:02,14911.0
C577614,11/21/11 10:18,17888.0
577615,11/21/11 10:22,12658.0
577616,11/21/11 10:22,13823.0
577617,11/21/11 10:23,14883.0
577618,11/21/11 10:27,12795.0
577633,11/21/11 10:35,14194.0
577646,11/21/11 10:39,13189.0
577669,11/21/11 10:48,15567.0
577680,11/21/11 10:51,17227.0
C577683,11/21/11 10:51,14493.0
577687,11/21/11 11:16,12583.0
577689,11/21/11 11:29,17664.0
C577688,11/21/11 11:29,13890.0
577690,11/21/11 11:34,12856.0
577691,11/21/11 11:34,14587.0
C577692,11/21/11 11:47,14426.0
C577693,11/21/11 11:48,12628.0
577694,11/21/11 11:50,14702.0
577695,11/21/11 11:55,15645.0
577696,11/21/11 11:57,16406.0
577697,11/21/11 12:02,15804.0
577698,11/21/11 12:05,14963.0
577699,11/21/11 12:06,13971.0
577700,11/21/11 12:06,14449.0
577701,11/21/11 12:11,13673.0
577711,11/21/11 12:17,15527.0
577716,11/21/11 12:18,15857.0
577718,11/21/11 12:19,16013.0
577719,11/21/11 12:20,16013.0
577720,11/21/11 12:21,16013.0
577721,11/21/11 12:24,13167.0
C577722,11/21/11 12:35,14607.0
577723,11/21/11 12:36,16713.0
577724,11/21/11 12:37,12984.0
577725,11/21/11 12:38,14607.0
577726,11/21/11 12:40,15676.0
577727,11/21/11 12:43,15671.0
577728,11/21/11 12:52,17811.0
577729,11/21/11 12:53,15179.0
577730,11/21/11 12:59,17253.0
C577731,11/21/11 13:06,17811.0
577732,11/21/11 13:09,15093.0
577733,11/21/11 13:10,15163.0
577734,11/21/11 13:14,17502.0
577735,11/21/11 13:14,14482.0
577736,11/21/11 13:20,14606.0
C577737,11/21/11 13:25,15681.0
577738,11/21/11 13:35,13739.0
577739,11/21/11 13:36,14551.0
577740,11/21/11 13:36,17625.0
577741,11/21/11 13:40,12921.0
577742,11/21/11 13:41,13755.0
577743,11/21/11 13:44,17006.0
577744,11/21/11 13:58,18229.0
577745,11/21/11 14:06,18139.0
577746,11/21/11 14:17,15274.0
577747,11/21/11 14:21,17450.0
577748,11/21/11 14:24,15159.0
577749,11/21/11 14:26,16242.0
C577750,11/21/11 14:30,12878.0
577751,11/21/11 14:34,12904.0
C577752,11/21/11 14:37,16670.0
C577753,11/21/11 14:40,13756.0
577754,11/21/11 14:47,18139.0
577755,11/21/11 14:49,17010.0
577756,11/21/11 14:59,15115.0
577757,11/21/11 15:10,13755.0
577768,11/21/11 15:18,
577769,11/21/11 15:27,16379.0
577770,11/21/11 15:33,13282.0
577771,11/21/11 15:42,16168.0
577772,11/21/11 15:53,18139.0
577773,11/21/11 15:57,16712.0
577774,11/21/11 15:57,16712.0
C577775,11/21/11 16:00,12504.0
577776,11/21/11 16:02,12504.0
577777,11/21/11 16:06,
577778,11/21/11 16:10,16549.0
C577779,11/21/11 16:11,
577780,11/21/11 16:14,
C577781,11/21/11 16:14,15406.0
577782,11/21/11 16:17,16549.0
577783,11/21/11 16:20,18139.0
577784,11/21/11 16:24,13862.0
577785,11/21/11 16:25,16369.0
C577786,11/21/11 16:27,13246.0
577787,11/21/11 16:28,
577788,11/21/11 16:28,
577789,11/21/11 16:28,
577790,11/21/11 16:35,14198.0
577791,11/21/11 16:36,17100.0
577792,11/21/11 16:36,17100.0
577793,11/21/11 16:40,13468.0
577794,11/21/11 16:48,14030.0
577795,11/21/11 16:50,13246.0
577796,11/21/11 16:53,15105.0
577797,11/21/11 16:54,15105.0
577798,11/21/11 16:54,17757.0
C577799,11/21/11 16:55,13458.0
577800,11/21/11 17:00,15484.0
577801,11/21/11 17:04,17629.0
577802,11/21/11 17:10,15132.0
577803,11/21/11 17:28,
577804,11/21/11 17:33,17432.0
577805,11/22/11 8:19,13881.0
577806,11/22/11 8:20,12963.0
577807,11/22/11 8:26,15699.0
577808,11/22/11 8:28,13403.0
577809,11/22/11 8:34,12584.0
577810,11/22/11 8:44,17949.0
577811,11/22/11 8:54,16311.0
577812,11/22/11 8:56,16956.0
577813,11/22/11 9:06,14297.0
577814,11/22/11 9:16,15106.0
C577815,11/22/11 9:16,17071.0
577816,11/22/11 9:17,18139.0
C577817,11/22/11 9:17,13081.0
577818,11/22/11 9:18,13456.0
C577819,11/22/11 9:23,17313.0
577820,11/22/11 9:24,13408.0
C577821,11/22/11 9:29,13777.0
577822,11/22/11 9:34,14607.0
577823,11/22/11 9:40,16107.0
577824,11/22/11 9:42,15845.0
577825,11/22/11 9:42,17453.0
577826,11/22/11 9:43,17600.0
577827,11/22/11 9:53,16782.0
C577828,11/22/11 9:53,14911.0
577829,11/22/11 9:55,
577830,11/22/11 10:12,15187.0
577831,11/22/11 10:17,16748.0
C577832,11/22/11 10:18,18274.0
577833,11/22/11 10:20,17315.0
577834,11/22/11 10:21,17528.0
577835,11/22/11 10:24,16607.0
577836,11/22/11 10:26,
577837,11/22/11 10:30,14834.0
577838,11/22/11 10:32,16352.0
C577839,11/22/11 10:33,16633.0
577840,11/22/11 10:34,17324.0
577841,11/22/11 10:35,14262.0
577842,11/22/11 10:39,16353.0
577843,11/22/11 10:39,16353.0
577844,11/22/11 10:41,
577845,11/22/11 10:44,18139.0
577848,11/22/11 10:59,13247.0
C577849,11/22/11 10:59,14534.0
577850,11/22/11 11:04,14911.0
577851,11/22/11 11:04,13267.0
577852,11/22/11 11:08,16532.0
577853,11/22/11 11:13,13681.0
577854,11/22/11 11:14,16128.0
577855,11/22/11 11:18,15877.0
577856,11/22/11 11:19,12490.0
577857,11/22/11 11:21,13499.0
577858,11/22/11 11:24,16365.0
577859,11/22/11 11:24,14534.0
577860,11/22/11 11:25,16655.0
577861,11/22/11 11:28,13924.0
577869,11/22/11 11:34,13268.0
577880,11/22/11 11:37,14515.0
C577889,11/22/11 11:42,16191.0
C577892,11/22/11 11:43,16191.0
577893,11/22/11 11:47,17073.0
577897,11/22/11 11:48,14424.0
577905,11/22/11 11:51,15497.0
577906,11/22/11 11:51,13268.0
577919,11/22/11 11:58,17075.0
577938,11/22/11 12:07,15525.0
577942,11/22/11 12:08,
577944,11/22/11 12:08,
577947,11/22/11 12:08,
577949,11/22/11 12:09,
577950,11/22/11 12:09,14129.0
577951,11/22/11 12:09,17238.0
577953,11/22/11 12:09,
577954,11/22/11 12:10,
577956,11/22/11 12:10,
577959,11/22/11 12:11,
577961,11/22/11 12:11,
577964,11/22/11 12:11,
577966,11/22/11 12:12,
577968,11/22/11 12:12,
577970,11/22/11 12:12,
577971,11/22/11 12:12,
577972,11/22/11 12:13,
577973,11/22/11 12:13,13798.0
577980,11/22/11 12:24,16330.0
577985,11/22/11 12:25,15116.0
577999,11/22/11 12:29,
C578003,11/22/11 12:31,13832.0
578004,11/22/11 12:38,17155.0
578005,11/22/11 12:39,16985.0
578006,11/22/11 12:40,13363.0
C578007,11/22/11 12:40,16474.0
578008,11/22/11 12:47,14657.0
578009,11/22/11 12:48,14467.0
578010,11/22/11 12:50,15971.0
578011,11/22/11 12:52,15150.0
578012,11/22/11 12:54,14768.0
578013,11/22/11 12:55,17360.0
578014,11/22/11 12:58,13199.0
578015,11/22/11 12:58,12971.0
578016,11/22/11 13:02,14506.0
578017,11/22/11 13:07,13569.0
578018,11/22/11 13:08,15311.0
578019,11/22/11 13:11,17360.0
578020,11/22/11 13:20,16979.0
578021,11/22/11 13:22,12748.0
578022,11/22/11 13:25,17371.0
578023,11/22/11 13:25,17502.0
578024,11/22/11 13:27,12705.0
578025,11/22/11 13:28,16722.0
578026,11/22/11 13:29,17659.0
578027,11/22/11 13:29,15977.0
578028,11/22/11 13:30,17371.0
578029,11/22/11 13:33,16985.0
578030,11/22/11 13:40,15498.0
578031,11/22/11 13:41,15796.0
578032,11/22/11 13:41,16633.0
578033,11/22/11 13:42,12656.0
578034,11/22/11 13:47,14646.0
578035,11/22/11 14:00,16422.0
578036,11/22/11 14:04,16474.0
578037,11/22/11 14:10,
578038,11/22/11 14:10,14251.0
C578039,11/22/11 14:13,17338.0
578040,11/22/11 14:21,13322.0
578041,11/22/11 14:23,17338.0
578042,11/22/11 14:25,17500.0
578043,11/22/11 14:39,12474.0
578044,11/22/11 14:41,13488.0
578045,11/22/11 14:43,17297.0
578053,11/22/11 14:59,14422.0
578054,11/22/11 14:59,14911.0
578055,11/22/11 15:00,13986.0
578056,11/22/11 15:04,16164.0
578057,11/22/11 15:05,12920.0
578058,11/22/11 15:07,18249.0
578059,11/22/11 15:15,13940.0
578060,11/22/11 15:22,17857.0
C578061,11/22/11 15:29,15811.0
C578062,11/22/11 15:30,12471.0
578063,11/22/11 15:36,16929.0
578064,11/22/11 15:37,13238.0
578065,11/22/11 15:41,
578066,11/22/11 15:43,
578067,11/22/11 15:43,
578068,11/22/11 15:45,14505.0
578069,11/22/11 15:49,14329.0
578070,11/22/11 15:50,14329.0
578071,11/22/11 15:52,13599.0
578072,11/22/11 16:02,17759.0
C578073,11/22/11 16:02,18139.0
578074,11/22/11 16:06,17590.0
578075,11/22/11 16:11,15039.0
C578076,11/22/11 16:18,18139.0
C578077,11/22/11 16:18,12936.0
578078,11/22/11 16:24,12586.0
578079,11/22/11 16:26,13985.0
578080,11/22/11 16:28,15634.0
578081,11/22/11 16:31,14051.0
578082,11/22/11 16:33,12775.0
578084,11/22/11 16:34,12465.0
578085,11/22/11 16:39,13319.0
578086,11/22/11 16:43,17519.0
578087,11/22/11 16:44,15965.0
578088,11/22/11 16:47,16376.0
578089,11/22/11 17:02,12483.0
C578090,11/22/11 17:03,12483.0
578091,11/22/11 17:15,14554.0
578092,11/22/11 17:19,16811.0
578093,11/22/11 17:21,14911.0
578094,11/22/11 17:23,16261.0
578095,11/22/11 17:25,
578096,11/22/11 17:26,12936.0
C578097,11/22/11 17:31,
578098,11/22/11 17:32,12936.0
578099,11/23/11 8:05,12452.0
578100,11/23/11 8:17,15814.0
578101,11/23/11 8:39,13089.0
578102,11/23/11 8:39,13089.0
578103,11/23/11 8:42,17554.0
578104,11/23/11 8:43,13969.0
578105,11/23/11 8:47,14911.0
578106,11/23/11 9:02,16133.0
578107,11/23/11 9:09,15949.0
578108,11/23/11 9:20,14912.0
578109,11/23/11 9:22,14020.0
C578110,11/23/11 9:23,15804.0
578111,11/23/11 9:28,14790.0
578112,11/23/11 9:34,16670.0
578113,11/23/11 9:35,14560.0
578114,11/23/11 9:41,16185.0
578115,11/23/11 9:44,16600.0
578116,11/23/11 9:51,13078.0
578117,11/23/11 10:01,14334.0
578118,11/23/11 10:08,12955.0
578119,11/23/11 10:09,17769.0
578120,11/23/11 10:21,14493.0
578121,11/23/11 10:23,14547.0
C578122,11/23/11 10:27,12452.0
578123,11/23/11 10:28,12452.0
C578124,11/23/11 10:30,14049.0
578125,11/23/11 10:31,17511.0
578126,11/23/11 10:32,16900.0
578127,11/23/11 10:36,13408.0
578128,11/23/11 10:38,12919.0
578129,11/23/11 10:39,13502.0
578130,11/23/11 10:44,15611.0
C578131,11/23/11 10:49,13171.0
C578132,11/23/11 10:50,15502.0
578133,11/23/11 10:55,14205.0
C578136,11/23/11 10:57,14156.0
578140,11/23/11 10:58,14646.0
578141,11/23/11 11:04,14646.0
C578142,11/23/11 11:04,17010.0
578143,11/23/11 11:06,14646.0
C578144,11/23/11 11:06,16201.0
578145,11/23/11 11:07,
578146,11/23/11 11:07,13742.0
578147,11/23/11 11:09,12748.0
578149,11/23/11 11:11,
C578148,11/23/11 11:11,15117.0
578150,11/23/11 11:18,16020.0
578151,11/23/11 11:18,16020.0
578152,11/23/11 11:21,16954.0
578153,11/23/11 11:22,12748.0
578154,11/23/11 11:30,15117.0
578155,11/23/11 11:32,12748.0
C578164,11/23/11 11:34,14032.0
578171,11/23/11 11:36,17685.0
578174,11/23/11 11:37,13576.0
578187,11/23/11 11:40,14336.0
578192,11/23/11 11:42,16954.0
578196,11/23/11 11:43,16168.0
578211,11/23/11 11:47,12748.0
578220,11/23/11 11:49,16525.0
578225,11/23/11 11:51,17700.0
578229,11/23/11 11:54,16066.0
578230,11/23/11 11:58,15189.0
578231,11/23/11 12:05,14527.0
578232,11/23/11 12:13,17135.0
578233,11/23/11 12:20,14049.0
578234,11/23/11 12:22,13650.0
C578239,11/23/11 12:29,14912.0
578243,11/23/11 12:33,13448.0
578244,11/23/11 12:36,15727.0
578245,11/23/11 12:37,
578246,11/23/11 12:38,13991.0
578247,11/23/11 12:39,14581.0
578248,11/23/11 12:40,16255.0
578249,11/23/11 12:42,16660.0
578250,11/23/11 12:43,15901.0
578251,11/23/11 12:45,15993.0
578252,11/23/11 12:48,16079.0
578253,11/23/11 12:51,14744.0
578254,11/23/11 12:52,17809.0
578255,11/23/11 12:58,14675.0
578256,11/23/11 12:59,17809.0
C578257,11/23/11 13:00,17809.0
578258,11/23/11 13:01,13263.0
C578259,11/23/11 13:02,16660.0
578260,11/23/11 13:15,17469.0
578261,11/23/11 13:24,14216.0
578262,11/23/11 13:27,18283.0
578263,11/23/11 13:27,17422.0
578264,11/23/11 13:27,12748.0
578265,11/23/11 13:28,13018.0
578266,11/23/11 13:34,12748.0
578267,11/23/11 13:37,12748.0
578268,11/23/11 13:39,12748.0
578270,11/23/11 13:39,14096.0
C578269,11/23/11 13:39,14096.0
578271,11/23/11 13:40,13899.0
578272,11/23/11 13:40,17463.0
578273,11/23/11 13:41,14335.0
C578274,11/23/11 13:42,17828.0
578275,11/23/11 13:46,15916.0
C578276,11/23/11 13:48,17511.0
578277,11/23/11 13:51,12723.0
578278,11/23/11 13:51,12748.0
578279,11/23/11 13:53,14735.0
578281,11/23/11 13:53,14099.0
C578280,11/23/11 13:53,17841.0
578283,11/23/11 13:54,13139.0
C578282,11/23/11 13:54,17841.0
578284,11/23/11 13:56,14385.0
578285,11/23/11 13:57,12748.0
578286,11/23/11 13:57,18084.0
578287,11/23/11 14:01,12723.0
578288,11/23/11 14:05,12748.0
578289,11/23/11 14:07,17841.0
578290,11/23/11 14:07,13644.0
578291,11/23/11 14:18,16500.0
578292,11/23/11 14:35,13174.0
578293,11/23/11 14:36,15640.0
578294,11/23/11 14:37,16790.0
578295,11/23/11 14:39,12569.0
578296,11/23/11 14:51,16653.0
578297,11/23/11 14:51,17017.0
578298,11/23/11 14:52,12619.0
578299,11/23/11 14:53,16660.0
578300,11/23/11 15:02,12664.0
578301,11/23/11 15:14,17034.0
578302,11/23/11 15:23,16057.0
578303,11/23/11 15:39,14733.0
578304,11/23/11 15:41,13831.0
578305,11/23/11 15:44,14088.0
578306,11/23/11 15:46,17410.0
578307,11/23/11 15:53,17290.0
578308,11/23/11 16:09,12748.0
578309,11/23/11 16:20,15253.0
578310,11/23/11 16:22,17434.0
578311,11/23/11 16:22,15253.0
578312,11/23/11 16:24,14032.0
578313,11/23/11 16:24,17757.0
578314,11/23/11 16:33,13350.0
578315,11/23/11 16:34,17725.0
578316,11/23/11 16:43,14189.0
578317,11/23/11 16:47,15398.0
578318,11/23/11 16:48,17135.0
578319,11/23/11 16:48,15393.0
578321,11/23/11 16:59,12557.0
578322,11/23/11 17:10,12948.0
578323,11/23/11 17:19,15743.0
578324,11/23/11 17:32,17530.0
578325,11/23/11 17:43,16343.0
578326,11/23/11 17:45,16343.0
578327,11/23/11 17:55,
578328,11/23/11 17:55,
578329,11/23/11 17:56,
578330,11/24/11 8:28,17523.0
578331,11/24/11 8:44,14911.0
578332,11/24/11 8:50,
578333,11/24/11 8:50,12471.0
578334,11/24/11 8:53,15594.0
578335,11/24/11 9:06,17481.0
578336,11/24/11 9:06,
578337,11/24/11 9:07,
578338,11/24/11 9:07,
578339,11/24/11 9:07,12421.0
578340,11/24/11 9:07,
578341,11/24/11 9:13,16966.0
C578342,11/24/11 9:15,15993.0
578343,11/24/11 9:21,13277.0
578344,11/24/11 9:21,
578345,11/24/11 9:23,15270.0
578346,11/24/11 9:24,15270.0
578347,11/24/11 9:26,
578348,11/24/11 9:34,12494.0
578349,11/24/11 9:50,14539.0
578350,11/24/11 9:51,15632.0
578351,11/24/11 9:59,14987.0
578352,11/24/11 10:02,16596.0
578353,11/24/11 10:07,14825.0
578354,11/24/11 10:12,17139.0
C578355,11/24/11 10:13,14397.0
578356,11/24/11 10:14,14866.0
578357,11/24/11 10:24,17228.0
578358,11/24/11 10:35,15482.0
578359,11/24/11 10:35,14607.0
578360,11/24/11 10:36,
578361,11/24/11 10:38,13638.0
578362,11/24/11 10:39,12913.0
C578363,11/24/11 10:40,15482.0
578364,11/24/11 10:42,13588.0
578365,11/24/11 10:46,15482.0
578366,11/24/11 10:53,16173.0
C578367,11/24/11 11:00,14640.0
C578368,11/24/11 11:05,16191.0
578369,11/24/11 11:10,14698.0
578370,11/24/11 11:11,17346.0
C578371,11/24/11 11:16,14410.0
578372,11/24/11 11:17,17451.0
578373,11/24/11 11:19,17451.0
578374,11/24/11 11:21,
578375,11/24/11 11:41,16157.0
C578377,11/24/11 11:44,14277.0
578384,11/24/11 11:47,16189.0
578400,11/24/11 11:52,12748.0
578420,11/24/11 11:57,16326.0
578425,11/24/11 12:01,12705.0
578426,11/24/11 12:03,
578427,11/24/11 12:11,15034.0
578429,11/24/11 12:12,16271.0
578431,11/24/11 12:15,
C578432,11/24/11 12:20,12395.0
578433,11/24/11 12:21,17671.0
578441,11/24/11 12:24,17133.0
578445,11/24/11 12:25,15005.0
578451,11/24/11 12:27,17133.0
578456,11/24/11 12:29,
578459,11/24/11 12:30,12388.0
578461,11/24/11 12:30,12748.0
578463,11/24/11 12:30,12757.0
578468,11/24/11 12:33,16482.0
578469,11/24/11 12:36,12471.0
578470,11/24/11 12:38,16824.0
578472,11/24/11 12:40,12476.0
578473,11/24/11 12:43,
578474,11/24/11 12:44,
578475,11/24/11 12:44,
578476,11/24/11 12:45,
578477,11/24/11 12:45,
578478,11/24/11 12:45,
578479,11/24/11 12:48,15858.0
578480,11/24/11 12:48,15502.0
578485,11/24/11 12:52,12921.0
578488,11/24/11 12:53,12784.0
578506,11/24/11 13:01,17458.0
578508,11/24/11 13:06,16892.0
578509,11/24/11 13:17,12705.0
578510,11/24/11 13:25,14056.0
578511,11/24/11 13:27,17975.0
578512,11/24/11 13:28,15187.0
578513,11/24/11 13:32,16609.0
578514,11/24/11 13:40,14785.0
578515,11/24/11 13:40,16885.0
578516,11/24/11 13:53,14591.0
578517,11/24/11 13:53,16523.0
578518,11/24/11 13:54,14606.0
578519,11/24/11 13:56,14591.0
578520,11/24/11 13:57,14591.0
578521,11/24/11 14:06,17812.0
578522,11/24/11 14:09,17254.0
578523,11/24/11 14:10,15311.0
578524,11/24/11 14:20,
578525,11/24/11 14:21,
578526,11/24/11 14:22,13995.0
578527,11/24/11 14:24,
578528,11/24/11 14:24,
578529,11/24/11 14:29,
578530,11/24/11 14:37,14251.0
578531,11/24/11 14:40,17364.0
578532,11/24/11 14:40,18130.0
578533,11/24/11 14:42,17767.0
578534,11/24/11 14:51,15725.0
578535,11/24/11 14:52,13207.0
578539,11/24/11 14:55,
578541,11/24/11 15:01,14277.0
578544,11/24/11 15:01,17096.0
578547,11/24/11 15:02,12720.0
578548,11/24/11 15:02,17345.0
578548,11/24/11 15:03,17345.0
578550,11/24/11 15:03,12720.0
578551,11/24/11 15:05,12937.0
578620,11/24/11 15:21,17247.0
578621,11/24/11 15:26,13719.0
578622,11/24/11 15:28,18184.0
578623,11/24/11 15:32,15953.0
578626,11/24/11 15:38,12709.0
578627,11/24/11 15:41,14709.0
578628,11/24/11 15:55,
578629,11/24/11 15:56,
578630,11/24/11 16:06,12748.0
578631,11/24/11 16:20,14805.0
578632,11/24/11 16:22,
578633,11/24/11 16:31,16616.0
578634,11/24/11 16:34,16566.0
578653,11/24/11 16:40,18161.0
578661,11/24/11 16:46,18188.0
578662,11/24/11 16:51,17516.0
578663,11/24/11 16:54,15428.0
578664,11/24/11 16:59,15910.0
578665,11/24/11 17:02,16570.0
578666,11/24/11 17:06,17727.0
578667,11/24/11 17:10,15514.0
578668,11/24/11 17:11,12971.0
C578669,11/24/11 17:14,17323.0
578670,11/24/11 17:29,17323.0
578671,11/24/11 17:32,16989.0
578672,11/24/11 17:43,16668.0
578674,11/24/11 18:05,14088.0
C578673,11/24/11 18:05,16016.0
578675,11/24/11 18:13,14756.0
578676,11/24/11 19:07,16016.0
578677,11/24/11 19:30,15750.0
578678,11/24/11 19:59,17841.0
578679,11/25/11 8:12,15117.0
578680,11/25/11 8:23,16458.0
578681,11/25/11 8:41,13579.0
578682,11/25/11 8:55,17173.0
578683,11/25/11 8:55,15134.0
578684,11/25/11 8:59,16856.0
578685,11/25/11 9:07,16779.0
578686,11/25/11 9:18,13050.0
578687,11/25/11 9:23,14703.0
578688,11/25/11 9:27,16719.0
578689,11/25/11 9:31,15793.0
578690,11/25/11 9:36,17302.0
578691,11/25/11 9:37,
578692,11/25/11 9:38,
578693,11/25/11 9:38,
578694,11/25/11 9:40,13199.0
578695,11/25/11 9:42,13199.0
578696,11/25/11 10:02,13985.0
578697,11/25/11 10:03,14132.0
578698,11/25/11 10:20,12620.0
578699,11/25/11 10:22,13113.0
578700,11/25/11 10:49,
578701,11/25/11 10:52,17624.0
578702,11/25/11 10:58,15382.0
578703,11/25/11 11:02,17385.0
578704,11/25/11 11:12,18172.0
578705,11/25/11 11:12,12531.0
578707,11/25/11 11:20,17870.0
578708,11/25/11 11:21,15737.0
578719,11/25/11 11:25,17348.0
578733,11/25/11 11:32,
578736,11/25/11 11:33,12681.0
578738,11/25/11 11:33,
C578743,11/25/11 11:35,12681.0
578745,11/25/11 11:36,13978.0
578746,11/25/11 11:36,
578757,11/25/11 11:41,12748.0
578781,11/25/11 11:54,15872.0
578782,11/25/11 11:55,15872.0
578783,11/25/11 11:58,12748.0
578785,11/25/11 12:01,13525.0
C578784,11/25/11 12:01,13081.0
578786,11/25/11 12:02,13184.0
578787,11/25/11 12:10,13589.0
578788,11/25/11 12:17,
578789,11/25/11 12:17,16161.0
578790,11/25/11 12:20,14966.0
578791,11/25/11 12:20,12841.0
578792,11/25/11 12:20,14911.0
578793,11/25/11 12:21,16210.0
578794,11/25/11 12:24,17232.0
578795,11/25/11 12:29,17243.0
578802,11/25/11 12:52,17468.0
C578803,11/25/11 12:55,16764.0
578804,11/25/11 12:57,17557.0
578805,11/25/11 12:57,16401.0
578806,11/25/11 13:09,13149.0
578807,11/25/11 13:10,17491.0
578808,11/25/11 13:23,16327.0
578809,11/25/11 13:23,13048.0
578810,11/25/11 13:27,16814.0
578811,11/25/11 13:28,12438.0
578812,11/25/11 13:30,13332.0
578813,11/25/11 13:33,14946.0
578814,11/25/11 13:40,12748.0
578815,11/25/11 13:42,13860.0
578816,11/25/11 13:44,14111.0
578817,11/25/11 13:45,16764.0
578818,11/25/11 13:47,17920.0
578819,11/25/11 13:52,15311.0
578820,11/25/11 13:58,12912.0
578821,11/25/11 13:59,17389.0
578822,11/25/11 14:00,13437.0
578823,11/25/11 14:00,
578824,11/25/11 14:02,17883.0
578825,11/25/11 14:21,17562.0
578826,11/25/11 14:24,17329.0
578827,11/25/11 14:25,
578828,11/25/11 14:29,
578829,11/25/11 14:53,14710.0
578830,11/25/11 14:58,15186.0
578831,11/25/11 15:15,15473.0
C578832,11/25/11 15:18,13069.0
578833,11/25/11 15:23,
578834,11/25/11 15:32,18109.0
578835,11/25/11 15:44,12682.0
578836,11/25/11 15:47,13069.0
578837,11/25/11 15:51,
578838,11/25/11 15:52,
578839,11/25/11 15:52,
578840,11/25/11 15:54,
578841,11/25/11 15:57,13256.0
578842,11/25/11 16:10,
578843,11/25/11 16:13,17813.0
578844,11/25/11 16:14,
578845,11/25/11 16:53,
578846,11/25/11 17:27,17757.0
578847,11/25/11 17:31,
578848,11/27/11 10:34,17988.0
578849,11/27/11 10:39,13232.0
578850,11/27/11 10:47,13571.0
578851,11/27/11 11:05,16407.0
578852,11/27/11 11:12,17841.0
578853,11/27/11 11:15,17864.0
578854,11/27/11 11:15,14859.0
578855,11/27/11 11:15,14878.0
578856,11/27/11 11:18,17769.0
578857,11/27/11 11:18,14859.0
578858,11/27/11 11:22,18145.0
578901,11/27/11 11:47,17812.0
578914,11/27/11 11:54,13782.0
578921,11/27/11 11:57,13596.0
578922,11/27/11 12:00,17236.0
578923,11/27/11 12:01,14527.0
578924,11/27/11 12:10,16983.0
578925,11/27/11 12:13,17365.0
578926,11/27/11 12:24,18156.0
578927,11/27/11 12:26,15747.0
578928,11/27/11 12:29,15443.0
578929,11/27/11 12:31,13064.0
578930,11/27/11 12:39,
578931,11/27/11 12:40,16942.0
C578932,11/27/11 12:44,15351.0
578933,11/27/11 12:47,16923.0
578934,11/27/11 12:47,14577.0
578935,11/27/11 12:52,15351.0
578936,11/27/11 13:00,16923.0
578937,11/27/11 13:03,16592.0
578938,11/27/11 13:07,16592.0
578939,11/27/11 13:14,17068.0
578940,11/27/11 13:18,
578941,11/27/11 13:26,16024.0
578942,11/27/11 13:29,17288.0
578943,11/27/11 13:35,15009.0
578944,11/27/11 13:41,16005.0
578945,11/27/11 13:47,16877.0
578946,11/27/11 13:47,16005.0
578947,11/27/11 13:49,14547.0
578948,11/27/11 14:25,17411.0
578949,11/27/11 14:30,14954.0
578950,11/27/11 14:40,17885.0
578951,11/27/11 14:40,15514.0
578952,11/27/11 14:43,18112.0
578953,11/27/11 14:50,13546.0
578954,11/27/11 15:02,15054.0
578977,11/27/11 15:18,17231.0
C578991,11/27/11 15:31,15555.0
578992,11/27/11 15:38,13610.0
578993,11/27/11 15:38,15987.0
578994,11/27/11 15:44,14911.0
578995,11/27/11 15:59,15861.0
578996,11/27/11 16:02,13991.0
578997,11/27/11 16:02,18001.0
578998,11/27/11 16:05,15436.0
578999,11/27/11 16:08,17595.0
579000,11/27/11 16:18,13991.0
579001,11/27/11 16:19,15555.0
579002,11/27/11 16:27,14093.0
579003,11/28/11 8:48,14741.0
579005,11/28/11 9:08,16191.0
579006,11/28/11 9:08,17924.0
579007,11/28/11 9:11,17924.0
579008,11/28/11 9:12,17739.0
579009,11/28/11 9:14,16678.0
579010,11/28/11 9:31,13258.0
579011,11/28/11 9:40,15078.0
579012,11/28/11 9:43,15511.0
579013,11/28/11 9:48,18229.0
579014,11/28/11 9:53,12906.0
579015,11/28/11 9:54,12906.0
579016,11/28/11 9:55,12906.0
579017,11/28/11 10:02,15571.0
C579018,11/28/11 10:14,16678.0
579027,11/28/11 10:20,14102.0
579037,11/28/11 10:23,13418.0
579039,11/28/11 10:23,17031.0
579062,11/28/11 10:29,17651.0
579067,11/28/11 10:31,14470.0
579069,11/28/11 10:31,14911.0
579087,11/28/11 10:35,13914.0
579089,11/28/11 10:46,17920.0
C579090,11/28/11 10:48,12427.0
579091,11/28/11 10:49,14893.0
C579092,11/28/11 10:50,16900.0
579093,11/28/11 10:54,13081.0
579094,11/28/11 10:56,12668.0
579095,11/28/11 11:00,17988.0
579096,11/28/11 11:07,15561.0
579097,11/28/11 11:11,13758.0
579098,11/28/11 11:18,14606.0
579099,11/28/11 11:26,15714.0
579100,11/28/11 11:27,13004.0
579101,11/28/11 11:27,16364.0
579102,11/28/11 11:33,14911.0
579103,11/28/11 11:39,18041.0
579106,11/28/11 11:42,16705.0
579107,11/28/11 11:43,16705.0
579108,11/28/11 11:44,16705.0
579109,11/28/11 11:45,16705.0
579116,11/28/11 11:54,17346.0
579121,11/28/11 12:01,17299.0
579122,11/28/11 12:05,12971.0
579123,11/28/11 12:08,14217.0
579124,11/28/11 12:14,15721.0
579125,11/28/11 12:19,14215.0
579126,11/28/11 12:19,13798.0
C579127,11/28/11 12:22,12674.0
579128,11/28/11 12:30,14397.0
579129,11/28/11 12:31,17852.0
579130,11/28/11 12:32,14735.0
579131,11/28/11 12:33,12839.0
579132,11/28/11 12:35,15022.0
579133,11/28/11 12:36,17852.0
579134,11/28/11 12:38,13115.0
579135,11/28/11 12:44,18096.0
579136,11/28/11 12:45,16094.0
579137,11/28/11 12:51,14704.0
579138,11/28/11 12:54,13590.0
579139,11/28/11 12:55,18102.0
C579140,11/28/11 13:05,16393.0
579141,11/28/11 13:06,17019.0
579142,11/28/11 13:06,16744.0
579143,11/28/11 13:08,13882.0
579144,11/28/11 13:11,13269.0
579145,11/28/11 13:13,14597.0
579146,11/28/11 13:14,16347.0
579147,11/28/11 13:20,13263.0
579148,11/28/11 13:20,17523.0
579149,11/28/11 13:21,13844.0
579150,11/28/11 13:25,13408.0
579151,11/28/11 13:25,13408.0
579152,11/28/11 13:26,12479.0
579153,11/28/11 13:26,12660.0
579154,11/28/11 13:27,17218.0
579155,11/28/11 13:37,18101.0
579156,11/28/11 13:47,17419.0
579157,11/28/11 13:51,15540.0
579158,11/28/11 13:53,17188.0
579159,11/28/11 13:53,13196.0
579160,11/28/11 13:54,13196.0
579161,11/28/11 13:56,17379.0
579162,11/28/11 13:58,16393.0
579163,11/28/11 13:59,15838.0
579164,11/28/11 14:00,15838.0
579165,11/28/11 14:01,13389.0
579166,11/28/11 14:02,14290.0
579167,11/28/11 14:06,16800.0
579168,11/28/11 14:12,17806.0
579170,11/28/11 14:26,17811.0
C579169,11/28/11 14:26,17924.0
579171,11/28/11 14:30,13030.0
C579172,11/28/11 14:31,17811.0
579173,11/28/11 14:37,17359.0
579174,11/28/11 14:39,13266.0
579175,11/28/11 14:39,14562.0
579176,11/28/11 14:44,13950.0
579177,11/28/11 14:53,13089.0
C579178,11/28/11 14:55,12362.0
579179,11/28/11 15:02,17237.0
579180,11/28/11 15:09,13881.0
579181,11/28/11 15:10,13881.0
579182,11/28/11 15:15,15601.0
579183,11/28/11 15:16,15621.0
579184,11/28/11 15:17,16746.0
579185,11/28/11 15:28,13188.0
C579186,11/28/11 15:30,13238.0
579187,11/28/11 15:31,
579188,11/28/11 15:34,12748.0
579189,11/28/11 15:34,16684.0
579190,11/28/11 15:35,12657.0
579191,11/28/11 15:35,16684.0
C579192,11/28/11 15:43,12657.0
579193,11/28/11 15:47,12657.0
579194,11/28/11 15:50,15804.0
579196,11/28/11 15:54,14096.0
C579195,11/28/11 15:54,14096.0
579245,11/28/11 16:01,17929.0
579249,11/28/11 16:32,17450.0
579250,11/28/11 16:35,14480.0
579251,11/28/11 16:39,17450.0
579252,11/28/11 16:47,17450.0
579253,11/28/11 16:54,17450.0
579254,11/28/11 17:05,14511.0
579255,11/28/11 17:09,14901.0
579256,11/29/11 8:07,13349.0
579257,11/29/11 8:14,15619.0
579258,11/29/11 8:21,15148.0
579259,11/29/11 8:40,12451.0
579260,11/29/11 8:41,14618.0
579261,11/29/11 9:10,13429.0
579262,11/29/11 9:13,13599.0
579263,11/29/11 9:14,13599.0
579264,11/29/11 9:15,13599.0
579265,11/29/11 9:15,13599.0
C579266,11/29/11 9:25,15621.0
579267,11/29/11 9:42,14961.0
579268,11/29/11 9:47,14321.0
579269,11/29/11 9:48,14601.0
579270,11/29/11 9:50,15783.0
579271,11/29/11 9:56,17450.0
579272,11/29/11 10:00,
579273,11/29/11 10:00,15197.0
579274,11/29/11 10:01,13467.0
579275,11/29/11 10:02,
579276,11/29/11 10:10,12654.0
C579277,11/29/11 10:16,17450.0
579278,11/29/11 10:18,14209.0
579279,11/29/11 10:23,15298.0
579280,11/29/11 10:33,13928.0
579281,11/29/11 10:36,12375.0
579282,11/29/11 10:41,16818.0
579283,11/29/11 10:45,13883.0
579284,11/29/11 10:52,15061.0
579285,11/29/11 10:56,14180.0
579286,11/29/11 10:57,17772.0
579287,11/29/11 10:58,13496.0
579288,11/29/11 11:05,17772.0
579289,11/29/11 11:11,
579291,11/29/11 11:21,
579293,11/29/11 11:22,14419.0
579297,11/29/11 11:23,
579300,11/29/11 11:30,14667.0
579301,11/29/11 11:32,18118.0
579307,11/29/11 11:34,17655.0
579328,11/29/11 11:40,17711.0
579332,11/29/11 11:41,14408.0
579339,11/29/11 11:45,14866.0
579345,11/29/11 11:46,12727.0
C579347,11/29/11 11:47,17658.0
579350,11/29/11 11:48,15218.0
579352,11/29/11 11:48,
579358,11/29/11 11:50,16992.0
579361,11/29/11 11:51,
579364,11/29/11 11:52,14173.0
579365,11/29/11 11:54,14173.0
C579366,11/29/11 11:56,14205.0
579387,11/29/11 12:06,14452.0
579391,11/29/11 12:07,14251.0
579393,11/29/11 12:07,12627.0
579399,11/29/11 12:09,13137.0
579400,11/29/11 12:10,17306.0
579401,11/29/11 12:12,14550.0
579402,11/29/11 12:14,17306.0
579403,11/29/11 12:15,14503.0
579404,11/29/11 12:21,14126.0
579405,11/29/11 12:22,14126.0
579406,11/29/11 12:27,13014.0
579407,11/29/11 12:32,13657.0
579408,11/29/11 12:34,14701.0
579409,11/29/11 12:38,14701.0
579410,11/29/11 12:45,16168.0
579411,11/29/11 12:46,16794.0
579412,11/29/11 12:47,14125.0
579413,11/29/11 12:50,13668.0
579414,11/29/11 12:52,14719.0
C579415,11/29/11 12:52,15311.0
579416,11/29/11 13:00,12471.0
579419,11/29/11 13:01,12471.0
579427,11/29/11 13:04,16479.0
579429,11/29/11 13:04,
579430,11/29/11 13:06,12748.0
C579431,11/29/11 13:09,17584.0
579432,11/29/11 13:12,15311.0
579433,11/29/11 13:15,17466.0
579434,11/29/11 13:17,16678.0
579435,11/29/11 13:20,16782.0
579436,11/29/11 13:21,14785.0
579437,11/29/11 13:22,16852.0
C579438,11/29/11 13:26,14235.0
579439,11/29/11 13:29,13426.0
579440,11/29/11 13:32,14388.0
579441,11/29/11 13:33,12464.0
579442,11/29/11 13:37,15152.0
579443,11/29/11 13:40,16479.0
579444,11/29/11 13:40,13999.0
579445,11/29/11 13:41,15206.0
579446,11/29/11 13:43,14121.0
579447,11/29/11 13:46,14390.0
579448,11/29/11 13:49,14390.0
579449,11/29/11 13:57,17101.0
579450,11/29/11 13:59,12901.0
579451,11/29/11 13:59,13147.0
579452,11/29/11 14:00,13199.0
579453,11/29/11 14:03,12748.0
579454,11/29/11 14:08,12901.0
579455,11/29/11 14:14,15239.0
579456,11/29/11 14:20,13428.0
579457,11/29/11 14:20,14824.0
579458,11/29/11 14:38,16549.0
579459,11/29/11 14:38,17173.0
579460,11/29/11 14:39,
579461,11/29/11 14:42,15615.0
579462,11/29/11 14:43,13211.0
579463,11/29/11 14:47,
579464,11/29/11 14:51,15214.0
579465,11/29/11 14:53,15790.0
579466,11/29/11 14:57,15189.0
579467,11/29/11 14:57,15755.0
579468,11/29/11 14:58,14711.0
579469,11/29/11 15:00,13068.0
579470,11/29/11 15:06,16549.0
579471,11/29/11 15:08,
579472,11/29/11 15:09,13521.0
579473,11/29/11 15:17,13198.0
579489,11/29/11 15:22,16775.0
579491,11/29/11 15:23,14723.0
579492,11/29/11 15:23,12670.0
579493,11/29/11 15:24,15570.0
579494,11/29/11 15:33,17468.0
579495,11/29/11 15:34,13576.0
C579496,11/29/11 15:38,18161.0
579497,11/29/11 15:39,14349.0
579498,11/29/11 15:52,12798.0
579499,11/29/11 15:59,17682.0
579500,11/29/11 16:14,
579501,11/29/11 16:16,14088.0
C579502,11/29/11 16:19,16759.0
579503,11/29/11 16:23,17097.0
579505,11/29/11 16:31,13078.0
579506,11/29/11 16:31,15089.0
579507,11/29/11 16:32,15297.0
579508,11/29/11 16:33,
579509,11/29/11 16:44,12963.0
579510,11/29/11 16:44,14554.0
579511,11/29/11 16:45,14836.0
579512,11/29/11 16:47,
579513,11/29/11 17:03,12971.0
579514,11/29/11 17:12,16688.0
579515,11/29/11 17:23,14191.0
579516,11/29/11 17:52,17841.0
579517,11/29/11 18:02,12748.0
579518,11/29/11 18:05,12748.0
C579519,11/29/11 18:11,12748.0
579520,11/29/11 18:14,12748.0
C579521,11/29/11 18:19,12748.0
579522,11/30/11 8:04,14432.0
579523,11/30/11 8:08,15903.0
579524,11/30/11 8:17,16295.0
579525,11/30/11 8:23,15113.0
579526,11/30/11 8:38,18058.0
579527,11/30/11 8:43,18210.0
579528,11/30/11 8:44,12787.0
579529,11/30/11 8:50,12488.0
579530,11/30/11 9:00,14794.0
579531,11/30/11 9:18,17017.0
C579532,11/30/11 9:21,12494.0
579533,11/30/11 9:24,12953.0
579534,11/30/11 9:33,13784.0
579535,11/30/11 9:50,15414.0
579536,11/30/11 9:53,12957.0
579537,11/30/11 9:58,
579538,11/30/11 10:04,14062.0
579539,11/30/11 10:06,14911.0
579540,11/30/11 10:11,13658.0
579541,11/30/11 10:12,14653.0
579542,11/30/11 10:13,13658.0
579543,11/30/11 10:14,14653.0
579544,11/30/11 10:15,14540.0
579545,11/30/11 10:18,13098.0
579546,11/30/11 10:37,
C579547,11/30/11 10:42,16764.0
579548,11/30/11 10:44,15073.0
579549,11/30/11 10:45,13203.0
579550,11/30/11 10:48,12630.0
579551,11/30/11 10:49,15782.0
579552,11/30/11 10:54,16210.0
579553,11/30/11 10:54,14156.0
C579554,11/30/11 11:05,13924.0
579555,11/30/11 11:08,16241.0
579556,11/30/11 11:17,17835.0
579557,11/30/11 11:18,
579558,11/30/11 11:24,14755.0
579559,11/30/11 11:30,16764.0
579560,11/30/11 11:31,15039.0
579561,11/30/11 11:32,16115.0
C579562,11/30/11 11:39,12553.0
579563,11/30/11 11:41,
579571,11/30/11 11:48,16657.0
579572,11/30/11 11:49,15394.0
579600,11/30/11 12:00,13647.0
579605,11/30/11 12:01,15024.0
579612,11/30/11 12:06,15024.0
579619,11/30/11 12:10,18241.0
579623,11/30/11 12:15,16062.0
579629,11/30/11 12:16,14963.0
579634,11/30/11 12:18,12598.0
579666,11/30/11 12:31,14893.0
579667,11/30/11 12:32,16361.0
579668,11/30/11 12:32,15152.0
579669,11/30/11 12:36,14673.0
579670,11/30/11 12:36,15611.0
579671,11/30/11 12:38,12966.0
579672,11/30/11 12:41,14005.0
579673,11/30/11 12:59,18283.0
579674,11/30/11 13:05,13012.0
579675,11/30/11 13:08,15654.0
579676,11/30/11 13:13,17502.0
579677,11/30/11 13:14,13255.0
579678,11/30/11 13:22,18230.0
579679,11/30/11 13:29,13755.0
579680,11/30/11 13:29,
579681,11/30/11 13:33,
579682,11/30/11 13:33,
579683,11/30/11 13:35,
579684,11/30/11 13:45,14618.0
579685,11/30/11 13:46,15680.0
579686,11/30/11 13:48,16712.0
579687,11/30/11 13:50,14448.0
579688,11/30/11 13:51,
579689,11/30/11 14:00,14606.0
579690,11/30/11 14:03,15060.0
579691,11/30/11 14:05,
579692,11/30/11 14:05,12433.0
579693,11/30/11 14:09,15712.0
579694,11/30/11 14:11,
579708,11/30/11 14:16,12682.0
C579710,11/30/11 14:16,15467.0
579711,11/30/11 14:17,15060.0
579712,11/30/11 14:17,15467.0
579725,11/30/11 14:21,15060.0
579731,11/30/11 14:23,
579732,11/30/11 14:24,
579733,11/30/11 14:24,
579734,11/30/11 14:25,
579735,11/30/11 14:25,
579738,11/30/11 14:26,
C579739,11/30/11 14:28,16956.0
579740,11/30/11 14:30,
579741,11/30/11 14:33,16910.0
579742,11/30/11 14:34,
579743,11/30/11 14:36,
579744,11/30/11 14:38,
579745,11/30/11 14:39,
579747,11/30/11 14:40,12528.0
C579746,11/30/11 14:40,13078.0
579749,11/30/11 14:41,13362.0
C579748,11/30/11 14:41,14875.0
579750,11/30/11 14:42,13536.0
579751,11/30/11 14:46,
C579752,11/30/11 14:46,13777.0
C579753,11/30/11 14:48,15484.0
579754,11/30/11 14:52,17911.0
579755,11/30/11 14:54,
C579756,11/30/11 14:54,14733.0
C579757,11/30/11 14:56,
C579758,11/30/11 14:58,14644.0
579759,11/30/11 15:02,15251.0
C579760,11/30/11 15:05,17096.0
C579764,11/30/11 15:07,14936.0
579768,11/30/11 15:08,14911.0
C579766,11/30/11 15:08,15793.0
C579776,11/30/11 15:12,13212.0
579777,11/30/11 15:13,
C579778,11/30/11 15:14,14217.0
579779,11/30/11 15:16,17737.0
C579780,11/30/11 15:18,14217.0
C579781,11/30/11 15:20,17451.0
C579782,11/30/11 15:20,17451.0
C579783,11/30/11 15:21,17727.0
579784,11/30/11 15:27,14258.0
C579785,11/30/11 15:29,12584.0
579786,11/30/11 15:31,12524.0
579787,11/30/11 15:33,
579788,11/30/11 15:36,17736.0
579789,11/30/11 15:36,14385.0
579790,11/30/11 15:38,12784.0
579792,11/30/11 15:43,12714.0
C579791,11/30/11 15:43,15969.0
579807,11/30/11 15:50,15046.0
579832,11/30/11 15:58,17434.0
579834,11/30/11 16:09,17288.0
579837,11/30/11 16:18,12882.0
579840,11/30/11 16:19,18158.0
579843,11/30/11 16:21,12921.0
579846,11/30/11 16:22,12921.0
579848,11/30/11 16:23,18179.0
579854,11/30/11 16:26,14713.0
C579864,11/30/11 16:37,12584.0
579865,11/30/11 16:39,16915.0
C579866,11/30/11 16:39,17528.0
579867,11/30/11 16:41,16265.0
579868,11/30/11 16:43,15544.0
C579869,11/30/11 16:44,14189.0
579870,11/30/11 16:47,12437.0
579872,11/30/11 16:54,14085.0
C579871,11/30/11 16:54,16101.0
579873,11/30/11 17:00,
C579876,11/30/11 17:02,18059.0
C579877,11/30/11 17:07,16240.0
C579878,11/30/11 17:12,17340.0
579879,11/30/11 17:13,
579880,11/30/11 17:14,
579881,11/30/11 17:22,12429.0
C579882,11/30/11 17:28,13050.0
C579883,11/30/11 17:32,14194.0
C579884,11/30/11 17:34,14527.0
579885,11/30/11 17:37,15444.0
C579886,11/30/11 17:39,15676.0
C579887,11/30/11 17:42,16717.0
C579889,12/1/11 8:12,13853.0
C579890,12/1/11 8:14,15197.0
C579891,12/1/11 8:18,13644.0
C579892,12/1/11 8:23,13310.0
C579893,12/1/11 8:25,13468.0
C579894,12/1/11 8:26,13098.0
C579895,12/1/11 8:27,14329.0
C579896,12/1/11 8:27,13971.0
C579897,12/1/11 8:29,17636.0
C579898,12/1/11 8:32,14299.0
579899,12/1/11 8:33,15687.0
579900,12/1/11 8:34,15951.0
579901,12/1/11 8:35,12569.0
C579902,12/1/11 8:39,13365.0
C579903,12/1/11 8:41,18130.0
C579904,12/1/11 8:43,17049.0
C579905,12/1/11 8:44,13078.0
C579906,12/1/11 8:46,17063.0
C579907,12/1/11 8:48,
C579908,12/1/11 8:49,14527.0
579909,12/1/11 8:51,
579910,12/1/11 8:52,14911.0
C579911,12/1/11 8:53,14525.0
C579912,12/1/11 8:54,17044.0
C579913,12/1/11 8:55,14626.0
C579914,12/1/11 8:56,13267.0
C579915,12/1/11 8:56,16570.0
579916,12/1/11 8:57,15187.0
579917,12/1/11 8:58,15187.0
C579918,12/1/11 8:58,13410.0
C579919,12/1/11 9:00,17540.0
579920,12/1/11 9:02,16839.0
579921,12/1/11 9:03,16839.0
579922,12/1/11 9:06,13854.0
C579923,12/1/11 9:06,17071.0
C579924,12/1/11 9:13,16293.0
C579925,12/1/11 9:16,15544.0
C579926,12/1/11 9:19,14389.0
579927,12/1/11 9:20,12572.0
C579928,12/1/11 9:29,14121.0
C579929,12/1/11 9:34,17828.0
C579930,12/1/11 9:36,15563.0
C579931,12/1/11 9:39,13115.0
C579932,12/1/11 9:42,14950.0
C579933,12/1/11 9:44,14853.0
C579934,12/1/11 9:44,14860.0
C579935,12/1/11 9:46,14188.0
579936,12/1/11 10:07,12901.0
579937,12/1/11 10:10,13509.0
579938,12/1/11 10:18,14146.0
579939,12/1/11 10:18,15101.0
579940,12/1/11 10:20,16938.0
579941,12/1/11 10:31,16496.0
579942,12/1/11 10:33,16145.0
579943,12/1/11 10:38,13040.0
C579944,12/1/11 10:38,15021.0
C579945,12/1/11 10:41,15993.0
579946,12/1/11 10:44,15993.0
579947,12/1/11 10:45,15993.0
C579948,12/1/11 10:56,16376.0
579949,12/1/11 11:00,16700.0
579954,12/1/11 11:10,16701.0
579962,12/1/11 11:12,14243.0
C579968,12/1/11 11:13,14189.0
C579970,12/1/11 11:13,14388.0
579980,12/1/11 11:16,13263.0
579986,12/1/11 11:18,13777.0
C579989,12/1/11 11:18,15745.0
579990,12/1/11 11:20,14804.0
579991,12/1/11 11:20,13159.0
C579992,12/1/11 11:21,13408.0
580005,12/1/11 11:38,16376.0
580021,12/1/11 11:43,14047.0
580022,12/1/11 11:44,14289.0
580023,12/1/11 11:45,17937.0
580024,12/1/11 11:51,15172.0
580025,12/1/11 11:53,15021.0
580026,12/1/11 11:59,17381.0
580027,12/1/11 12:01,14178.0
580028,12/1/11 12:11,13890.0
580029,12/1/11 12:13,15380.0
580030,12/1/11 12:14,12951.0
580031,12/1/11 12:16,13199.0
580032,12/1/11 12:17,14659.0
580033,12/1/11 12:18,14282.0
580043,12/1/11 12:25,14527.0
580044,12/1/11 12:36,14869.0
580045,12/1/11 12:39,13090.0
580046,12/1/11 12:42,16156.0
580047,12/1/11 12:44,12989.0
580048,12/1/11 12:53,12748.0
580049,12/1/11 12:54,13599.0
580050,12/1/11 12:54,14960.0
580051,12/1/11 12:55,12963.0
580052,12/1/11 12:55,16513.0
580053,12/1/11 13:03,12912.0
580054,12/1/11 13:08,18122.0
580055,12/1/11 13:12,14298.0
C580056,12/1/11 13:12,14911.0
580057,12/1/11 13:18,12955.0
580058,12/1/11 13:19,14367.0
580059,12/1/11 13:22,17768.0
580060,12/1/11 13:25,14287.0
580061,12/1/11 13:27,14051.0
580062,12/1/11 13:28,15862.0
580063,12/1/11 13:29,17450.0
580064,12/1/11 13:32,18077.0
580065,12/1/11 13:33,15434.0
580066,12/1/11 13:33,14309.0
580067,12/1/11 13:40,16966.0
580068,12/1/11 13:41,17321.0
580069,12/1/11 13:47,15060.0
580070,12/1/11 13:47,12919.0
580071,12/1/11 13:47,15500.0
C580072,12/1/11 14:02,16240.0
580073,12/1/11 14:03,16813.0
580074,12/1/11 14:06,15028.0
580075,12/1/11 14:09,17014.0
580076,12/1/11 14:14,15602.0
580077,12/1/11 14:17,14262.0
580087,12/1/11 14:27,
580088,12/1/11 14:30,17115.0
580089,12/1/11 14:34,14732.0
580090,12/1/11 14:36,13323.0
580091,12/1/11 14:37,17293.0
580092,12/1/11 14:38,13969.0
580093,12/1/11 14:41,12971.0
580094,12/1/11 14:50,15904.0
580095,12/1/11 14:54,14135.0
580096,12/1/11 14:55,13408.0
580097,12/1/11 14:58,14216.0
580098,12/1/11 15:05,15373.0
C580099,12/1/11 15:06,13171.0
580100,12/1/11 15:11,16119.0
580101,12/1/11 15:12,15144.0
580102,12/1/11 15:12,16789.0
580103,12/1/11 15:12,16242.0
580104,12/1/11 15:13,15189.0
580105,12/1/11 15:24,17675.0
580106,12/1/11 15:28,16169.0
580107,12/1/11 15:32,15948.0
580108,12/1/11 15:42,14440.0
580109,12/1/11 15:46,17350.0
580110,12/1/11 15:47,17350.0
580111,12/1/11 15:55,12950.0
580112,12/1/11 15:56,13089.0
580113,12/1/11 16:05,14766.0
580114,12/1/11 16:05,14299.0
580115,12/1/11 16:22,
580116,12/1/11 16:28,15290.0
580117,12/1/11 16:28,14655.0
580118,12/1/11 16:31,16011.0
580119,12/1/11 16:37,17920.0
580120,12/1/11 16:38,12553.0
580123,12/1/11 17:07,12664.0
580124,12/1/11 17:12,
580125,12/1/11 17:16,13089.0
580126,12/1/11 17:20,12562.0
580127,12/1/11 17:51,14911.0
580128,12/1/11 17:56,17576.0
580129,12/1/11 18:03,17426.0
580130,12/1/11 18:07,17426.0
C580131,12/1/11 18:12,17576.0
580132,12/1/11 18:16,15694.0
580133,12/1/11 18:43,15531.0
580134,12/1/11 19:24,13102.0
580135,12/1/11 19:33,14702.0
580136,12/1/11 19:42,17841.0
580137,12/1/11 19:54,17566.0
580138,12/2/11 8:55,13199.0
580139,12/2/11 9:10,17157.0
580140,12/2/11 9:19,14895.0
580141,12/2/11 9:22,14895.0
580142,12/2/11 9:23,14895.0
580143,12/2/11 9:32,13297.0
580144,12/2/11 9:53,12684.0
580145,12/2/11 10:03,
580146,12/2/11 10:07,
580147,12/2/11 10:07,17183.0
580148,12/2/11 10:08,
580149,12/2/11 10:15,12748.0
580150,12/2/11 10:20,
580151,12/2/11 10:21,17811.0
580152,12/2/11 10:22,12364.0
580153,12/2/11 10:23,12762.0
580154,12/2/11 10:24,12569.0
580155,12/2/11 10:30,13183.0
580156,12/2/11 10:32,14897.0
580157,12/2/11 10:35,14083.0
580158,12/2/11 10:41,12558.0
580159,12/2/11 10:45,17942.0
580160,12/2/11 10:47,12700.0
C580161,12/2/11 10:49,12700.0
580162,12/2/11 10:52,12856.0
580163,12/2/11 11:12,12828.0
580164,12/2/11 11:16,18097.0
580166,12/2/11 11:21,13495.0
C580165,12/2/11 11:21,12359.0
580167,12/2/11 11:28,17386.0
C580168,12/2/11 11:34,12465.0
580169,12/2/11 11:38,17949.0
580170,12/2/11 11:39,17949.0
C580171,12/2/11 11:42,17949.0
580172,12/2/11 11:43,17949.0
580173,12/2/11 11:43,18282.0
580175,12/2/11 11:45,14126.0
C580174,12/2/11 11:45,14126.0
580176,12/2/11 11:49,14292.0
580177,12/2/11 11:50,14292.0
580178,12/2/11 11:53,16013.0
C580179,12/2/11 11:58,13352.0
C580180,12/2/11 12:00,14688.0
580188,12/2/11 12:02,16440.0
580189,12/2/11 12:02,16353.0
580193,12/2/11 12:03,16899.0
580197,12/2/11 12:04,
580208,12/2/11 12:07,13468.0
580213,12/2/11 12:08,17495.0
580214,12/2/11 12:10,14092.0
580218,12/2/11 12:12,
580221,12/2/11 12:13,14092.0
580235,12/2/11 12:17,16333.0
580243,12/2/11 12:19,16333.0
580256,12/2/11 12:24,14688.0
580257,12/2/11 12:26,14688.0
580258,12/2/11 12:28,13798.0
580259,12/2/11 12:32,13705.0
580260,12/2/11 12:36,14085.0
580261,12/2/11 12:40,16038.0
580262,12/2/11 12:42,16759.0
C580263,12/2/11 12:43,12536.0
580264,12/2/11 12:46,18144.0
580265,12/2/11 12:47,12587.0
580272,12/2/11 12:52,15547.0
580276,12/2/11 12:59,16426.0
580277,12/2/11 13:02,16474.0
580278,12/2/11 13:11,13560.0
580279,12/2/11 13:12,15123.0
580280,12/2/11 13:15,16133.0
580281,12/2/11 13:15,12704.0
580282,12/2/11 13:17,14428.0
580283,12/2/11 13:20,16133.0
580284,12/2/11 13:21,15311.0
580285,12/2/11 13:22,12695.0
580286,12/2/11 13:28,17611.0
580287,12/2/11 13:28,14594.0
580288,12/2/11 13:29,17611.0
580289,12/2/11 13:32,15856.0
580290,12/2/11 13:35,17221.0
580291,12/2/11 13:36,15539.0
580292,12/2/11 13:37,15856.0
580293,12/2/11 13:38,16426.0
580294,12/2/11 13:46,17364.0
580295,12/2/11 13:49,17841.0
580296,12/2/11 13:49,13780.0
580297,12/2/11 13:52,15769.0
580298,12/2/11 13:54,17086.0
580299,12/2/11 13:58,14023.0
580300,12/2/11 14:02,14085.0
580301,12/2/11 14:11,15271.0
580302,12/2/11 14:16,16103.0
580303,12/2/11 14:18,16626.0
580304,12/2/11 14:25,18055.0
580305,12/2/11 14:26,12970.0
580306,12/2/11 14:29,14250.0
580307,12/2/11 14:30,12970.0
580308,12/2/11 14:30,14250.0
580309,12/2/11 14:46,14503.0
580310,12/2/11 14:47,15570.0
580311,12/2/11 14:48,18245.0
C580312,12/2/11 15:09,13969.0
C580313,12/2/11 15:10,12668.0
580314,12/2/11 15:11,13969.0
580315,12/2/11 15:22,14560.0
580316,12/2/11 15:25,18109.0
580317,12/2/11 15:29,13458.0
580318,12/2/11 15:39,17686.0
580319,12/2/11 15:39,15078.0
580320,12/2/11 15:40,15078.0
580321,12/2/11 15:41,15078.0
580322,12/2/11 15:48,17567.0
580331,12/2/11 15:53,13017.0
580351,12/2/11 15:55,12962.0
580355,12/2/11 16:04,13953.0
580356,12/2/11 16:06,18109.0
580357,12/2/11 16:07,15856.0
580358,12/2/11 16:07,17238.0
580359,12/2/11 16:11,
580360,12/2/11 16:14,14493.0
580361,12/2/11 16:25,14865.0
580362,12/2/11 16:30,13884.0
580363,12/2/11 16:32,13868.0
580364,12/2/11 16:34,13309.0
580366,12/2/11 16:38,
580367,12/2/11 16:39,
580368,12/2/11 16:39,16989.0
580369,12/2/11 16:44,
580370,12/2/11 16:46,16954.0
580371,12/2/11 16:56,18174.0
580372,12/2/11 17:04,16359.0
580373,12/2/11 17:06,14788.0
580374,12/2/11 17:12,17584.0
580375,12/2/11 17:13,14031.0
580376,12/2/11 17:49,
580377,12/2/11 17:52,
580378,12/2/11 17:56,
580379,12/2/11 17:57,
580380,12/2/11 17:58,
580381,12/2/11 17:58,
580382,12/2/11 17:59,
580383,12/2/11 17:59,
580384,12/4/11 10:10,17243.0
580385,12/4/11 10:11,16326.0
580386,12/4/11 10:29,18065.0
580387,12/4/11 10:29,18065.0
580388,12/4/11 10:30,18065.0
580389,12/4/11 10:35,12952.0
580390,12/4/11 10:37,
580391,12/4/11 10:42,
C580392,12/4/11 10:46,16283.0
580393,12/4/11 10:51,16438.0
580394,12/4/11 10:53,14397.0
580395,12/4/11 10:56,17629.0
580396,12/4/11 11:00,13838.0
580397,12/4/11 11:24,13558.0
580398,12/4/11 11:32,14354.0
580399,12/4/11 11:45,13471.0
580400,12/4/11 11:50,16561.0
580401,12/4/11 11:50,17618.0
580402,12/4/11 11:55,13536.0
580403,12/4/11 11:56,17858.0
580404,12/4/11 12:01,13596.0
580405,12/4/11 12:02,14720.0
580419,12/4/11 12:08,16283.0
580431,12/4/11 12:13,13822.0
580432,12/4/11 12:14,13153.0
580434,12/4/11 12:17,17114.0
580436,12/4/11 12:17,13318.0
580438,12/4/11 12:17,12827.0
580441,12/4/11 12:18,13808.0
580460,12/4/11 12:29,12748.0
580468,12/4/11 12:31,12748.0
580469,12/4/11 12:32,14583.0
580482,12/4/11 12:44,16033.0
580490,12/4/11 12:48,15773.0
580500,12/4/11 12:52,17131.0
580501,12/4/11 13:00,14546.0
580502,12/4/11 13:15,16931.0
580503,12/4/11 13:20,13956.0
580504,12/4/11 13:32,17936.0
580505,12/4/11 13:32,15867.0
580506,12/4/11 13:34,13319.0
C580507,12/4/11 13:37,15867.0
580508,12/4/11 13:45,
580509,12/4/11 13:45,12719.0
C580510,12/4/11 13:48,14456.0
580511,12/4/11 13:54,12560.0
580512,12/4/11 13:55,12673.0
580513,12/4/11 13:59,14456.0
580514,12/4/11 14:01,16905.0
580515,12/4/11 14:09,17750.0
580516,12/4/11 14:15,17954.0
580517,12/4/11 14:40,17173.0
580518,12/4/11 14:45,13435.0
580519,12/4/11 14:51,
580520,12/4/11 14:55,13521.0
580521,12/4/11 14:59,
C580522,12/4/11 14:59,13435.0
580523,12/4/11 15:00,17827.0
580524,12/4/11 15:13,13704.0
580525,12/4/11 15:16,13630.0
580526,12/4/11 15:18,16535.0
580527,12/4/11 15:19,13736.0
580528,12/4/11 15:28,14911.0
580529,12/4/11 15:35,14658.0
580530,12/4/11 15:38,14102.0
580531,12/4/11 15:47,12569.0
580532,12/4/11 15:54,13098.0
580533,12/4/11 15:55,13098.0
580534,12/4/11 16:02,12724.0
580535,12/4/11 16:02,16988.0
580536,12/4/11 16:07,12490.0
580537,12/4/11 16:08,
580538,12/5/11 8:38,14075.0
580539,12/5/11 8:39,18180.0
580540,12/5/11 8:49,13417.0
580541,12/5/11 9:03,15358.0
580542,12/5/11 9:04,15358.0
580543,12/5/11 9:11,18223.0
580544,12/5/11 9:15,15156.0
580545,12/5/11 9:16,12782.0
580546,12/5/11 9:27,
580547,12/5/11 9:29,
580548,12/5/11 9:41,12569.0
580549,12/5/11 9:54,
580550,12/5/11 10:00,13126.0
580552,12/5/11 10:09,15572.0
580553,12/5/11 10:14,12646.0
580554,12/5/11 10:15,17402.0
580555,12/5/11 10:18,14911.0
580556,12/5/11 10:18,16513.0
580557,12/5/11 10:19,14911.0
580558,12/5/11 10:19,14931.0
580559,12/5/11 10:24,15628.0
580561,12/5/11 10:25,
580580,12/5/11 10:33,
580586,12/5/11 10:34,
580588,12/5/11 10:35,
580595,12/5/11 10:38,14194.0
580596,12/5/11 11:01,15392.0
C580597,12/5/11 11:02,16360.0
580598,12/5/11 11:05,17526.0
580599,12/5/11 11:11,12925.0
580600,12/5/11 11:13,12841.0
580601,12/5/11 11:13,12841.0
580602,12/5/11 11:29,16149.0
580603,12/5/11 11:31,16642.0
C580604,12/5/11 11:35,
C580605,12/5/11 11:36,
580606,12/5/11 11:38,15290.0
580607,12/5/11 11:39,15290.0
580608,12/5/11 11:39,16811.0
580609,12/5/11 11:41,
580610,12/5/11 11:48,
580611,12/5/11 11:49,12748.0
580612,12/5/11 11:58,
580613,12/5/11 12:03,14759.0
580614,12/5/11 12:04,16500.0
580615,12/5/11 12:05,16873.0
580619,12/5/11 12:08,15053.0
580622,12/5/11 12:09,17006.0
580630,12/5/11 12:11,12913.0
580631,12/5/11 12:13,16682.0
580632,12/5/11 12:16,16360.0
580633,12/5/11 12:28,17579.0
580634,12/5/11 12:29,14060.0
580635,12/5/11 12:30,14649.0
580636,12/5/11 12:33,16746.0
580637,12/5/11 12:40,15033.0
580638,12/5/11 12:44,12381.0
580639,12/5/11 12:46,17254.0
580640,12/5/11 12:51,16910.0
C580641,12/5/11 12:52,15621.0
580642,12/5/11 12:55,13311.0
580643,12/5/11 12:59,14547.0
580644,12/5/11 13:10,16904.0
580645,12/5/11 13:11,17857.0
580646,12/5/11 13:13,17857.0
580647,12/5/11 13:14,14083.0
580648,12/5/11 13:15,12628.0
C580649,12/5/11 13:20,14777.0
580650,12/5/11 13:30,14401.0
580651,12/5/11 13:32,16851.0
580652,12/5/11 13:33,17511.0
580653,12/5/11 13:34,17706.0
580654,12/5/11 13:37,15854.0
580655,12/5/11 13:39,15854.0
580656,12/5/11 13:40,15621.0
580657,12/5/11 13:43,14696.0
580658,12/5/11 13:44,17090.0
580659,12/5/11 13:46,17811.0
580660,12/5/11 13:49,16592.0
580661,12/5/11 13:52,17218.0
580662,12/5/11 13:58,15856.0
580663,12/5/11 14:01,15621.0
580664,12/5/11 14:03,15097.0
580665,12/5/11 14:06,16684.0
580666,12/5/11 14:06,15856.0
580667,12/5/11 14:19,15031.0
580668,12/5/11 14:23,13685.0
580669,12/5/11 14:25,15159.0
580670,12/5/11 14:26,18044.0
580671,12/5/11 14:26,15159.0
580672,12/5/11 14:29,17920.0
580673,12/5/11 14:30,13089.0
580674,12/5/11 14:31,
580675,12/5/11 14:35,15640.0
580676,12/5/11 14:39,17817.0
580677,12/5/11 14:40,16200.0
580678,12/5/11 14:49,18015.0
580679,12/5/11 14:49,18198.0
580680,12/5/11 14:51,13001.0
580681,12/5/11 15:01,13083.0
580682,12/5/11 15:02,16968.0
580683,12/5/11 15:10,
580684,12/5/11 15:15,13305.0
580685,12/5/11 15:16,17676.0
C580686,12/5/11 15:28,15984.0
580687,12/5/11 15:38,16379.0
580688,12/5/11 15:38,15550.0
580689,12/5/11 15:43,12994.0
580690,12/5/11 15:44,16597.0
580691,12/5/11 15:48,13790.0
580692,12/5/11 15:51,13173.0
580693,12/5/11 15:59,15690.0
580694,12/5/11 16:00,16600.0
580695,12/5/11 16:03,13230.0
580696,12/5/11 16:04,17757.0
580697,12/5/11 16:05,15984.0
C580698,12/5/11 16:12,17426.0
580699,12/5/11 16:14,
580700,12/5/11 16:23,14219.0
C580701,12/5/11 16:25,14793.0
580704,12/5/11 16:26,17404.0
C580702,12/5/11 16:26,17404.0
C580703,12/5/11 16:26,16705.0
580705,12/5/11 16:28,12683.0
580706,12/5/11 16:31,12683.0
C580707,12/5/11 16:32,12957.0
580709,12/5/11 16:33,
C580708,12/5/11 16:33,14546.0
C580710,12/5/11 16:34,14198.0
C580711,12/5/11 16:36,16057.0
580712,12/5/11 16:37,13021.0
580713,12/5/11 16:37,18030.0
C580714,12/5/11 16:39,12479.0
580715,12/5/11 16:45,
580716,12/5/11 16:48,12367.0
580717,12/5/11 16:52,14608.0
580718,12/5/11 16:53,13079.0
580719,12/5/11 16:54,14739.0
580720,12/5/11 16:55,14629.0
580721,12/5/11 16:57,15274.0
580722,12/5/11 17:06,13985.0
580723,12/5/11 17:09,15856.0
580724,12/5/11 17:09,
580725,12/5/11 17:13,15932.0
580727,12/5/11 17:17,14096.0
C580726,12/5/11 17:17,14096.0
580728,12/5/11 17:21,15145.0
580729,12/5/11 17:24,
580730,12/5/11 17:28,
580731,12/5/11 17:36,17383.0
580732,12/5/11 17:43,
580733,12/6/11 8:37,16929.0
580734,12/6/11 8:46,12766.0
580735,12/6/11 8:52,17728.0
580736,12/6/11 8:55,12716.0
580737,12/6/11 9:05,14140.0
580738,12/6/11 9:06,17666.0
580739,12/6/11 9:09,
C580740,12/6/11 9:25,12479.0
C580741,12/6/11 9:29,17659.0
580742,12/6/11 9:30,13694.0
580743,12/6/11 9:30,
580744,12/6/11 9:31,13694.0
580745,12/6/11 9:32,13694.0
580746,12/6/11 9:35,12584.0
C580747,12/6/11 9:46,17611.0
580748,12/6/11 9:48,
C580749,12/6/11 9:49,18167.0
580750,12/6/11 9:56,12749.0
580752,12/6/11 9:56,12478.0
C580751,12/6/11 9:56,12921.0
580753,12/6/11 10:00,12682.0
580754,12/6/11 10:05,
580755,12/6/11 10:16,14737.0
580756,12/6/11 10:19,12723.0
580757,12/6/11 10:27,13709.0
580758,12/6/11 10:28,13709.0
580759,12/6/11 10:30,17593.0
580760,12/6/11 10:30,12877.0
C580761,12/6/11 10:31,17528.0
C580762,12/6/11 10:32,14543.0
580763,12/6/11 10:36,16013.0
C580764,12/6/11 10:38,14562.0
580765,12/6/11 10:41,14562.0
C580766,12/6/11 10:46,14562.0
C580767,12/6/11 10:52,14655.0
C580768,12/6/11 10:54,13914.0
C580769,12/6/11 10:55,14869.0
C580770,12/6/11 10:56,13255.0
580771,12/6/11 10:58,16015.0
580772,12/6/11 11:00,15992.0
580774,12/6/11 11:05,13994.0
580775,12/6/11 11:05,16523.0
580776,12/6/11 11:05,14562.0
C580773,12/6/11 11:05,16523.0
580777,12/6/11 11:06,14547.0
580778,12/6/11 11:07,16949.0
C580805,12/6/11 11:23,16764.0
580808,12/6/11 11:24,16133.0
580816,12/6/11 11:28,15157.0
580819,12/6/11 11:30,15318.0
580820,12/6/11 11:32,13685.0
C580821,12/6/11 11:32,13098.0
580822,12/6/11 11:33,17884.0
C580826,12/6/11 11:37,17490.0
580830,12/6/11 11:38,14825.0
580831,12/6/11 11:39,14418.0
C580832,12/6/11 11:40,12753.0
580833,12/6/11 11:41,16764.0
580848,12/6/11 11:51,18005.0
580852,12/6/11 11:53,16790.0
580865,12/6/11 11:58,17914.0
580872,12/6/11 12:02,18283.0
580873,12/6/11 12:06,15061.0
580874,12/6/11 12:09,14735.0
580875,12/6/11 12:11,17744.0
580876,12/6/11 12:12,14071.0
580877,12/6/11 12:15,17250.0
580878,12/6/11 12:18,14113.0
580879,12/6/11 12:18,17346.0
580880,12/6/11 12:19,14121.0
580881,12/6/11 12:19,16620.0
580882,12/6/11 12:20,12971.0
580883,12/6/11 12:21,16979.0
580884,12/6/11 12:21,15907.0
580885,12/6/11 12:23,16353.0
C580886,12/6/11 12:25,15311.0
580887,12/6/11 12:26,13755.0
580888,12/6/11 12:26,14110.0
580889,12/6/11 12:27,14071.0
580890,12/6/11 12:28,15189.0
580891,12/6/11 12:28,17481.0
580892,12/6/11 12:30,13199.0
580893,12/6/11 12:38,17290.0
580894,12/6/11 12:41,13408.0
580901,12/6/11 12:45,16528.0
580902,12/6/11 12:50,13881.0
580903,12/6/11 12:56,14606.0
580904,12/6/11 12:59,15311.0
580905,12/6/11 13:02,16313.0
580906,12/6/11 13:10,13104.0
580907,12/6/11 13:13,13507.0
580908,12/6/11 13:20,16495.0
580909,12/6/11 13:27,18225.0
580910,12/6/11 13:29,13225.0
580911,12/6/11 13:30,14503.0
C580912,12/6/11 13:37,12989.0
C580913,12/6/11 13:41,17857.0
580914,12/6/11 13:42,14871.0
580915,12/6/11 13:45,17705.0
580916,12/6/11 13:45,13685.0
C580917,12/6/11 13:57,13362.0
C580918,12/6/11 14:01,16779.0
C580919,12/6/11 14:07,16571.0
580937,12/6/11 14:13,16143.0
580939,12/6/11 14:14,14907.0
C580954,12/6/11 14:19,12967.0
580955,12/6/11 14:22,12442.0
580956,12/6/11 14:23,17841.0
C580957,12/6/11 14:23,12839.0
580958,12/6/11 14:30,17266.0
580959,12/6/11 14:31,14673.0
580960,12/6/11 14:35,16016.0
580961,12/6/11 14:40,14572.0
580962,12/6/11 14:40,17119.0
580963,12/6/11 14:49,14868.0
580964,12/6/11 14:50,15822.0
580965,12/6/11 14:52,12417.0
C580966,12/6/11 14:52,16554.0
580967,12/6/11 14:56,14216.0
C580968,12/6/11 14:57,15622.0
580969,12/6/11 14:59,16076.0
C580970,12/6/11 15:01,15814.0
C580971,12/6/11 15:04,14298.0
580972,12/6/11 15:10,15194.0
580973,12/6/11 15:12,12820.0
580974,12/6/11 15:17,14293.0
580975,12/6/11 15:28,12989.0
580976,12/6/11 15:29,
580977,12/6/11 15:32,16569.0
580978,12/6/11 15:36,13078.0
580979,12/6/11 15:40,12362.0
580980,12/6/11 15:43,17730.0
580981,12/6/11 16:02,16201.0
580982,12/6/11 16:21,17861.0
580983,12/6/11 16:26,
580984,12/6/11 16:32,16711.0
580985,12/6/11 16:33,17389.0
580986,12/6/11 16:34,12650.0
580987,12/6/11 16:35,17389.0
580988,12/6/11 16:41,18154.0
C580989,12/6/11 16:42,12709.0
580990,12/6/11 16:54,
580991,12/6/11 16:55,
580992,12/6/11 17:04,14282.0
580993,12/6/11 17:12,13323.0
580996,12/6/11 17:18,14578.0
580997,12/6/11 17:23,15023.0
580998,12/6/11 17:26,16987.0
580999,12/6/11 17:49,17883.0
581000,12/7/11 8:03,12720.0
581001,12/7/11 8:07,12583.0
581002,12/7/11 8:21,14708.0
581003,12/7/11 8:38,14911.0
581004,12/7/11 8:41,16539.0
581005,12/7/11 8:45,12828.0
581006,12/7/11 8:45,14911.0
581007,12/7/11 8:55,12912.0
581008,12/7/11 9:02,13089.0
C581009,12/7/11 9:15,16971.0
581010,12/7/11 9:18,17503.0
581011,12/7/11 9:22,14397.0
C581012,12/7/11 9:24,13014.0
581013,12/7/11 9:32,17017.0
581014,12/7/11 9:34,16458.0
581015,12/7/11 9:35,13949.0
581016,12/7/11 9:53,14141.0
581017,12/7/11 10:06,14910.0
581018,12/7/11 10:09,13743.0
581019,12/7/11 10:11,14794.0
581020,12/7/11 10:12,17511.0
581021,12/7/11 10:24,14769.0
581022,12/7/11 10:25,12826.0
581023,12/7/11 10:35,
581027,12/7/11 10:43,17091.0
581034,12/7/11 10:48,17049.0
581057,12/7/11 11:03,16817.0
581058,12/7/11 11:06,15969.0
581059,12/7/11 11:12,13267.0
581064,12/7/11 11:16,13882.0
581068,12/7/11 11:26,16191.0
581074,12/7/11 11:27,15568.0
C581071,12/7/11 11:27,12375.0
581095,12/7/11 11:35,17238.0
581096,12/7/11 11:36,17412.0
581097,12/7/11 11:41,13685.0
581098,12/7/11 11:42,14911.0
581099,12/7/11 11:43,18219.0
C581100,12/7/11 11:44,14534.0
581101,12/7/11 11:48,17835.0
581102,12/7/11 11:57,
581103,12/7/11 11:58,
581104,12/7/11 12:11,13668.0
581105,12/7/11 12:14,16000.0
C581106,12/7/11 12:14,13668.0
581107,12/7/11 12:15,16000.0
581108,12/7/11 12:16,15984.0
581110,12/7/11 12:17,16000.0
581112,12/7/11 12:17,16678.0
581113,12/7/11 12:19,14534.0
581114,12/7/11 12:19,14527.0
581115,12/7/11 12:20,15195.0
581116,12/7/11 12:21,17232.0
C581117,12/7/11 12:24,16393.0
581118,12/7/11 12:26,15136.0
581119,12/7/11 12:26,15136.0
581120,12/7/11 12:26,17042.0
C581121,12/7/11 12:28,14087.0
581122,12/7/11 12:33,12839.0
581123,12/7/11 12:34,15750.0
C581124,12/7/11 12:38,13109.0
581125,12/7/11 12:41,14087.0
581126,12/7/11 12:43,18272.0
581127,12/7/11 12:45,16271.0
C581128,12/7/11 12:46,12785.0
581129,12/7/11 12:48,15498.0
581130,12/7/11 12:49,18237.0
581131,12/7/11 12:51,16393.0
581132,12/7/11 12:55,17590.0
581133,12/7/11 12:55,14904.0
581134,12/7/11 13:12,16368.0
581135,12/7/11 13:14,18092.0
581136,12/7/11 13:16,18273.0
581137,12/7/11 13:16,17434.0
581138,12/7/11 13:17,12950.0
581139,12/7/11 13:21,13798.0
581140,12/7/11 13:23,13870.0
581141,12/7/11 13:35,14132.0
581142,12/7/11 13:38,14204.0
581143,12/7/11 13:46,17490.0
581144,12/7/11 13:46,14085.0
C581145,12/7/11 13:48,17490.0
581146,12/7/11 13:53,17602.0
581147,12/7/11 14:01,16426.0
C581148,12/7/11 14:02,12462.0
581149,12/7/11 14:12,15471.0
581150,12/7/11 14:12,17266.0
C581162,12/7/11 14:32,14739.0
581163,12/7/11 14:34,12747.0
581164,12/7/11 14:34,14395.0
581165,12/7/11 14:39,15701.0
581166,12/7/11 14:43,15525.0
581167,12/7/11 14:52,13534.0
581168,12/7/11 14:52,16779.0
581169,12/7/11 14:54,16779.0
581170,12/7/11 15:00,13767.0
581171,12/7/11 15:02,12615.0
581172,12/7/11 15:07,16525.0
581173,12/7/11 15:07,17870.0
581174,12/7/11 15:08,13769.0
581175,12/7/11 15:16,14646.0
581176,12/7/11 15:19,14646.0
581177,12/7/11 15:23,14032.0
C581178,12/7/11 15:39,15525.0
581179,12/7/11 15:43,12471.0
581180,12/7/11 15:52,12347.0
581181,12/7/11 15:55,14189.0
581182,12/7/11 15:56,12783.0
581183,12/7/11 16:24,12569.0
581184,12/7/11 16:24,12569.0
581185,12/7/11 16:29,16672.0
581186,12/7/11 16:39,13756.0
581187,12/7/11 16:44,13756.0
581188,12/7/11 16:47,17735.0
581190,12/7/11 16:55,
581191,12/7/11 16:56,17449.0
581192,12/7/11 17:05,15883.0
581193,12/7/11 17:05,17097.0
581194,12/7/11 17:17,15298.0
581195,12/7/11 17:22,12935.0
581196,12/7/11 17:25,12935.0
581197,12/7/11 17:56,
581198,12/7/11 18:26,
581199,12/7/11 18:26,
581200,12/7/11 18:27,
581201,12/7/11 18:30,
581202,12/7/11 18:30,
581203,12/7/11 18:31,
581204,12/7/11 18:32,
581205,12/7/11 18:32,
581206,12/7/11 18:34,
581207,12/7/11 18:34,
581208,12/7/11 18:35,
581209,12/7/11 18:35,
581210,12/7/11 18:36,
581211,12/7/11 18:36,
581212,12/7/11 18:38,
581213,12/7/11 18:38,
581214,12/8/11 8:32,14251.0
581215,12/8/11 9:05,13408.0
581216,12/8/11 9:06,16523.0
581217,12/8/11 9:20,
581218,12/8/11 9:23,14191.0
581219,12/8/11 9:28,
581220,12/8/11 9:39,13924.0
581221,12/8/11 9:40,17856.0
581222,12/8/11 9:46,14520.0
581223,12/8/11 9:46,15237.0
581224,12/8/11 9:47,17631.0
581225,12/8/11 9:55,17677.0
581226,12/8/11 9:56,
581227,12/8/11 9:56,17677.0
C581228,12/8/11 10:06,16019.0
C581229,12/8/11 10:14,12558.0
581230,12/8/11 10:24,14291.0
581231,12/8/11 10:26,14291.0
581232,12/8/11 10:26,12358.0
581233,12/8/11 10:33,13436.0
581234,12/8/11 10:33,
C581235,12/8/11 10:34,15950.0
581236,12/8/11 10:39,13468.0
581237,12/8/11 10:40,15443.0
581238,12/8/11 10:53,
581241,12/8/11 10:58,15520.0
581246,12/8/11 10:59,15453.0
581251,12/8/11 11:02,18210.0
581252,12/8/11 11:02,14129.0
581253,12/8/11 11:15,16891.0
581256,12/8/11 11:21,
581266,12/8/11 11:25,12621.0
581279,12/8/11 11:35,12437.0
581281,12/8/11 11:36,18109.0
581285,12/8/11 11:36,13394.0
581291,12/8/11 11:38,14135.0
C581305,12/8/11 11:42,16933.0
581310,12/8/11 11:43,16442.0
C581316,12/8/11 11:46,12523.0
C581322,12/8/11 11:51,18223.0
581324,12/8/11 11:53,14217.0
581325,12/8/11 11:53,15877.0
C581323,12/8/11 11:53,14442.0
581327,12/8/11 11:56,15187.0
C581330,12/8/11 11:57,15877.0
581333,12/8/11 12:05,15159.0
581334,12/8/11 12:07,17841.0
581335,12/8/11 12:07,15214.0
581336,12/8/11 12:10,16161.0
581338,12/8/11 12:12,14646.0
581345,12/8/11 12:15,17315.0
581352,12/8/11 12:26,14698.0
581356,12/8/11 12:28,17830.0
581357,12/8/11 12:29,13314.0
581358,12/8/11 12:30,17436.0
581361,12/8/11 12:31,17522.0
581375,12/8/11 12:36,16210.0
581376,12/8/11 12:43,14719.0
581377,12/8/11 12:44,14138.0
581378,12/8/11 12:50,17673.0
581379,12/8/11 12:50,13954.0
581380,12/8/11 12:52,13102.0
581381,12/8/11 12:54,16933.0
581382,12/8/11 12:57,13860.0
581383,12/8/11 13:04,15399.0
C581384,12/8/11 13:06,17673.0
581385,12/8/11 13:11,13298.0
C581390,12/8/11 13:13,13081.0
C581393,12/8/11 13:14,16892.0
581394,12/8/11 13:15,16892.0
581395,12/8/11 13:18,16892.0
581396,12/8/11 13:22,15189.0
581397,12/8/11 13:25,17668.0
581398,12/8/11 13:26,17243.0
581399,12/8/11 13:27,17528.0
581400,12/8/11 13:36,14056.0
581401,12/8/11 13:43,17644.0
581402,12/8/11 13:45,14653.0
581403,12/8/11 13:46,13510.0
581404,12/8/11 13:47,13680.0
581405,12/8/11 13:50,13521.0
581406,12/8/11 13:58,
581407,12/8/11 13:59,13263.0
581408,12/8/11 14:06,
C581409,12/8/11 14:08,12476.0
581410,12/8/11 14:14,13098.0
581411,12/8/11 14:15,17554.0
581412,12/8/11 14:38,14415.0
581413,12/8/11 14:39,16833.0
581414,12/8/11 14:39,14730.0
581415,12/8/11 14:53,13269.0
581416,12/8/11 14:58,14569.0
581417,12/8/11 15:01,13013.0
581418,12/8/11 15:02,17451.0
581419,12/8/11 15:03,15484.0
581420,12/8/11 15:09,16358.0
581421,12/8/11 15:23,15898.0
581422,12/8/11 15:24,
581423,12/8/11 15:24,16688.0
581424,12/8/11 15:29,13890.0
581425,12/8/11 15:31,14796.0
581426,12/8/11 15:31,17757.0
581427,12/8/11 15:36,13890.0
581428,12/8/11 15:37,13404.0
581429,12/8/11 15:41,16322.0
581430,12/8/11 15:44,13471.0
581431,12/8/11 15:49,
581432,12/8/11 15:51,13798.0
581433,12/8/11 15:54,14911.0
581434,12/8/11 16:10,13599.0
581435,12/8/11 16:14,
581436,12/8/11 16:18,17491.0
581437,12/8/11 16:22,14621.0
581438,12/8/11 16:29,12955.0
581439,12/8/11 16:30,
581442,12/8/11 16:38,13536.0
581443,12/8/11 16:58,13026.0
581445,12/8/11 17:12,17405.0
581448,12/8/11 17:24,15208.0
581449,12/8/11 17:37,12748.0
581450,12/8/11 17:54,16794.0
581451,12/8/11 17:57,17144.0
581452,12/8/11 18:03,17675.0
581453,12/8/11 18:15,16401.0
581454,12/8/11 18:22,15156.0
581455,12/8/11 18:25,18102.0
581456,12/8/11 18:42,17530.0
581457,12/8/11 18:43,18102.0
581458,12/8/11 18:45,17949.0
581459,12/8/11 18:46,17949.0
C581460,12/8/11 18:48,13078.0
581461,12/8/11 18:51,13318.0
C581462,12/8/11 18:51,12985.0
C581463,12/8/11 18:56,17526.0
C581464,12/8/11 18:57,15951.0
C581465,12/8/11 18:59,15755.0
C581466,12/8/11 19:20,13883.0
581467,12/8/11 19:24,13077.0
C581468,12/8/11 19:26,13599.0
581469,12/8/11 19:28,14606.0
C581470,12/8/11 19:28,17924.0
581471,12/8/11 19:29,14702.0
581472,12/8/11 19:55,15796.0
581473,12/8/11 19:57,12748.0
581474,12/8/11 20:01,12748.0
581475,12/9/11 8:39,13069.0
581476,12/9/11 8:48,12433.0
581477,12/9/11 8:59,13426.0
581478,12/9/11 8:59,17364.0
581479,12/9/11 9:00,17364.0
581480,12/9/11 9:07,14441.0
581481,12/9/11 9:07,17490.0
581482,12/9/11 9:08,17490.0
581483,12/9/11 9:15,16446.0
C581484,12/9/11 9:27,16446.0
581485,12/9/11 9:38,17389.0
581486,12/9/11 9:38,17001.0
581487,12/9/11 9:44,15694.0
581488,12/9/11 9:45,17428.0
581489,12/9/11 9:46,16954.0
C581490,12/9/11 9:57,14397.0
581491,12/9/11 10:02,12433.0
581492,12/9/11 10:03,
581493,12/9/11 10:10,12423.0
581494,12/9/11 10:13,12518.0
581495,12/9/11 10:20,14051.0
581496,12/9/11 10:20,16558.0
581497,12/9/11 10:23,
581498,12/9/11 10:26,
C581499,12/9/11 10:28,15498.0
581500,12/9/11 10:45,15344.0
581501,12/9/11 10:46,12985.0
581502,12/9/11 10:51,15910.0
581514,12/9/11 11:20,17754.0
581516,12/9/11 11:26,14422.0
581538,12/9/11 11:34,14446.0
581566,12/9/11 11:50,18102.0
581567,12/9/11 11:56,16626.0
C581568,12/9/11 11:57,15311.0
C581569,12/9/11 11:58,17315.0
581570,12/9/11 11:59,12662.0
581571,12/9/11 12:00,15311.0
581572,12/9/11 12:08,16705.0
581574,12/9/11 12:09,12526.0
581578,12/9/11 12:16,12713.0
581579,12/9/11 12:19,17581.0
581580,12/9/11 12:20,12748.0
581581,12/9/11 12:20,17581.0
581582,12/9/11 12:21,17581.0
581583,12/9/11 12:23,13777.0
581584,12/9/11 12:25,13777.0
581585,12/9/11 12:31,15804.0
581586,12/9/11 12:49,13113.0
581587,12/9/11 12:50,12680.0
